2025-07-13T14:23:42.502-03:00  INFO 27380 --- [MindCash] [main] b.c.m.financial.FinancialApplication     : Starting FinancialApplication using Java 17.0.8 with PID 27380 (C:\Users\DIOGO\OneDrive\Desktop\Development\REPOSITORIES\PROJECTS\JAVA\mind-cash\financial-management\target\classes started by DIOGO in C:\Users\DIOGO\OneDrive\Desktop\Development\REPOSITORIES\PROJECTS\JAVA\mind-cash)
2025-07-13T14:23:42.507-03:00  INFO 27380 --- [MindCash] [main] b.c.m.financial.FinancialApplication     : No active profile set, falling back to 1 default profile: "default"
2025-07-13T14:23:43.070-03:00  INFO 27380 --- [MindCash] [main] .s.d.r.c.RepositoryConfigurationDelegate : Multiple Spring Data modules found, entering strict repository configuration mode
2025-07-13T14:23:43.071-03:00  INFO 27380 --- [MindCash] [main] .s.d.r.c.RepositoryConfigurationDelegate : Bootstrapping Spring Data JDBC repositories in DEFAULT mode.
2025-07-13T14:23:43.089-03:00  INFO 27380 --- [MindCash] [main] .s.d.r.c.RepositoryConfigurationDelegate : Finished Spring Data repository scanning in 13 ms. Found 0 JDBC repository interfaces.
2025-07-13T14:23:43.098-03:00  INFO 27380 --- [MindCash] [main] .s.d.r.c.RepositoryConfigurationDelegate : Multiple Spring Data modules found, entering strict repository configuration mode
2025-07-13T14:23:43.098-03:00  INFO 27380 --- [MindCash] [main] .s.d.r.c.RepositoryConfigurationDelegate : Bootstrapping Spring Data JPA repositories in DEFAULT mode.
2025-07-13T14:23:43.105-03:00  INFO 27380 --- [MindCash] [main] .s.d.r.c.RepositoryConfigurationDelegate : Finished Spring Data repository scanning in 4 ms. Found 0 JPA repository interfaces.
2025-07-13T14:23:43.541-03:00  INFO 27380 --- [MindCash] [main] o.s.b.w.embedded.tomcat.TomcatWebServer  : Tomcat initialized with port 8085 (http)
2025-07-13T14:23:43.552-03:00  INFO 27380 --- [MindCash] [main] o.apache.catalina.core.StandardService   : Starting service [Tomcat]
2025-07-13T14:23:43.553-03:00  INFO 27380 --- [MindCash] [main] o.apache.catalina.core.StandardEngine    : Starting Servlet engine: [Apache Tomcat/10.1.31]
2025-07-13T14:23:43.612-03:00  INFO 27380 --- [MindCash] [main] o.a.c.c.C.[Tomcat].[localhost].[/]       : Initializing Spring embedded WebApplicationContext
2025-07-13T14:23:43.613-03:00  INFO 27380 --- [MindCash] [main] w.s.c.ServletWebServerApplicationContext : Root WebApplicationContext: initialization completed in 1058 ms
2025-07-13T14:23:44.003-03:00  INFO 27380 --- [MindCash] [main] com.zaxxer.hikari.HikariDataSource       : HikariPool-1 - Starting...
2025-07-13T14:23:44.242-03:00  INFO 27380 --- [MindCash] [main] com.zaxxer.hikari.pool.HikariPool        : HikariPool-1 - Added connection com.mysql.cj.jdbc.ConnectionImpl@f882465
2025-07-13T14:23:44.243-03:00  INFO 27380 --- [MindCash] [main] com.zaxxer.hikari.HikariDataSource       : HikariPool-1 - Start completed.
2025-07-13T14:23:44.279-03:00  INFO 27380 --- [MindCash] [main] org.flywaydb.core.FlywayExecutor         : Database: jdbc:mysql://localhost:3306/mindcash-mysql (MySQL 8.1)
2025-07-13T14:23:44.317-03:00  INFO 27380 --- [MindCash] [main] o.f.c.i.s.JdbcTableSchemaHistory         : Schema history table `mindcash-mysql`.`flyway_schema_history` does not exist yet
2025-07-13T14:23:44.319-03:00  INFO 27380 --- [MindCash] [main] o.f.core.internal.command.DbValidate     : Successfully validated 0 migrations (execution time 00:00.010s)
2025-07-13T14:23:44.320-03:00  WARN 27380 --- [MindCash] [main] o.f.core.internal.command.DbValidate     : No migrations found. Are your locations set up correctly?
2025-07-13T14:23:44.338-03:00  INFO 27380 --- [MindCash] [main] o.f.c.i.s.JdbcTableSchemaHistory         : Creating Schema History table `mindcash-mysql`.`flyway_schema_history` ...
2025-07-13T14:23:44.424-03:00  INFO 27380 --- [MindCash] [main] o.f.core.internal.command.DbMigrate      : Current version of schema `mindcash-mysql`: << Empty Schema >>
2025-07-13T14:23:44.428-03:00  INFO 27380 --- [MindCash] [main] o.f.core.internal.command.DbMigrate      : Schema `mindcash-mysql` is up to date. No migration necessary.
2025-07-13T14:23:44.625-03:00  INFO 27380 --- [MindCash] [main] o.hibernate.jpa.internal.util.LogHelper  : HHH000204: Processing PersistenceUnitInfo [name: default]
2025-07-13T14:23:44.806-03:00  INFO 27380 --- [MindCash] [main] org.hibernate.Version                    : HHH000412: Hibernate ORM core version 6.5.3.Final
2025-07-13T14:23:44.842-03:00  INFO 27380 --- [MindCash] [main] o.h.c.internal.RegionFactoryInitiator    : HHH000026: Second-level cache disabled
2025-07-13T14:23:45.112-03:00  INFO 27380 --- [MindCash] [main] o.s.o.j.p.SpringPersistenceUnitInfo      : No LoadTimeWeaver setup: ignoring JPA class transformer
2025-07-13T14:23:45.380-03:00  INFO 27380 --- [MindCash] [main] o.h.e.t.j.p.i.JtaPlatformInitiator       : HHH000489: No JTA platform available (set 'hibernate.transaction.jta.platform' to enable JTA platform integration)
2025-07-13T14:23:45.384-03:00  INFO 27380 --- [MindCash] [main] j.LocalContainerEntityManagerFactoryBean : Initialized JPA EntityManagerFactory for persistence unit 'default'
2025-07-13T14:23:46.147-03:00  INFO 27380 --- [MindCash] [main] o.s.b.w.embedded.tomcat.TomcatWebServer  : Tomcat started on port 8085 (http) with context path '/'
2025-07-13T14:23:46.158-03:00  INFO 27380 --- [MindCash] [main] b.c.m.financial.FinancialApplication     : Started FinancialApplication in 4.115 seconds (process running for 4.506)
2025-07-13T14:25:09.090-03:00  INFO 27380 --- [MindCash] [SpringApplicationShutdownHook] j.LocalContainerEntityManagerFactoryBean : Closing JPA EntityManagerFactory for persistence unit 'default'
2025-07-13T14:25:09.091-03:00  INFO 27380 --- [MindCash] [SpringApplicationShutdownHook] com.zaxxer.hikari.HikariDataSource       : HikariPool-1 - Shutdown initiated...
2025-07-13T14:25:09.102-03:00  INFO 27380 --- [MindCash] [SpringApplicationShutdownHook] com.zaxxer.hikari.HikariDataSource       : HikariPool-1 - Shutdown completed.
2025-12-28T15:47:40.658-03:00  INFO 1452 --- [MindCash] [main] b.c.m.financial.FinancialApplication     : Starting FinancialApplication using Java 21.0.8 with PID 1452 (C:\Users\DIOGO\OneDrive\Desktop\Sandbox\Projetos\Backend\Java\mind-cash-be\financial-account\target\classes started by DIOGO in C:\Users\DIOGO\OneDrive\Desktop\Sandbox\Projetos\Backend\Java\mind-cash-be)
2025-12-28T15:47:40.660-03:00  INFO 1452 --- [MindCash] [main] b.c.m.financial.FinancialApplication     : No active profile set, falling back to 1 default profile: "default"
2025-12-28T15:47:41.178-03:00  INFO 1452 --- [MindCash] [main] f.a.AutowiredAnnotationBeanPostProcessor : Inconsistent constructor declaration on bean with name 'adapter': single autowire-marked constructor flagged as optional - this constructor is effectively required since there is no default constructor to fall back to: public br.com.mindcash.financial.driven.account.Adapter(org.springframework.r2dbc.core.DatabaseClient)
2025-12-28T15:47:41.557-03:00  INFO 1452 --- [MindCash] [main] o.s.boot.reactor.netty.NettyWebServer    : Netty started on port 8085 (http)
2025-12-28T15:47:41.560-03:00  INFO 1452 --- [MindCash] [main] b.c.m.financial.FinancialApplication     : Started FinancialApplication in 1.272 seconds (process running for 1.843)
2025-12-28T15:47:46.663-03:00  INFO 1452 --- [MindCash] [SpringApplicationShutdownHook] o.s.boot.reactor.netty.GracefulShutdown  : Commencing graceful shutdown. Waiting for active requests to complete
2025-12-28T15:47:46.665-03:00  INFO 1452 --- [MindCash] [netty-shutdown] o.s.boot.reactor.netty.GracefulShutdown  : Graceful shutdown complete
2025-12-28T17:22:45.656-03:00  INFO 5644 --- [MindCash] [main] b.c.m.financial.FinancialApplication     : Starting FinancialApplication using Java 21.0.8 with PID 5644 (C:\Users\DIOGO\OneDrive\Desktop\Sandbox\Projetos\Backend\Java\mind-cash-be\financial-account\target\classes started by DIOGO in C:\Users\DIOGO\OneDrive\Desktop\Sandbox\Projetos\Backend\Java\mind-cash-be)
2025-12-28T17:22:45.658-03:00  INFO 5644 --- [MindCash] [main] b.c.m.financial.FinancialApplication     : No active profile set, falling back to 1 default profile: "default"
2025-12-28T17:22:46.115-03:00  INFO 5644 --- [MindCash] [main] f.a.AutowiredAnnotationBeanPostProcessor : Inconsistent constructor declaration on bean with name 'adapter': single autowire-marked constructor flagged as optional - this constructor is effectively required since there is no default constructor to fall back to: public br.com.mindcash.financial.driven.account.Adapter(org.springframework.r2dbc.core.DatabaseClient,java.util.logging.Logger,org.springframework.transaction.reactive.TransactionalOperator)
2025-12-28T17:22:46.117-03:00  WARN 5644 --- [MindCash] [main] onfigReactiveWebServerApplicationContext : Exception encountered during context initialization - cancelling refresh attempt: org.springframework.beans.factory.UnsatisfiedDependencyException: Error creating bean with name 'registerExpenseHandler' defined in file [C:\Users\DIOGO\OneDrive\Desktop\Sandbox\Projetos\Backend\Java\mind-cash-be\financial-account\target\classes\br\com\mindcash\financial\application\handlers\RegisterExpenseHandler.class]: Unsatisfied dependency expressed through constructor parameter 0: Error creating bean with name 'adapter' defined in file [C:\Users\DIOGO\OneDrive\Desktop\Sandbox\Projetos\Backend\Java\mind-cash-be\financial-account\target\classes\br\com\mindcash\financial\driven\account\Adapter.class]: Unsatisfied dependency expressed through constructor parameter 0: No qualifying bean of type 'org.springframework.r2dbc.core.DatabaseClient' available: expected at least 1 bean which qualifies as autowire candidate. Dependency annotations: {}
2025-12-28T17:22:46.120-03:00  INFO 5644 --- [MindCash] [main] .s.b.a.l.ConditionEvaluationReportLogger : 

Error starting ApplicationContext. To display the condition evaluation report re-run your application with 'debug' enabled.
2025-12-28T17:22:46.129-03:00 ERROR 5644 --- [MindCash] [main] o.s.b.d.LoggingFailureAnalysisReporter   : 

***************************
APPLICATION FAILED TO START
***************************

Description:

Parameter 0 of constructor in br.com.mindcash.financial.driven.account.Adapter required a bean of type 'org.springframework.r2dbc.core.DatabaseClient' that could not be found.


Action:

Consider defining a bean of type 'org.springframework.r2dbc.core.DatabaseClient' in your configuration.

2025-12-28T17:25:27.727-03:00  INFO 28796 --- [MindCash] [main] b.c.m.financial.FinancialApplication     : Starting FinancialApplication using Java 21.0.8 with PID 28796 (C:\Users\DIOGO\OneDrive\Desktop\Sandbox\Projetos\Backend\Java\mind-cash-be\financial-account\target\classes started by DIOGO in C:\Users\DIOGO\OneDrive\Desktop\Sandbox\Projetos\Backend\Java\mind-cash-be)
2025-12-28T17:25:27.729-03:00  INFO 28796 --- [MindCash] [main] b.c.m.financial.FinancialApplication     : No active profile set, falling back to 1 default profile: "default"
2025-12-28T17:25:28.226-03:00  INFO 28796 --- [MindCash] [main] f.a.AutowiredAnnotationBeanPostProcessor : Inconsistent constructor declaration on bean with name 'adapter': single autowire-marked constructor flagged as optional - this constructor is effectively required since there is no default constructor to fall back to: public br.com.mindcash.financial.driven.account.Adapter(org.springframework.r2dbc.core.DatabaseClient,java.util.logging.Logger,org.springframework.transaction.reactive.TransactionalOperator)
2025-12-28T17:25:28.229-03:00  WARN 28796 --- [MindCash] [main] onfigReactiveWebServerApplicationContext : Exception encountered during context initialization - cancelling refresh attempt: org.springframework.beans.factory.UnsatisfiedDependencyException: Error creating bean with name 'registerExpenseHandler' defined in file [C:\Users\DIOGO\OneDrive\Desktop\Sandbox\Projetos\Backend\Java\mind-cash-be\financial-account\target\classes\br\com\mindcash\financial\application\handlers\RegisterExpenseHandler.class]: Unsatisfied dependency expressed through constructor parameter 0: Error creating bean with name 'adapter' defined in file [C:\Users\DIOGO\OneDrive\Desktop\Sandbox\Projetos\Backend\Java\mind-cash-be\financial-account\target\classes\br\com\mindcash\financial\driven\account\Adapter.class]: Unsatisfied dependency expressed through constructor parameter 0: Error creating bean with name 'databaseClient' defined in class path resource [br/com/mindcash/financial/driven/account/DatabaseConfig.class]: Unsatisfied dependency expressed through method 'databaseClient' parameter 0: No qualifying bean of type 'io.r2dbc.spi.ConnectionFactory' available: expected at least 1 bean which qualifies as autowire candidate. Dependency annotations: {}
2025-12-28T17:25:28.233-03:00  INFO 28796 --- [MindCash] [main] .s.b.a.l.ConditionEvaluationReportLogger : 

Error starting ApplicationContext. To display the condition evaluation report re-run your application with 'debug' enabled.
2025-12-28T17:25:28.241-03:00 ERROR 28796 --- [MindCash] [main] o.s.b.d.LoggingFailureAnalysisReporter   : 

***************************
APPLICATION FAILED TO START
***************************

Description:

Parameter 0 of method databaseClient in br.com.mindcash.financial.driven.account.DatabaseConfig required a bean of type 'io.r2dbc.spi.ConnectionFactory' that could not be found.


Action:

Consider defining a bean of type 'io.r2dbc.spi.ConnectionFactory' in your configuration.

2025-12-28T17:26:04.358-03:00  INFO 32328 --- [MindCash] [main] b.c.m.financial.FinancialApplication     : Starting FinancialApplication using Java 21.0.8 with PID 32328 (C:\Users\DIOGO\OneDrive\Desktop\Sandbox\Projetos\Backend\Java\mind-cash-be\financial-account\target\classes started by DIOGO in C:\Users\DIOGO\OneDrive\Desktop\Sandbox\Projetos\Backend\Java\mind-cash-be)
2025-12-28T17:26:04.360-03:00  INFO 32328 --- [MindCash] [main] b.c.m.financial.FinancialApplication     : No active profile set, falling back to 1 default profile: "default"
2025-12-28T17:26:04.844-03:00  INFO 32328 --- [MindCash] [main] f.a.AutowiredAnnotationBeanPostProcessor : Inconsistent constructor declaration on bean with name 'adapter': single autowire-marked constructor flagged as optional - this constructor is effectively required since there is no default constructor to fall back to: public br.com.mindcash.financial.driven.account.Adapter(org.springframework.r2dbc.core.DatabaseClient,java.util.logging.Logger,org.springframework.transaction.reactive.TransactionalOperator)
2025-12-28T17:26:04.846-03:00  WARN 32328 --- [MindCash] [main] onfigReactiveWebServerApplicationContext : Exception encountered during context initialization - cancelling refresh attempt: org.springframework.beans.factory.UnsatisfiedDependencyException: Error creating bean with name 'registerExpenseHandler' defined in file [C:\Users\DIOGO\OneDrive\Desktop\Sandbox\Projetos\Backend\Java\mind-cash-be\financial-account\target\classes\br\com\mindcash\financial\application\handlers\RegisterExpenseHandler.class]: Unsatisfied dependency expressed through constructor parameter 0: Error creating bean with name 'adapter' defined in file [C:\Users\DIOGO\OneDrive\Desktop\Sandbox\Projetos\Backend\Java\mind-cash-be\financial-account\target\classes\br\com\mindcash\financial\driven\account\Adapter.class]: Unsatisfied dependency expressed through constructor parameter 0: Error creating bean with name 'databaseClient' defined in class path resource [br/com/mindcash/financial/driven/account/DatabaseConfig.class]: Unsatisfied dependency expressed through method 'databaseClient' parameter 0: Error creating bean with name 'connectionFactory' defined in class path resource [br/com/mindcash/financial/driven/account/DatabaseConfig.class]: Unexpected exception during bean creation
2025-12-28T17:26:04.849-03:00  INFO 32328 --- [MindCash] [main] .s.b.a.l.ConditionEvaluationReportLogger : 

Error starting ApplicationContext. To display the condition evaluation report re-run your application with 'debug' enabled.
2025-12-28T17:26:04.857-03:00 ERROR 32328 --- [MindCash] [main] o.s.boot.SpringApplication               : Application run failed

org.springframework.beans.factory.UnsatisfiedDependencyException: Error creating bean with name 'registerExpenseHandler' defined in file [C:\Users\DIOGO\OneDrive\Desktop\Sandbox\Projetos\Backend\Java\mind-cash-be\financial-account\target\classes\br\com\mindcash\financial\application\handlers\RegisterExpenseHandler.class]: Unsatisfied dependency expressed through constructor parameter 0: Error creating bean with name 'adapter' defined in file [C:\Users\DIOGO\OneDrive\Desktop\Sandbox\Projetos\Backend\Java\mind-cash-be\financial-account\target\classes\br\com\mindcash\financial\driven\account\Adapter.class]: Unsatisfied dependency expressed through constructor parameter 0: Error creating bean with name 'databaseClient' defined in class path resource [br/com/mindcash/financial/driven/account/DatabaseConfig.class]: Unsatisfied dependency expressed through method 'databaseClient' parameter 0: Error creating bean with name 'connectionFactory' defined in class path resource [br/com/mindcash/financial/driven/account/DatabaseConfig.class]: Unexpected exception during bean creation
	at org.springframework.beans.factory.support.ConstructorResolver.createArgumentArray(ConstructorResolver.java:804) ~[spring-beans-7.0.2.jar:7.0.2]
	at org.springframework.beans.factory.support.ConstructorResolver.autowireConstructor(ConstructorResolver.java:240) ~[spring-beans-7.0.2.jar:7.0.2]
	at org.springframework.beans.factory.support.AbstractAutowireCapableBeanFactory.autowireConstructor(AbstractAutowireCapableBeanFactory.java:1382) ~[spring-beans-7.0.2.jar:7.0.2]
	at org.springframework.beans.factory.support.AbstractAutowireCapableBeanFactory.createBeanInstance(AbstractAutowireCapableBeanFactory.java:1221) ~[spring-beans-7.0.2.jar:7.0.2]
	at org.springframework.beans.factory.support.AbstractAutowireCapableBeanFactory.doCreateBean(AbstractAutowireCapableBeanFactory.java:565) ~[spring-beans-7.0.2.jar:7.0.2]
	at org.springframework.beans.factory.support.AbstractAutowireCapableBeanFactory.createBean(AbstractAutowireCapableBeanFactory.java:525) ~[spring-beans-7.0.2.jar:7.0.2]
	at org.springframework.beans.factory.support.AbstractBeanFactory.lambda$doGetBean$0(AbstractBeanFactory.java:333) ~[spring-beans-7.0.2.jar:7.0.2]
	at org.springframework.beans.factory.support.DefaultSingletonBeanRegistry.getSingleton(DefaultSingletonBeanRegistry.java:371) ~[spring-beans-7.0.2.jar:7.0.2]
	at org.springframework.beans.factory.support.AbstractBeanFactory.doGetBean(AbstractBeanFactory.java:331) ~[spring-beans-7.0.2.jar:7.0.2]
	at org.springframework.beans.factory.support.AbstractBeanFactory.getBean(AbstractBeanFactory.java:196) ~[spring-beans-7.0.2.jar:7.0.2]
	at org.springframework.beans.factory.support.DefaultListableBeanFactory.instantiateSingleton(DefaultListableBeanFactory.java:1218) ~[spring-beans-7.0.2.jar:7.0.2]
	at org.springframework.beans.factory.support.DefaultListableBeanFactory.preInstantiateSingleton(DefaultListableBeanFactory.java:1184) ~[spring-beans-7.0.2.jar:7.0.2]
	at org.springframework.beans.factory.support.DefaultListableBeanFactory.preInstantiateSingletons(DefaultListableBeanFactory.java:1121) ~[spring-beans-7.0.2.jar:7.0.2]
	at org.springframework.context.support.AbstractApplicationContext.finishBeanFactoryInitialization(AbstractApplicationContext.java:993) ~[spring-context-7.0.2.jar:7.0.2]
	at org.springframework.context.support.AbstractApplicationContext.refresh(AbstractApplicationContext.java:620) ~[spring-context-7.0.2.jar:7.0.2]
	at org.springframework.boot.web.server.reactive.context.ReactiveWebServerApplicationContext.refresh(ReactiveWebServerApplicationContext.java:69) ~[spring-boot-web-server-4.0.1.jar:4.0.1]
	at org.springframework.boot.SpringApplication.refresh(SpringApplication.java:756) ~[spring-boot-4.0.1.jar:4.0.1]
	at org.springframework.boot.SpringApplication.refreshContext(SpringApplication.java:445) ~[spring-boot-4.0.1.jar:4.0.1]
	at org.springframework.boot.SpringApplication.run(SpringApplication.java:321) ~[spring-boot-4.0.1.jar:4.0.1]
	at org.springframework.boot.SpringApplication.run(SpringApplication.java:1365) ~[spring-boot-4.0.1.jar:4.0.1]
	at org.springframework.boot.SpringApplication.run(SpringApplication.java:1354) ~[spring-boot-4.0.1.jar:4.0.1]
	at br.com.mindcash.financial.FinancialApplication.main(FinancialApplication.java:10) ~[classes/:na]
Caused by: org.springframework.beans.factory.UnsatisfiedDependencyException: Error creating bean with name 'adapter' defined in file [C:\Users\DIOGO\OneDrive\Desktop\Sandbox\Projetos\Backend\Java\mind-cash-be\financial-account\target\classes\br\com\mindcash\financial\driven\account\Adapter.class]: Unsatisfied dependency expressed through constructor parameter 0: Error creating bean with name 'databaseClient' defined in class path resource [br/com/mindcash/financial/driven/account/DatabaseConfig.class]: Unsatisfied dependency expressed through method 'databaseClient' parameter 0: Error creating bean with name 'connectionFactory' defined in class path resource [br/com/mindcash/financial/driven/account/DatabaseConfig.class]: Unexpected exception during bean creation
	at org.springframework.beans.factory.support.ConstructorResolver.createArgumentArray(ConstructorResolver.java:804) ~[spring-beans-7.0.2.jar:7.0.2]
	at org.springframework.beans.factory.support.ConstructorResolver.autowireConstructor(ConstructorResolver.java:240) ~[spring-beans-7.0.2.jar:7.0.2]
	at org.springframework.beans.factory.support.AbstractAutowireCapableBeanFactory.autowireConstructor(AbstractAutowireCapableBeanFactory.java:1382) ~[spring-beans-7.0.2.jar:7.0.2]
	at org.springframework.beans.factory.support.AbstractAutowireCapableBeanFactory.createBeanInstance(AbstractAutowireCapableBeanFactory.java:1221) ~[spring-beans-7.0.2.jar:7.0.2]
	at org.springframework.beans.factory.support.AbstractAutowireCapableBeanFactory.doCreateBean(AbstractAutowireCapableBeanFactory.java:565) ~[spring-beans-7.0.2.jar:7.0.2]
	at org.springframework.beans.factory.support.AbstractAutowireCapableBeanFactory.createBean(AbstractAutowireCapableBeanFactory.java:525) ~[spring-beans-7.0.2.jar:7.0.2]
	at org.springframework.beans.factory.support.AbstractBeanFactory.lambda$doGetBean$0(AbstractBeanFactory.java:333) ~[spring-beans-7.0.2.jar:7.0.2]
	at org.springframework.beans.factory.support.DefaultSingletonBeanRegistry.getSingleton(DefaultSingletonBeanRegistry.java:371) ~[spring-beans-7.0.2.jar:7.0.2]
	at org.springframework.beans.factory.support.AbstractBeanFactory.doGetBean(AbstractBeanFactory.java:331) ~[spring-beans-7.0.2.jar:7.0.2]
	at org.springframework.beans.factory.support.AbstractBeanFactory.getBean(AbstractBeanFactory.java:201) ~[spring-beans-7.0.2.jar:7.0.2]
	at org.springframework.beans.factory.config.DependencyDescriptor.resolveCandidate(DependencyDescriptor.java:229) ~[spring-beans-7.0.2.jar:7.0.2]
	at org.springframework.beans.factory.support.DefaultListableBeanFactory.doResolveDependency(DefaultListableBeanFactory.java:1762) ~[spring-beans-7.0.2.jar:7.0.2]
	at org.springframework.beans.factory.support.DefaultListableBeanFactory.resolveDependency(DefaultListableBeanFactory.java:1651) ~[spring-beans-7.0.2.jar:7.0.2]
	at org.springframework.beans.factory.support.ConstructorResolver.resolveAutowiredArgument(ConstructorResolver.java:912) ~[spring-beans-7.0.2.jar:7.0.2]
	at org.springframework.beans.factory.support.ConstructorResolver.createArgumentArray(ConstructorResolver.java:791) ~[spring-beans-7.0.2.jar:7.0.2]
	... 21 common frames omitted
Caused by: org.springframework.beans.factory.UnsatisfiedDependencyException: Error creating bean with name 'databaseClient' defined in class path resource [br/com/mindcash/financial/driven/account/DatabaseConfig.class]: Unsatisfied dependency expressed through method 'databaseClient' parameter 0: Error creating bean with name 'connectionFactory' defined in class path resource [br/com/mindcash/financial/driven/account/DatabaseConfig.class]: Unexpected exception during bean creation
	at org.springframework.beans.factory.support.ConstructorResolver.createArgumentArray(ConstructorResolver.java:804) ~[spring-beans-7.0.2.jar:7.0.2]
	at org.springframework.beans.factory.support.ConstructorResolver.instantiateUsingFactoryMethod(ConstructorResolver.java:546) ~[spring-beans-7.0.2.jar:7.0.2]
	at org.springframework.beans.factory.support.AbstractAutowireCapableBeanFactory.instantiateUsingFactoryMethod(AbstractAutowireCapableBeanFactory.java:1362) ~[spring-beans-7.0.2.jar:7.0.2]
	at org.springframework.beans.factory.support.AbstractAutowireCapableBeanFactory.createBeanInstance(AbstractAutowireCapableBeanFactory.java:1194) ~[spring-beans-7.0.2.jar:7.0.2]
	at org.springframework.beans.factory.support.AbstractAutowireCapableBeanFactory.doCreateBean(AbstractAutowireCapableBeanFactory.java:565) ~[spring-beans-7.0.2.jar:7.0.2]
	at org.springframework.beans.factory.support.AbstractAutowireCapableBeanFactory.createBean(AbstractAutowireCapableBeanFactory.java:525) ~[spring-beans-7.0.2.jar:7.0.2]
	at org.springframework.beans.factory.support.AbstractBeanFactory.lambda$doGetBean$0(AbstractBeanFactory.java:333) ~[spring-beans-7.0.2.jar:7.0.2]
	at org.springframework.beans.factory.support.DefaultSingletonBeanRegistry.getSingleton(DefaultSingletonBeanRegistry.java:371) ~[spring-beans-7.0.2.jar:7.0.2]
	at org.springframework.beans.factory.support.AbstractBeanFactory.doGetBean(AbstractBeanFactory.java:331) ~[spring-beans-7.0.2.jar:7.0.2]
	at org.springframework.beans.factory.support.AbstractBeanFactory.getBean(AbstractBeanFactory.java:201) ~[spring-beans-7.0.2.jar:7.0.2]
	at org.springframework.beans.factory.support.DefaultListableBeanFactory.resolveBean(DefaultListableBeanFactory.java:1225) ~[spring-beans-7.0.2.jar:7.0.2]
	at org.springframework.beans.factory.support.DefaultListableBeanFactory.doResolveDependency(DefaultListableBeanFactory.java:1704) ~[spring-beans-7.0.2.jar:7.0.2]
	at org.springframework.beans.factory.support.DefaultListableBeanFactory.resolveDependency(DefaultListableBeanFactory.java:1651) ~[spring-beans-7.0.2.jar:7.0.2]
	at org.springframework.beans.factory.support.ConstructorResolver.resolveAutowiredArgument(ConstructorResolver.java:912) ~[spring-beans-7.0.2.jar:7.0.2]
	at org.springframework.beans.factory.support.ConstructorResolver.createArgumentArray(ConstructorResolver.java:791) ~[spring-beans-7.0.2.jar:7.0.2]
	... 35 common frames omitted
Caused by: org.springframework.beans.factory.BeanCreationException: Error creating bean with name 'connectionFactory' defined in class path resource [br/com/mindcash/financial/driven/account/DatabaseConfig.class]: Unexpected exception during bean creation
	at org.springframework.beans.factory.support.AbstractAutowireCapableBeanFactory.createBean(AbstractAutowireCapableBeanFactory.java:538) ~[spring-beans-7.0.2.jar:7.0.2]
	at org.springframework.beans.factory.support.AbstractBeanFactory.lambda$doGetBean$0(AbstractBeanFactory.java:333) ~[spring-beans-7.0.2.jar:7.0.2]
	at org.springframework.beans.factory.support.DefaultSingletonBeanRegistry.getSingleton(DefaultSingletonBeanRegistry.java:371) ~[spring-beans-7.0.2.jar:7.0.2]
	at org.springframework.beans.factory.support.AbstractBeanFactory.doGetBean(AbstractBeanFactory.java:331) ~[spring-beans-7.0.2.jar:7.0.2]
	at org.springframework.beans.factory.support.AbstractBeanFactory.getBean(AbstractBeanFactory.java:201) ~[spring-beans-7.0.2.jar:7.0.2]
	at org.springframework.beans.factory.support.DefaultListableBeanFactory.resolveBean(DefaultListableBeanFactory.java:1225) ~[spring-beans-7.0.2.jar:7.0.2]
	at org.springframework.beans.factory.support.DefaultListableBeanFactory.doResolveDependency(DefaultListableBeanFactory.java:1704) ~[spring-beans-7.0.2.jar:7.0.2]
	at org.springframework.beans.factory.support.DefaultListableBeanFactory.resolveDependency(DefaultListableBeanFactory.java:1651) ~[spring-beans-7.0.2.jar:7.0.2]
	at org.springframework.beans.factory.support.ConstructorResolver.resolveAutowiredArgument(ConstructorResolver.java:912) ~[spring-beans-7.0.2.jar:7.0.2]
	at org.springframework.beans.factory.support.ConstructorResolver.createArgumentArray(ConstructorResolver.java:791) ~[spring-beans-7.0.2.jar:7.0.2]
	... 49 common frames omitted
Caused by: org.springframework.util.PlaceholderResolutionException: Could not resolve placeholder 'spring.r2dbc.url' in value "${spring.r2dbc.url}"
	at org.springframework.util.PlaceholderResolutionException.withValue(PlaceholderResolutionException.java:81) ~[spring-core-7.0.2.jar:7.0.2]
	at org.springframework.util.PlaceholderParser$ParsedValue.resolve(PlaceholderParser.java:296) ~[spring-core-7.0.2.jar:7.0.2]
	at org.springframework.util.PlaceholderParser.replacePlaceholders(PlaceholderParser.java:129) ~[spring-core-7.0.2.jar:7.0.2]
	at org.springframework.util.PropertyPlaceholderHelper.replacePlaceholders(PropertyPlaceholderHelper.java:96) ~[spring-core-7.0.2.jar:7.0.2]
	at org.springframework.core.env.AbstractPropertyResolver.doResolvePlaceholders(AbstractPropertyResolver.java:286) ~[spring-core-7.0.2.jar:7.0.2]
	at org.springframework.core.env.AbstractPropertyResolver.resolveRequiredPlaceholders(AbstractPropertyResolver.java:257) ~[spring-core-7.0.2.jar:7.0.2]
	at org.springframework.context.support.PropertySourcesPlaceholderConfigurer.lambda$processProperties$0(PropertySourcesPlaceholderConfigurer.java:184) ~[spring-context-7.0.2.jar:7.0.2]
	at org.springframework.beans.factory.support.AbstractBeanFactory.resolveEmbeddedValue(AbstractBeanFactory.java:959) ~[spring-beans-7.0.2.jar:7.0.2]
	at org.springframework.beans.factory.support.DefaultListableBeanFactory.doResolveDependency(DefaultListableBeanFactory.java:1672) ~[spring-beans-7.0.2.jar:7.0.2]
	at org.springframework.beans.factory.support.DefaultListableBeanFactory.resolveDependency(DefaultListableBeanFactory.java:1651) ~[spring-beans-7.0.2.jar:7.0.2]
	at org.springframework.beans.factory.support.ConstructorResolver.resolveAutowiredArgument(ConstructorResolver.java:912) ~[spring-beans-7.0.2.jar:7.0.2]
	at org.springframework.beans.factory.support.ConstructorResolver.createArgumentArray(ConstructorResolver.java:791) ~[spring-beans-7.0.2.jar:7.0.2]
	at org.springframework.beans.factory.support.ConstructorResolver.instantiateUsingFactoryMethod(ConstructorResolver.java:546) ~[spring-beans-7.0.2.jar:7.0.2]
	at org.springframework.beans.factory.support.AbstractAutowireCapableBeanFactory.instantiateUsingFactoryMethod(AbstractAutowireCapableBeanFactory.java:1362) ~[spring-beans-7.0.2.jar:7.0.2]
	at org.springframework.beans.factory.support.AbstractAutowireCapableBeanFactory.createBeanInstance(AbstractAutowireCapableBeanFactory.java:1194) ~[spring-beans-7.0.2.jar:7.0.2]
	at org.springframework.beans.factory.support.AbstractAutowireCapableBeanFactory.doCreateBean(AbstractAutowireCapableBeanFactory.java:565) ~[spring-beans-7.0.2.jar:7.0.2]
	at org.springframework.beans.factory.support.AbstractAutowireCapableBeanFactory.createBean(AbstractAutowireCapableBeanFactory.java:525) ~[spring-beans-7.0.2.jar:7.0.2]
	... 58 common frames omitted

2025-12-28T17:26:55.216-03:00  INFO 17436 --- [MindCash] [main] b.c.m.financial.FinancialApplication     : Starting FinancialApplication using Java 21.0.8 with PID 17436 (C:\Users\DIOGO\OneDrive\Desktop\Sandbox\Projetos\Backend\Java\mind-cash-be\financial-account\target\classes started by DIOGO in C:\Users\DIOGO\OneDrive\Desktop\Sandbox\Projetos\Backend\Java\mind-cash-be)
2025-12-28T17:26:55.218-03:00  INFO 17436 --- [MindCash] [main] b.c.m.financial.FinancialApplication     : No active profile set, falling back to 1 default profile: "default"
2025-12-28T17:26:55.535-03:00  INFO 17436 --- [MindCash] [main] .s.d.r.c.RepositoryConfigurationDelegate : Bootstrapping Spring Data R2DBC repositories in DEFAULT mode.
2025-12-28T17:26:55.555-03:00  INFO 17436 --- [MindCash] [main] .s.d.r.c.RepositoryConfigurationDelegate : Finished Spring Data repository scanning in 14 ms. Found 0 R2DBC repository interfaces.
2025-12-28T17:26:55.830-03:00  INFO 17436 --- [MindCash] [main] f.a.AutowiredAnnotationBeanPostProcessor : Inconsistent constructor declaration on bean with name 'adapter': single autowire-marked constructor flagged as optional - this constructor is effectively required since there is no default constructor to fall back to: public br.com.mindcash.financial.driven.account.Adapter(org.springframework.r2dbc.core.DatabaseClient,java.util.logging.Logger,org.springframework.transaction.reactive.TransactionalOperator)
2025-12-28T17:26:55.835-03:00  WARN 17436 --- [MindCash] [main] onfigReactiveWebServerApplicationContext : Exception encountered during context initialization - cancelling refresh attempt: org.springframework.beans.factory.UnsatisfiedDependencyException: Error creating bean with name 'registerExpenseHandler' defined in file [C:\Users\DIOGO\OneDrive\Desktop\Sandbox\Projetos\Backend\Java\mind-cash-be\financial-account\target\classes\br\com\mindcash\financial\application\handlers\RegisterExpenseHandler.class]: Unsatisfied dependency expressed through constructor parameter 0: Error creating bean with name 'adapter' defined in file [C:\Users\DIOGO\OneDrive\Desktop\Sandbox\Projetos\Backend\Java\mind-cash-be\financial-account\target\classes\br\com\mindcash\financial\driven\account\Adapter.class]: Unsatisfied dependency expressed through constructor parameter 0: Error creating bean with name 'databaseClient' defined in class path resource [br/com/mindcash/financial/driven/account/DatabaseConfig.class]: Unsatisfied dependency expressed through method 'databaseClient' parameter 0: Error creating bean with name 'connectionFactory' defined in class path resource [org/springframework/boot/r2dbc/autoconfigure/ConnectionFactoryConfigurations$PoolConfiguration$PooledConnectionFactoryConfiguration.class]: Failed to instantiate [io.r2dbc.pool.ConnectionPool]: Factory method 'connectionFactory' threw exception with message: Failed to determine a suitable R2DBC Connection URL
2025-12-28T17:26:55.838-03:00  INFO 17436 --- [MindCash] [main] .s.b.a.l.ConditionEvaluationReportLogger : 

Error starting ApplicationContext. To display the condition evaluation report re-run your application with 'debug' enabled.
2025-12-28T17:26:55.847-03:00 ERROR 17436 --- [MindCash] [main] o.s.b.d.LoggingFailureAnalysisReporter   : 

***************************
APPLICATION FAILED TO START
***************************

Description:

Failed to configure a ConnectionFactory: 'url' attribute is not specified and no embedded database could be configured.

Reason: Failed to determine a suitable R2DBC Connection URL


Action:

Consider the following:
	If you want an embedded database (H2), please put it on the classpath.
	If you have database settings to be loaded from a particular profile you may need to activate it (no profiles are currently active).

2025-12-28T17:29:01.217-03:00  INFO 15668 --- [MindCash] [main] b.c.m.financial.FinancialApplication     : Starting FinancialApplication using Java 21.0.8 with PID 15668 (C:\Users\DIOGO\OneDrive\Desktop\Sandbox\Projetos\Backend\Java\mind-cash-be\financial-account\target\classes started by DIOGO in C:\Users\DIOGO\OneDrive\Desktop\Sandbox\Projetos\Backend\Java\mind-cash-be)
2025-12-28T17:29:01.220-03:00  INFO 15668 --- [MindCash] [main] b.c.m.financial.FinancialApplication     : No active profile set, falling back to 1 default profile: "default"
2025-12-28T17:29:01.545-03:00  INFO 15668 --- [MindCash] [main] .s.d.r.c.RepositoryConfigurationDelegate : Bootstrapping Spring Data R2DBC repositories in DEFAULT mode.
2025-12-28T17:29:01.562-03:00  INFO 15668 --- [MindCash] [main] .s.d.r.c.RepositoryConfigurationDelegate : Finished Spring Data repository scanning in 14 ms. Found 0 R2DBC repository interfaces.
2025-12-28T17:29:01.844-03:00  INFO 15668 --- [MindCash] [main] f.a.AutowiredAnnotationBeanPostProcessor : Inconsistent constructor declaration on bean with name 'adapter': single autowire-marked constructor flagged as optional - this constructor is effectively required since there is no default constructor to fall back to: public br.com.mindcash.financial.driven.account.Adapter(org.springframework.r2dbc.core.DatabaseClient,java.util.logging.Logger,org.springframework.transaction.reactive.TransactionalOperator)
2025-12-28T17:29:01.863-03:00  WARN 15668 --- [MindCash] [main] onfigReactiveWebServerApplicationContext : Exception encountered during context initialization - cancelling refresh attempt: org.springframework.beans.factory.UnsatisfiedDependencyException: Error creating bean with name 'registerExpenseHandler' defined in file [C:\Users\DIOGO\OneDrive\Desktop\Sandbox\Projetos\Backend\Java\mind-cash-be\financial-account\target\classes\br\com\mindcash\financial\application\handlers\RegisterExpenseHandler.class]: Unsatisfied dependency expressed through constructor parameter 0: Error creating bean with name 'adapter' defined in file [C:\Users\DIOGO\OneDrive\Desktop\Sandbox\Projetos\Backend\Java\mind-cash-be\financial-account\target\classes\br\com\mindcash\financial\driven\account\Adapter.class]: Unsatisfied dependency expressed through constructor parameter 1: No qualifying bean of type 'java.util.logging.Logger' available: expected at least 1 bean which qualifies as autowire candidate. Dependency annotations: {}
2025-12-28T17:29:01.866-03:00  INFO 15668 --- [MindCash] [main] .s.b.a.l.ConditionEvaluationReportLogger : 

Error starting ApplicationContext. To display the condition evaluation report re-run your application with 'debug' enabled.
2025-12-28T17:29:01.876-03:00 ERROR 15668 --- [MindCash] [main] o.s.b.d.LoggingFailureAnalysisReporter   : 

***************************
APPLICATION FAILED TO START
***************************

Description:

Parameter 1 of constructor in br.com.mindcash.financial.driven.account.Adapter required a bean of type 'java.util.logging.Logger' that could not be found.


Action:

Consider defining a bean of type 'java.util.logging.Logger' in your configuration.

2025-12-28T17:30:53.768-03:00  INFO 31404 --- [MindCash] [main] b.c.m.financial.FinancialApplication     : Starting FinancialApplication using Java 21.0.8 with PID 31404 (C:\Users\DIOGO\OneDrive\Desktop\Sandbox\Projetos\Backend\Java\mind-cash-be\financial-account\target\classes started by DIOGO in C:\Users\DIOGO\OneDrive\Desktop\Sandbox\Projetos\Backend\Java\mind-cash-be)
2025-12-28T17:30:53.770-03:00  INFO 31404 --- [MindCash] [main] b.c.m.financial.FinancialApplication     : No active profile set, falling back to 1 default profile: "default"
2025-12-28T17:30:54.181-03:00  INFO 31404 --- [MindCash] [main] .s.d.r.c.RepositoryConfigurationDelegate : Bootstrapping Spring Data R2DBC repositories in DEFAULT mode.
2025-12-28T17:30:54.203-03:00  INFO 31404 --- [MindCash] [main] .s.d.r.c.RepositoryConfigurationDelegate : Finished Spring Data repository scanning in 17 ms. Found 0 R2DBC repository interfaces.
2025-12-28T17:30:54.568-03:00  INFO 31404 --- [MindCash] [main] f.a.AutowiredAnnotationBeanPostProcessor : Inconsistent constructor declaration on bean with name 'adapter': single autowire-marked constructor flagged as optional - this constructor is effectively required since there is no default constructor to fall back to: public br.com.mindcash.financial.driven.account.Adapter(org.springframework.r2dbc.core.DatabaseClient,java.util.logging.Logger,org.springframework.transaction.reactive.TransactionalOperator)
2025-12-28T17:30:54.598-03:00  WARN 31404 --- [MindCash] [main] onfigReactiveWebServerApplicationContext : Exception encountered during context initialization - cancelling refresh attempt: org.springframework.beans.factory.UnsatisfiedDependencyException: Error creating bean with name 'registerExpenseHandler' defined in file [C:\Users\DIOGO\OneDrive\Desktop\Sandbox\Projetos\Backend\Java\mind-cash-be\financial-account\target\classes\br\com\mindcash\financial\application\handlers\RegisterExpenseHandler.class]: Unsatisfied dependency expressed through constructor parameter 0: Error creating bean with name 'adapter' defined in file [C:\Users\DIOGO\OneDrive\Desktop\Sandbox\Projetos\Backend\Java\mind-cash-be\financial-account\target\classes\br\com\mindcash\financial\driven\account\Adapter.class]: Unsatisfied dependency expressed through constructor parameter 1: No qualifying bean of type 'java.util.logging.Logger' available: expected at least 1 bean which qualifies as autowire candidate. Dependency annotations: {}
2025-12-28T17:30:54.602-03:00  INFO 31404 --- [MindCash] [main] .s.b.a.l.ConditionEvaluationReportLogger : 

Error starting ApplicationContext. To display the condition evaluation report re-run your application with 'debug' enabled.
2025-12-28T17:30:54.615-03:00 ERROR 31404 --- [MindCash] [main] o.s.b.d.LoggingFailureAnalysisReporter   : 

***************************
APPLICATION FAILED TO START
***************************

Description:

Parameter 1 of constructor in br.com.mindcash.financial.driven.account.Adapter required a bean of type 'java.util.logging.Logger' that could not be found.


Action:

Consider defining a bean of type 'java.util.logging.Logger' in your configuration.

2025-12-28T17:30:54.960-03:00  INFO 9108 --- [MindCash] [main] b.c.m.financial.FinancialApplication     : Starting FinancialApplication using Java 21.0.8 with PID 9108 (C:\Users\DIOGO\OneDrive\Desktop\Sandbox\Projetos\Backend\Java\mind-cash-be\financial-account\target\classes started by DIOGO in C:\Users\DIOGO\OneDrive\Desktop\Sandbox\Projetos\Backend\Java\mind-cash-be)
2025-12-28T17:30:54.962-03:00  INFO 9108 --- [MindCash] [main] b.c.m.financial.FinancialApplication     : No active profile set, falling back to 1 default profile: "default"
2025-12-28T17:30:55.295-03:00  INFO 9108 --- [MindCash] [main] .s.d.r.c.RepositoryConfigurationDelegate : Bootstrapping Spring Data R2DBC repositories in DEFAULT mode.
2025-12-28T17:30:55.314-03:00  INFO 9108 --- [MindCash] [main] .s.d.r.c.RepositoryConfigurationDelegate : Finished Spring Data repository scanning in 14 ms. Found 0 R2DBC repository interfaces.
2025-12-28T17:30:55.696-03:00  INFO 9108 --- [MindCash] [main] f.a.AutowiredAnnotationBeanPostProcessor : Inconsistent constructor declaration on bean with name 'adapter': single autowire-marked constructor flagged as optional - this constructor is effectively required since there is no default constructor to fall back to: public br.com.mindcash.financial.driven.account.Adapter(org.springframework.r2dbc.core.DatabaseClient,java.util.logging.Logger,org.springframework.transaction.reactive.TransactionalOperator)
2025-12-28T17:30:55.726-03:00  WARN 9108 --- [MindCash] [main] onfigReactiveWebServerApplicationContext : Exception encountered during context initialization - cancelling refresh attempt: org.springframework.beans.factory.UnsatisfiedDependencyException: Error creating bean with name 'registerExpenseHandler' defined in file [C:\Users\DIOGO\OneDrive\Desktop\Sandbox\Projetos\Backend\Java\mind-cash-be\financial-account\target\classes\br\com\mindcash\financial\application\handlers\RegisterExpenseHandler.class]: Unsatisfied dependency expressed through constructor parameter 0: Error creating bean with name 'adapter' defined in file [C:\Users\DIOGO\OneDrive\Desktop\Sandbox\Projetos\Backend\Java\mind-cash-be\financial-account\target\classes\br\com\mindcash\financial\driven\account\Adapter.class]: Unsatisfied dependency expressed through constructor parameter 1: No qualifying bean of type 'java.util.logging.Logger' available: expected at least 1 bean which qualifies as autowire candidate. Dependency annotations: {}
2025-12-28T17:30:55.730-03:00  INFO 9108 --- [MindCash] [main] .s.b.a.l.ConditionEvaluationReportLogger : 

Error starting ApplicationContext. To display the condition evaluation report re-run your application with 'debug' enabled.
2025-12-28T17:30:55.743-03:00 ERROR 9108 --- [MindCash] [main] o.s.b.d.LoggingFailureAnalysisReporter   : 

***************************
APPLICATION FAILED TO START
***************************

Description:

Parameter 1 of constructor in br.com.mindcash.financial.driven.account.Adapter required a bean of type 'java.util.logging.Logger' that could not be found.


Action:

Consider defining a bean of type 'java.util.logging.Logger' in your configuration.

2025-12-28T17:33:19.875-03:00  INFO 3824 --- [MindCash] [main] b.c.m.financial.FinancialApplication     : Starting FinancialApplication using Java 21.0.8 with PID 3824 (C:\Users\DIOGO\OneDrive\Desktop\Sandbox\Projetos\Backend\Java\mind-cash-be\financial-account\target\classes started by DIOGO in C:\Users\DIOGO\OneDrive\Desktop\Sandbox\Projetos\Backend\Java\mind-cash-be)
2025-12-28T17:33:19.876-03:00  INFO 3824 --- [MindCash] [main] b.c.m.financial.FinancialApplication     : No active profile set, falling back to 1 default profile: "default"
2025-12-28T17:33:20.215-03:00  INFO 3824 --- [MindCash] [main] .s.d.r.c.RepositoryConfigurationDelegate : Bootstrapping Spring Data R2DBC repositories in DEFAULT mode.
2025-12-28T17:33:20.234-03:00  INFO 3824 --- [MindCash] [main] .s.d.r.c.RepositoryConfigurationDelegate : Finished Spring Data repository scanning in 15 ms. Found 0 R2DBC repository interfaces.
2025-12-28T17:33:20.522-03:00  INFO 3824 --- [MindCash] [main] f.a.AutowiredAnnotationBeanPostProcessor : Inconsistent constructor declaration on bean with name 'adapter': single autowire-marked constructor flagged as optional - this constructor is effectively required since there is no default constructor to fall back to: public br.com.mindcash.financial.driven.account.Adapter(org.springframework.r2dbc.core.DatabaseClient,java.util.logging.Logger,org.springframework.transaction.reactive.TransactionalOperator)
2025-12-28T17:33:20.961-03:00  INFO 3824 --- [MindCash] [main] o.s.boot.reactor.netty.NettyWebServer    : Netty started on port 8085 (http)
2025-12-28T17:33:20.965-03:00  INFO 3824 --- [MindCash] [main] b.c.m.financial.FinancialApplication     : Started FinancialApplication in 1.589 seconds (process running for 2.066)
2025-12-28T17:33:23.204-03:00  INFO 3824 --- [MindCash] [SpringApplicationShutdownHook] o.s.boot.reactor.netty.GracefulShutdown  : Commencing graceful shutdown. Waiting for active requests to complete
2025-12-28T17:33:23.205-03:00  INFO 3824 --- [MindCash] [netty-shutdown] o.s.boot.reactor.netty.GracefulShutdown  : Graceful shutdown complete
2025-12-28T17:34:10.940-03:00  INFO 1720 --- [MindCash] [main] b.c.m.financial.FinancialApplication     : Starting FinancialApplication using Java 21.0.8 with PID 1720 (C:\Users\DIOGO\OneDrive\Desktop\Sandbox\Projetos\Backend\Java\mind-cash-be\financial-account\target\classes started by DIOGO in C:\Users\DIOGO\OneDrive\Desktop\Sandbox\Projetos\Backend\Java\mind-cash-be)
2025-12-28T17:34:10.941-03:00  INFO 1720 --- [MindCash] [main] b.c.m.financial.FinancialApplication     : No active profile set, falling back to 1 default profile: "default"
2025-12-28T17:34:11.286-03:00  INFO 1720 --- [MindCash] [main] .s.d.r.c.RepositoryConfigurationDelegate : Bootstrapping Spring Data R2DBC repositories in DEFAULT mode.
2025-12-28T17:34:11.307-03:00  INFO 1720 --- [MindCash] [main] .s.d.r.c.RepositoryConfigurationDelegate : Finished Spring Data repository scanning in 14 ms. Found 0 R2DBC repository interfaces.
2025-12-28T17:34:11.592-03:00  INFO 1720 --- [MindCash] [main] f.a.AutowiredAnnotationBeanPostProcessor : Inconsistent constructor declaration on bean with name 'adapter': single autowire-marked constructor flagged as optional - this constructor is effectively required since there is no default constructor to fall back to: public br.com.mindcash.financial.driven.account.Adapter(org.springframework.r2dbc.core.DatabaseClient,java.util.logging.Logger,org.springframework.transaction.reactive.TransactionalOperator)
2025-12-28T17:34:12.000-03:00  INFO 1720 --- [MindCash] [main] o.s.boot.reactor.netty.NettyWebServer    : Netty started on port 8085 (http)
2025-12-28T17:34:12.003-03:00  INFO 1720 --- [MindCash] [main] b.c.m.financial.FinancialApplication     : Started FinancialApplication in 1.423 seconds (process running for 1.897)
2025-12-28T17:34:14.411-03:00  INFO 1720 --- [MindCash] [SpringApplicationShutdownHook] o.s.boot.reactor.netty.GracefulShutdown  : Commencing graceful shutdown. Waiting for active requests to complete
2025-12-28T17:34:14.414-03:00  INFO 1720 --- [MindCash] [netty-shutdown] o.s.boot.reactor.netty.GracefulShutdown  : Graceful shutdown complete
2025-12-28T17:35:12.652-03:00  INFO 15544 --- [MindCash] [main] b.c.m.financial.FinancialApplication     : Starting FinancialApplication using Java 21.0.8 with PID 15544 (C:\Users\DIOGO\OneDrive\Desktop\Sandbox\Projetos\Backend\Java\mind-cash-be\financial-account\target\classes started by DIOGO in C:\Users\DIOGO\OneDrive\Desktop\Sandbox\Projetos\Backend\Java\mind-cash-be)
2025-12-28T17:35:12.654-03:00  INFO 15544 --- [MindCash] [main] b.c.m.financial.FinancialApplication     : No active profile set, falling back to 1 default profile: "default"
2025-12-28T17:35:12.984-03:00  INFO 15544 --- [MindCash] [main] .s.d.r.c.RepositoryConfigurationDelegate : Bootstrapping Spring Data R2DBC repositories in DEFAULT mode.
2025-12-28T17:35:13.003-03:00  INFO 15544 --- [MindCash] [main] .s.d.r.c.RepositoryConfigurationDelegate : Finished Spring Data repository scanning in 14 ms. Found 0 R2DBC repository interfaces.
2025-12-28T17:35:13.290-03:00  INFO 15544 --- [MindCash] [main] f.a.AutowiredAnnotationBeanPostProcessor : Inconsistent constructor declaration on bean with name 'adapter': single autowire-marked constructor flagged as optional - this constructor is effectively required since there is no default constructor to fall back to: public br.com.mindcash.financial.driven.account.Adapter(org.springframework.r2dbc.core.DatabaseClient,java.util.logging.Logger,org.springframework.transaction.reactive.TransactionalOperator)
2025-12-28T17:35:13.723-03:00  INFO 15544 --- [MindCash] [main] o.s.boot.reactor.netty.NettyWebServer    : Netty started on port 8085 (http)
2025-12-28T17:35:13.727-03:00  INFO 15544 --- [MindCash] [main] b.c.m.financial.FinancialApplication     : Started FinancialApplication in 1.402 seconds (process running for 1.868)
2025-12-28T17:35:27.572-03:00  INFO 15544 --- [MindCash] [SpringApplicationShutdownHook] o.s.boot.reactor.netty.GracefulShutdown  : Commencing graceful shutdown. Waiting for active requests to complete
2025-12-28T17:35:27.574-03:00  INFO 15544 --- [MindCash] [netty-shutdown] o.s.boot.reactor.netty.GracefulShutdown  : Graceful shutdown complete
2025-12-28T17:46:56.916-03:00  INFO 30228 --- [MindCash] [main] b.c.m.financial.FinancialApplication     : Starting FinancialApplication using Java 21.0.8 with PID 30228 (C:\Users\DIOGO\OneDrive\Desktop\Sandbox\Projetos\Backend\Java\mind-cash-be\financial-account\target\classes started by DIOGO in C:\Users\DIOGO\OneDrive\Desktop\Sandbox\Projetos\Backend\Java\mind-cash-be)
2025-12-28T17:46:56.919-03:00  INFO 30228 --- [MindCash] [main] b.c.m.financial.FinancialApplication     : No active profile set, falling back to 1 default profile: "default"
2025-12-28T17:46:57.282-03:00  INFO 30228 --- [MindCash] [main] .s.d.r.c.RepositoryConfigurationDelegate : Bootstrapping Spring Data R2DBC repositories in DEFAULT mode.
2025-12-28T17:46:57.301-03:00  INFO 30228 --- [MindCash] [main] .s.d.r.c.RepositoryConfigurationDelegate : Finished Spring Data repository scanning in 15 ms. Found 0 R2DBC repository interfaces.
2025-12-28T17:46:57.596-03:00  INFO 30228 --- [MindCash] [main] f.a.AutowiredAnnotationBeanPostProcessor : Inconsistent constructor declaration on bean with name 'adapter': single autowire-marked constructor flagged as optional - this constructor is effectively required since there is no default constructor to fall back to: public br.com.mindcash.financial.driven.account.Adapter(org.springframework.r2dbc.core.DatabaseClient,java.util.logging.Logger,org.springframework.transaction.reactive.TransactionalOperator)
2025-12-28T17:46:58.039-03:00  INFO 30228 --- [MindCash] [main] o.s.boot.reactor.netty.NettyWebServer    : Netty started on port 8085 (http)
2025-12-28T17:46:58.043-03:00  INFO 30228 --- [MindCash] [main] b.c.m.financial.FinancialApplication     : Started FinancialApplication in 1.502 seconds (process running for 2.048)
2025-12-28T17:47:13.795-03:00  INFO 30228 --- [MindCash] [SpringApplicationShutdownHook] o.s.boot.reactor.netty.GracefulShutdown  : Commencing graceful shutdown. Waiting for active requests to complete
2025-12-28T17:47:13.797-03:00  INFO 30228 --- [MindCash] [netty-shutdown] o.s.boot.reactor.netty.GracefulShutdown  : Graceful shutdown complete
2025-12-28T17:47:24.057-03:00  INFO 29536 --- [MindCash] [main] b.c.m.financial.FinancialApplication     : Starting FinancialApplication using Java 21.0.8 with PID 29536 (C:\Users\DIOGO\OneDrive\Desktop\Sandbox\Projetos\Backend\Java\mind-cash-be\financial-account\target\classes started by DIOGO in C:\Users\DIOGO\OneDrive\Desktop\Sandbox\Projetos\Backend\Java\mind-cash-be)
2025-12-28T17:47:24.059-03:00  INFO 29536 --- [MindCash] [main] b.c.m.financial.FinancialApplication     : No active profile set, falling back to 1 default profile: "default"
2025-12-28T17:47:24.419-03:00  INFO 29536 --- [MindCash] [main] .s.d.r.c.RepositoryConfigurationDelegate : Bootstrapping Spring Data R2DBC repositories in DEFAULT mode.
2025-12-28T17:47:24.439-03:00  INFO 29536 --- [MindCash] [main] .s.d.r.c.RepositoryConfigurationDelegate : Finished Spring Data repository scanning in 15 ms. Found 0 R2DBC repository interfaces.
2025-12-28T17:47:24.752-03:00  INFO 29536 --- [MindCash] [main] f.a.AutowiredAnnotationBeanPostProcessor : Inconsistent constructor declaration on bean with name 'adapter': single autowire-marked constructor flagged as optional - this constructor is effectively required since there is no default constructor to fall back to: public br.com.mindcash.financial.driven.account.Adapter(org.springframework.r2dbc.core.DatabaseClient,java.util.logging.Logger,org.springframework.transaction.reactive.TransactionalOperator)
2025-12-28T17:47:25.202-03:00  INFO 29536 --- [MindCash] [main] o.s.boot.reactor.netty.NettyWebServer    : Netty started on port 8085 (http)
2025-12-28T17:47:25.205-03:00  INFO 29536 --- [MindCash] [main] b.c.m.financial.FinancialApplication     : Started FinancialApplication in 1.512 seconds (process running for 2.031)
2025-12-28T17:48:24.639-03:00  INFO 29536 --- [MindCash] [SpringApplicationShutdownHook] o.s.boot.reactor.netty.GracefulShutdown  : Commencing graceful shutdown. Waiting for active requests to complete
2025-12-28T17:48:24.642-03:00  INFO 29536 --- [MindCash] [netty-shutdown] o.s.boot.reactor.netty.GracefulShutdown  : Graceful shutdown complete
2025-12-28T17:48:31.162-03:00  INFO 8404 --- [MindCash] [main] b.c.m.financial.FinancialApplication     : Starting FinancialApplication using Java 21.0.8 with PID 8404 (C:\Users\DIOGO\OneDrive\Desktop\Sandbox\Projetos\Backend\Java\mind-cash-be\financial-account\target\classes started by DIOGO in C:\Users\DIOGO\OneDrive\Desktop\Sandbox\Projetos\Backend\Java\mind-cash-be)
2025-12-28T17:48:31.164-03:00  INFO 8404 --- [MindCash] [main] b.c.m.financial.FinancialApplication     : No active profile set, falling back to 1 default profile: "default"
2025-12-28T17:48:31.512-03:00  INFO 8404 --- [MindCash] [main] .s.d.r.c.RepositoryConfigurationDelegate : Bootstrapping Spring Data R2DBC repositories in DEFAULT mode.
2025-12-28T17:48:31.531-03:00  INFO 8404 --- [MindCash] [main] .s.d.r.c.RepositoryConfigurationDelegate : Finished Spring Data repository scanning in 14 ms. Found 0 R2DBC repository interfaces.
2025-12-28T17:48:31.828-03:00  INFO 8404 --- [MindCash] [main] f.a.AutowiredAnnotationBeanPostProcessor : Inconsistent constructor declaration on bean with name 'adapter': single autowire-marked constructor flagged as optional - this constructor is effectively required since there is no default constructor to fall back to: public br.com.mindcash.financial.driven.account.Adapter(org.springframework.r2dbc.core.DatabaseClient,java.util.logging.Logger,org.springframework.transaction.reactive.TransactionalOperator)
2025-12-28T17:48:32.253-03:00  INFO 8404 --- [MindCash] [main] o.s.boot.reactor.netty.NettyWebServer    : Netty started on port 8085 (http)
2025-12-28T17:48:32.255-03:00  INFO 8404 --- [MindCash] [main] b.c.m.financial.FinancialApplication     : Started FinancialApplication in 1.441 seconds (process running for 1.915)
2025-12-28T17:48:34.985-03:00  INFO 8404 --- [MindCash] [SpringApplicationShutdownHook] o.s.boot.reactor.netty.GracefulShutdown  : Commencing graceful shutdown. Waiting for active requests to complete
2025-12-28T17:48:34.987-03:00  INFO 8404 --- [MindCash] [netty-shutdown] o.s.boot.reactor.netty.GracefulShutdown  : Graceful shutdown complete
2025-12-28T17:49:05.312-03:00  INFO 33592 --- [MindCash] [main] b.c.m.financial.FinancialApplication     : Starting FinancialApplication using Java 21.0.8 with PID 33592 (C:\Users\DIOGO\OneDrive\Desktop\Sandbox\Projetos\Backend\Java\mind-cash-be\financial-account\target\classes started by DIOGO in C:\Users\DIOGO\OneDrive\Desktop\Sandbox\Projetos\Backend\Java\mind-cash-be)
2025-12-28T17:49:05.315-03:00  INFO 33592 --- [MindCash] [main] b.c.m.financial.FinancialApplication     : No active profile set, falling back to 1 default profile: "default"
2025-12-28T17:49:05.667-03:00  INFO 33592 --- [MindCash] [main] .s.d.r.c.RepositoryConfigurationDelegate : Bootstrapping Spring Data R2DBC repositories in DEFAULT mode.
2025-12-28T17:49:05.685-03:00  INFO 33592 --- [MindCash] [main] .s.d.r.c.RepositoryConfigurationDelegate : Finished Spring Data repository scanning in 14 ms. Found 0 R2DBC repository interfaces.
2025-12-28T17:49:05.985-03:00  INFO 33592 --- [MindCash] [main] f.a.AutowiredAnnotationBeanPostProcessor : Inconsistent constructor declaration on bean with name 'adapter': single autowire-marked constructor flagged as optional - this constructor is effectively required since there is no default constructor to fall back to: public br.com.mindcash.financial.driven.account.Adapter(org.springframework.r2dbc.core.DatabaseClient,java.util.logging.Logger,org.springframework.transaction.reactive.TransactionalOperator)
2025-12-28T17:49:06.445-03:00  INFO 33592 --- [MindCash] [main] o.s.boot.reactor.netty.NettyWebServer    : Netty started on port 8085 (http)
2025-12-28T17:49:06.449-03:00  INFO 33592 --- [MindCash] [main] b.c.m.financial.FinancialApplication     : Started FinancialApplication in 1.487 seconds (process running for 1.956)
2025-12-28T17:51:24.582-03:00  INFO 33592 --- [MindCash] [SpringApplicationShutdownHook] o.s.boot.reactor.netty.GracefulShutdown  : Commencing graceful shutdown. Waiting for active requests to complete
2025-12-28T17:51:24.585-03:00  INFO 33592 --- [MindCash] [netty-shutdown] o.s.boot.reactor.netty.GracefulShutdown  : Graceful shutdown complete
2025-12-28T17:52:18.319-03:00  INFO 20284 --- [MindCash] [main] b.c.m.financial.FinancialApplication     : Starting FinancialApplication using Java 21.0.8 with PID 20284 (C:\Users\DIOGO\OneDrive\Desktop\Sandbox\Projetos\Backend\Java\mind-cash-be\financial-account\target\classes started by DIOGO in C:\Users\DIOGO\OneDrive\Desktop\Sandbox\Projetos\Backend\Java\mind-cash-be)
2025-12-28T17:52:18.322-03:00  INFO 20284 --- [MindCash] [main] b.c.m.financial.FinancialApplication     : No active profile set, falling back to 1 default profile: "default"
2025-12-28T17:52:18.661-03:00  INFO 20284 --- [MindCash] [main] .s.d.r.c.RepositoryConfigurationDelegate : Bootstrapping Spring Data R2DBC repositories in DEFAULT mode.
2025-12-28T17:52:18.679-03:00  INFO 20284 --- [MindCash] [main] .s.d.r.c.RepositoryConfigurationDelegate : Finished Spring Data repository scanning in 15 ms. Found 0 R2DBC repository interfaces.
2025-12-28T17:52:18.981-03:00  INFO 20284 --- [MindCash] [main] f.a.AutowiredAnnotationBeanPostProcessor : Inconsistent constructor declaration on bean with name 'adapter': single autowire-marked constructor flagged as optional - this constructor is effectively required since there is no default constructor to fall back to: public br.com.mindcash.financial.driven.account.Adapter(org.springframework.r2dbc.core.DatabaseClient,java.util.logging.Logger,org.springframework.transaction.reactive.TransactionalOperator)
2025-12-28T17:52:19.398-03:00  INFO 20284 --- [MindCash] [main] o.s.boot.reactor.netty.NettyWebServer    : Netty started on port 8085 (http)
2025-12-28T17:52:19.402-03:00  INFO 20284 --- [MindCash] [main] b.c.m.financial.FinancialApplication     : Started FinancialApplication in 1.425 seconds (process running for 1.876)
2025-12-28T17:52:51.537-03:00  INFO 20284 --- [MindCash] [SpringApplicationShutdownHook] o.s.boot.reactor.netty.GracefulShutdown  : Commencing graceful shutdown. Waiting for active requests to complete
2025-12-28T17:52:51.539-03:00  INFO 20284 --- [MindCash] [netty-shutdown] o.s.boot.reactor.netty.GracefulShutdown  : Graceful shutdown complete
2025-12-28T17:54:51.231-03:00  INFO 25128 --- [MindCash] [main] b.c.m.financial.FinancialApplication     : Starting FinancialApplication using Java 21.0.8 with PID 25128 (C:\Users\DIOGO\OneDrive\Desktop\Sandbox\Projetos\Backend\Java\mind-cash-be\financial-account\target\classes started by DIOGO in C:\Users\DIOGO\OneDrive\Desktop\Sandbox\Projetos\Backend\Java\mind-cash-be)
2025-12-28T17:54:51.233-03:00  INFO 25128 --- [MindCash] [main] b.c.m.financial.FinancialApplication     : No active profile set, falling back to 1 default profile: "default"
2025-12-28T17:54:51.582-03:00  INFO 25128 --- [MindCash] [main] .s.d.r.c.RepositoryConfigurationDelegate : Bootstrapping Spring Data R2DBC repositories in DEFAULT mode.
2025-12-28T17:54:51.601-03:00  INFO 25128 --- [MindCash] [main] .s.d.r.c.RepositoryConfigurationDelegate : Finished Spring Data repository scanning in 15 ms. Found 0 R2DBC repository interfaces.
2025-12-28T17:54:51.891-03:00  INFO 25128 --- [MindCash] [main] f.a.AutowiredAnnotationBeanPostProcessor : Inconsistent constructor declaration on bean with name 'adapter': single autowire-marked constructor flagged as optional - this constructor is effectively required since there is no default constructor to fall back to: public br.com.mindcash.financial.driven.account.Adapter(org.springframework.r2dbc.core.DatabaseClient,java.util.logging.Logger,org.springframework.transaction.reactive.TransactionalOperator)
2025-12-28T17:54:52.330-03:00  INFO 25128 --- [MindCash] [main] o.s.boot.reactor.netty.NettyWebServer    : Netty started on port 8085 (http)
2025-12-28T17:54:52.334-03:00  INFO 25128 --- [MindCash] [main] b.c.m.financial.FinancialApplication     : Started FinancialApplication in 1.454 seconds (process running for 1.939)
2025-12-28T17:55:28.130-03:00  INFO 25128 --- [MindCash] [SpringApplicationShutdownHook] o.s.boot.reactor.netty.GracefulShutdown  : Commencing graceful shutdown. Waiting for active requests to complete
2025-12-28T17:55:28.133-03:00  INFO 25128 --- [MindCash] [netty-shutdown] o.s.boot.reactor.netty.GracefulShutdown  : Graceful shutdown complete
2025-12-28T18:12:11.561-03:00  INFO 29096 --- [MindCash] [main] b.c.m.financial.FinancialApplication     : Starting FinancialApplication using Java 21.0.8 with PID 29096 (C:\Users\DIOGO\OneDrive\Desktop\Sandbox\Projetos\Backend\Java\mind-cash-be\financial-account\target\classes started by DIOGO in C:\Users\DIOGO\OneDrive\Desktop\Sandbox\Projetos\Backend\Java\mind-cash-be)
2025-12-28T18:12:11.564-03:00  INFO 29096 --- [MindCash] [main] b.c.m.financial.FinancialApplication     : No active profile set, falling back to 1 default profile: "default"
2025-12-28T18:12:11.890-03:00  INFO 29096 --- [MindCash] [main] .s.d.r.c.RepositoryConfigurationDelegate : Bootstrapping Spring Data R2DBC repositories in DEFAULT mode.
2025-12-28T18:12:11.908-03:00  INFO 29096 --- [MindCash] [main] .s.d.r.c.RepositoryConfigurationDelegate : Finished Spring Data repository scanning in 14 ms. Found 0 R2DBC repository interfaces.
2025-12-28T18:12:12.192-03:00  INFO 29096 --- [MindCash] [main] f.a.AutowiredAnnotationBeanPostProcessor : Inconsistent constructor declaration on bean with name 'adapter': single autowire-marked constructor flagged as optional - this constructor is effectively required since there is no default constructor to fall back to: public br.com.mindcash.financial.driven.account.Adapter(org.springframework.r2dbc.core.DatabaseClient,java.util.logging.Logger,org.springframework.transaction.reactive.TransactionalOperator)
2025-12-28T18:12:14.684-03:00  WARN 29096 --- [MindCash] [main] onfigReactiveWebServerApplicationContext : Exception encountered during context initialization - cancelling refresh attempt: org.springframework.context.ApplicationContextException: Failed to start bean 'webServerStartStop'
2025-12-28T18:12:14.687-03:00  INFO 29096 --- [MindCash] [main] .s.b.a.l.ConditionEvaluationReportLogger : 

Error starting ApplicationContext. To display the condition evaluation report re-run your application with 'debug' enabled.
2025-12-28T18:12:14.697-03:00 ERROR 29096 --- [MindCash] [main] o.s.b.d.LoggingFailureAnalysisReporter   : 

***************************
APPLICATION FAILED TO START
***************************

Description:

Web server failed to start. Port 8086 was already in use.

Action:

Identify and stop the process that's listening on port 8086 or configure this application to listen on another port.

2025-12-28T18:13:10.321-03:00  INFO 34548 --- [MindCash] [main] b.c.m.financial.FinancialApplication     : Starting FinancialApplication using Java 21.0.8 with PID 34548 (C:\Users\DIOGO\OneDrive\Desktop\Sandbox\Projetos\Backend\Java\mind-cash-be\financial-account\target\classes started by DIOGO in C:\Users\DIOGO\OneDrive\Desktop\Sandbox\Projetos\Backend\Java\mind-cash-be)
2025-12-28T18:13:10.323-03:00  INFO 34548 --- [MindCash] [main] b.c.m.financial.FinancialApplication     : No active profile set, falling back to 1 default profile: "default"
2025-12-28T18:13:10.714-03:00  INFO 34548 --- [MindCash] [main] .s.d.r.c.RepositoryConfigurationDelegate : Bootstrapping Spring Data R2DBC repositories in DEFAULT mode.
2025-12-28T18:13:10.734-03:00  INFO 34548 --- [MindCash] [main] .s.d.r.c.RepositoryConfigurationDelegate : Finished Spring Data repository scanning in 15 ms. Found 0 R2DBC repository interfaces.
2025-12-28T18:13:11.052-03:00  INFO 34548 --- [MindCash] [main] f.a.AutowiredAnnotationBeanPostProcessor : Inconsistent constructor declaration on bean with name 'adapter': single autowire-marked constructor flagged as optional - this constructor is effectively required since there is no default constructor to fall back to: public br.com.mindcash.financial.driven.account.Adapter(org.springframework.r2dbc.core.DatabaseClient,java.util.logging.Logger,org.springframework.transaction.reactive.TransactionalOperator)
2025-12-28T18:13:11.476-03:00  INFO 34548 --- [MindCash] [main] o.s.boot.reactor.netty.NettyWebServer    : Netty started on port 8088 (http)
2025-12-28T18:13:11.481-03:00  INFO 34548 --- [MindCash] [main] b.c.m.financial.FinancialApplication     : Started FinancialApplication in 1.58 seconds (process running for 2.122)
2025-12-28T18:16:00.867-03:00  INFO 34548 --- [MindCash] [SpringApplicationShutdownHook] o.s.boot.reactor.netty.GracefulShutdown  : Commencing graceful shutdown. Waiting for active requests to complete
2025-12-28T18:16:00.869-03:00  INFO 34548 --- [MindCash] [netty-shutdown] o.s.boot.reactor.netty.GracefulShutdown  : Graceful shutdown complete
2025-12-28T18:16:04.748-03:00  INFO 32056 --- [MindCash] [main] b.c.m.financial.FinancialApplication     : Starting FinancialApplication using Java 21.0.8 with PID 32056 (C:\Users\DIOGO\OneDrive\Desktop\Sandbox\Projetos\Backend\Java\mind-cash-be\financial-account\target\classes started by DIOGO in C:\Users\DIOGO\OneDrive\Desktop\Sandbox\Projetos\Backend\Java\mind-cash-be)
2025-12-28T18:16:04.752-03:00  INFO 32056 --- [MindCash] [main] b.c.m.financial.FinancialApplication     : No active profile set, falling back to 1 default profile: "default"
2025-12-28T18:16:05.135-03:00  INFO 32056 --- [MindCash] [main] .s.d.r.c.RepositoryConfigurationDelegate : Bootstrapping Spring Data R2DBC repositories in DEFAULT mode.
2025-12-28T18:16:05.155-03:00  INFO 32056 --- [MindCash] [main] .s.d.r.c.RepositoryConfigurationDelegate : Finished Spring Data repository scanning in 16 ms. Found 0 R2DBC repository interfaces.
2025-12-28T18:16:05.512-03:00  INFO 32056 --- [MindCash] [main] f.a.AutowiredAnnotationBeanPostProcessor : Inconsistent constructor declaration on bean with name 'adapter': single autowire-marked constructor flagged as optional - this constructor is effectively required since there is no default constructor to fall back to: public br.com.mindcash.financial.driven.account.Adapter(org.springframework.r2dbc.core.DatabaseClient,java.util.logging.Logger,org.springframework.transaction.reactive.TransactionalOperator)
2025-12-28T18:16:06.046-03:00  INFO 32056 --- [MindCash] [main] o.s.boot.reactor.netty.NettyWebServer    : Netty started on port 8088 (http)
2025-12-28T18:16:06.051-03:00  INFO 32056 --- [MindCash] [main] b.c.m.financial.FinancialApplication     : Started FinancialApplication in 1.731 seconds (process running for 2.667)
2025-12-28T18:16:20.560-03:00 ERROR 32056 --- [MindCash] [reactor-http-nio-3] b.w.a.e.AbstractErrorWebExceptionHandler : [446cd803-1]  500 Server Error for HTTP POST "/v1/expense"

java.lang.IllegalStateException: block()/blockFirst()/blockLast() are blocking, which is not supported in thread reactor-http-nio-3
	at reactor.core.publisher.BlockingSingleSubscriber.blockingGet(BlockingSingleSubscriber.java:87) ~[reactor-core-3.8.1.jar:3.8.1]
	Suppressed: The stacktrace has been enhanced by Reactor, refer to additional information below: 
Error has been observed at the following site(s):
	*__checkpoint ⇢ HTTP POST "/v1/expense" [ExceptionHandlingWebHandler]
Original Stack Trace:
		at reactor.core.publisher.BlockingSingleSubscriber.blockingGet(BlockingSingleSubscriber.java:87) ~[reactor-core-3.8.1.jar:3.8.1]
		at reactor.core.publisher.Mono.block(Mono.java:1773) ~[reactor-core-3.8.1.jar:3.8.1]
		at br.com.mindcash.financial.application.handlers.RegisterExpenseHandler.handler(RegisterExpenseHandler.java:20) ~[classes/:na]
		at br.com.mindcash.financial.driving.http.expense.Endpoint.post(Endpoint.java:28) ~[classes/:na]
		at java.base/jdk.internal.reflect.DirectMethodHandleAccessor.invoke(DirectMethodHandleAccessor.java:103) ~[na:na]
		at java.base/java.lang.reflect.Method.invoke(Method.java:580) ~[na:na]
		at org.springframework.web.reactive.result.method.InvocableHandlerMethod.lambda$invoke$0(InvocableHandlerMethod.java:211) ~[spring-webflux-7.0.2.jar:7.0.2]
		at reactor.core.publisher.MonoFlatMap$FlatMapMain.onNext(MonoFlatMap.java:133) ~[reactor-core-3.8.1.jar:3.8.1]
		at reactor.core.publisher.MonoZip$ZipCoordinator.signal(MonoZip.java:296) ~[reactor-core-3.8.1.jar:3.8.1]
		at reactor.core.publisher.MonoZip$ZipInner.onNext(MonoZip.java:480) ~[reactor-core-3.8.1.jar:3.8.1]
		at reactor.core.publisher.MonoPeekTerminal$MonoTerminalPeekSubscriber.onNext(MonoPeekTerminal.java:184) ~[reactor-core-3.8.1.jar:3.8.1]
		at reactor.core.publisher.FluxDefaultIfEmpty$DefaultIfEmptySubscriber.onNext(FluxDefaultIfEmpty.java:123) ~[reactor-core-3.8.1.jar:3.8.1]
		at reactor.core.publisher.FluxPeek$PeekSubscriber.onNext(FluxPeek.java:203) ~[reactor-core-3.8.1.jar:3.8.1]
		at reactor.core.publisher.FluxSwitchIfEmpty$SwitchIfEmptySubscriber.onNext(FluxSwitchIfEmpty.java:75) ~[reactor-core-3.8.1.jar:3.8.1]
		at reactor.core.publisher.FluxOnErrorResume$ResumeSubscriber.onNext(FluxOnErrorResume.java:80) ~[reactor-core-3.8.1.jar:3.8.1]
		at reactor.core.publisher.MonoFlatMap$FlatMapMain.onNext(MonoFlatMap.java:159) ~[reactor-core-3.8.1.jar:3.8.1]
		at reactor.core.publisher.FluxContextWrite$ContextWriteSubscriber.onNext(FluxContextWrite.java:109) ~[reactor-core-3.8.1.jar:3.8.1]
		at reactor.core.publisher.FluxMapFuseable$MapFuseableConditionalSubscriber.onNext(FluxMapFuseable.java:300) ~[reactor-core-3.8.1.jar:3.8.1]
		at reactor.core.publisher.FluxFilterFuseable$FilterFuseableConditionalSubscriber.onNext(FluxFilterFuseable.java:338) ~[reactor-core-3.8.1.jar:3.8.1]
		at reactor.core.publisher.Operators$BaseFluxToMonoOperator.completePossiblyEmpty(Operators.java:2093) ~[reactor-core-3.8.1.jar:3.8.1]
		at reactor.core.publisher.MonoCollect$CollectSubscriber.onComplete(MonoCollect.java:144) ~[reactor-core-3.8.1.jar:3.8.1]
		at reactor.core.publisher.FluxMap$MapSubscriber.onComplete(FluxMap.java:144) ~[reactor-core-3.8.1.jar:3.8.1]
		at reactor.core.publisher.FluxPeek$PeekSubscriber.onComplete(FluxPeek.java:263) ~[reactor-core-3.8.1.jar:3.8.1]
		at reactor.core.publisher.FluxMap$MapSubscriber.onComplete(FluxMap.java:144) ~[reactor-core-3.8.1.jar:3.8.1]
		at reactor.netty.channel.FluxReceive.onInboundComplete(FluxReceive.java:419) ~[reactor-netty-core-1.3.1.jar:1.3.1]
		at reactor.netty.channel.ChannelOperations.onInboundComplete(ChannelOperations.java:465) ~[reactor-netty-core-1.3.1.jar:1.3.1]
		at reactor.netty.http.server.HttpServerOperations.handleLastHttpContent(HttpServerOperations.java:896) ~[reactor-netty-http-1.3.1.jar:1.3.1]
		at reactor.netty.http.server.HttpServerOperations.onInboundNext(HttpServerOperations.java:805) ~[reactor-netty-http-1.3.1.jar:1.3.1]
		at reactor.netty.channel.ChannelOperationsHandler.channelRead(ChannelOperationsHandler.java:115) ~[reactor-netty-core-1.3.1.jar:1.3.1]
		at io.netty.channel.AbstractChannelHandlerContext.fireChannelRead(AbstractChannelHandlerContext.java:356) ~[netty-transport-4.2.9.Final.jar:4.2.9.Final]
		at reactor.netty.http.server.HttpTrafficHandler.channelRead(HttpTrafficHandler.java:332) ~[reactor-netty-http-1.3.1.jar:1.3.1]
		at io.netty.channel.AbstractChannelHandlerContext.fireChannelRead(AbstractChannelHandlerContext.java:354) ~[netty-transport-4.2.9.Final.jar:4.2.9.Final]
		at io.netty.channel.CombinedChannelDuplexHandler$DelegatingChannelHandlerContext.fireChannelRead(CombinedChannelDuplexHandler.java:434) ~[netty-transport-4.2.9.Final.jar:4.2.9.Final]
		at io.netty.handler.codec.ByteToMessageDecoder.fireChannelRead(ByteToMessageDecoder.java:361) ~[netty-codec-base-4.2.9.Final.jar:4.2.9.Final]
		at io.netty.handler.codec.ByteToMessageDecoder.channelRead(ByteToMessageDecoder.java:325) ~[netty-codec-base-4.2.9.Final.jar:4.2.9.Final]
		at io.netty.channel.CombinedChannelDuplexHandler.channelRead(CombinedChannelDuplexHandler.java:249) ~[netty-transport-4.2.9.Final.jar:4.2.9.Final]
		at io.netty.channel.AbstractChannelHandlerContext.fireChannelRead(AbstractChannelHandlerContext.java:354) ~[netty-transport-4.2.9.Final.jar:4.2.9.Final]
		at io.netty.channel.DefaultChannelPipeline$HeadContext.channelRead(DefaultChannelPipeline.java:1429) ~[netty-transport-4.2.9.Final.jar:4.2.9.Final]
		at io.netty.channel.DefaultChannelPipeline.fireChannelRead(DefaultChannelPipeline.java:918) ~[netty-transport-4.2.9.Final.jar:4.2.9.Final]
		at io.netty.channel.nio.AbstractNioByteChannel$NioByteUnsafe.read(AbstractNioByteChannel.java:172) ~[netty-transport-4.2.9.Final.jar:4.2.9.Final]
		at io.netty.channel.nio.AbstractNioChannel$AbstractNioUnsafe.handle(AbstractNioChannel.java:445) ~[netty-transport-4.2.9.Final.jar:4.2.9.Final]
		at io.netty.channel.nio.NioIoHandler$DefaultNioRegistration.handle(NioIoHandler.java:388) ~[netty-transport-4.2.9.Final.jar:4.2.9.Final]
		at io.netty.channel.nio.NioIoHandler.processSelectedKey(NioIoHandler.java:596) ~[netty-transport-4.2.9.Final.jar:4.2.9.Final]
		at io.netty.channel.nio.NioIoHandler.processSelectedKeysOptimized(NioIoHandler.java:571) ~[netty-transport-4.2.9.Final.jar:4.2.9.Final]
		at io.netty.channel.nio.NioIoHandler.processSelectedKeys(NioIoHandler.java:512) ~[netty-transport-4.2.9.Final.jar:4.2.9.Final]
		at io.netty.channel.nio.NioIoHandler.run(NioIoHandler.java:484) ~[netty-transport-4.2.9.Final.jar:4.2.9.Final]
		at io.netty.channel.SingleThreadIoEventLoop.runIo(SingleThreadIoEventLoop.java:225) ~[netty-transport-4.2.9.Final.jar:4.2.9.Final]
		at io.netty.channel.SingleThreadIoEventLoop.run(SingleThreadIoEventLoop.java:196) ~[netty-transport-4.2.9.Final.jar:4.2.9.Final]
		at io.netty.util.concurrent.SingleThreadEventExecutor$5.run(SingleThreadEventExecutor.java:1195) ~[netty-common-4.2.9.Final.jar:4.2.9.Final]
		at io.netty.util.internal.ThreadExecutorMap$2.run(ThreadExecutorMap.java:74) ~[netty-common-4.2.9.Final.jar:4.2.9.Final]
		at io.netty.util.concurrent.FastThreadLocalRunnable.run(FastThreadLocalRunnable.java:30) ~[netty-common-4.2.9.Final.jar:4.2.9.Final]
		at java.base/java.lang.Thread.run(Thread.java:1583) ~[na:na]

2025-12-28T18:16:20.669-03:00  WARN 32056 --- [MindCash] [reactor-tcp-nio-2] d.m.r.mysql.client.ReactorNettyClient    : Connection has been closed by peer
2025-12-28T18:16:20.670-03:00 ERROR 32056 --- [MindCash] [reactor-tcp-nio-2] reactor.core.publisher.Operators         : Operator called default onErrorDropped

dev.miku.r2dbc.mysql.client.MySqlConnectionClosedException: Connection unexpectedly closed
	at dev.miku.r2dbc.mysql.client.ClientExceptions.unexpectedClosed(ClientExceptions.java:32) ~[r2dbc-mysql-0.8.2.RELEASE.jar:0.8.2.RELEASE]
	at dev.miku.r2dbc.mysql.client.ReactorNettyClient.handleClose(ReactorNettyClient.java:260) ~[r2dbc-mysql-0.8.2.RELEASE.jar:0.8.2.RELEASE]
	at reactor.core.publisher.FluxPeek$PeekSubscriber.onComplete(FluxPeek.java:268) ~[reactor-core-3.8.1.jar:3.8.1]
	at reactor.core.publisher.Operators$MultiSubscriptionSubscriber.onComplete(Operators.java:2225) ~[reactor-core-3.8.1.jar:3.8.1]
	at reactor.core.publisher.FluxConcatMapNoPrefetch$FluxConcatMapNoPrefetchSubscriber.onComplete(FluxConcatMapNoPrefetch.java:241) ~[reactor-core-3.8.1.jar:3.8.1]
	at reactor.core.publisher.EmitterProcessor.checkTerminated(EmitterProcessor.java:606) ~[reactor-core-3.8.1.jar:3.8.1]
	at reactor.core.publisher.EmitterProcessor.drain(EmitterProcessor.java:467) ~[reactor-core-3.8.1.jar:3.8.1]
	at reactor.core.publisher.EmitterProcessor.tryEmitComplete(EmitterProcessor.java:286) ~[reactor-core-3.8.1.jar:3.8.1]
	at reactor.core.publisher.EmitterProcessor.onComplete(EmitterProcessor.java:277) ~[reactor-core-3.8.1.jar:3.8.1]
	at dev.miku.r2dbc.mysql.client.ReactorNettyClient.resumeError(ReactorNettyClient.java:215) ~[r2dbc-mysql-0.8.2.RELEASE.jar:0.8.2.RELEASE]
	at reactor.core.publisher.FluxOnErrorResume$ResumeSubscriber.onError(FluxOnErrorResume.java:95) ~[reactor-core-3.8.1.jar:3.8.1]
	at reactor.core.publisher.FluxPeek$PeekSubscriber.onError(FluxPeek.java:225) ~[reactor-core-3.8.1.jar:3.8.1]
	at reactor.netty.channel.FluxReceive.terminateReceiver(FluxReceive.java:484) ~[reactor-netty-core-1.3.1.jar:1.3.1]
	at reactor.netty.channel.FluxReceive.drainReceiver(FluxReceive.java:277) ~[reactor-netty-core-1.3.1.jar:1.3.1]
	at reactor.netty.channel.FluxReceive.onInboundNext(FluxReceive.java:407) ~[reactor-netty-core-1.3.1.jar:1.3.1]
	at reactor.netty.channel.ChannelOperations.onInboundNext(ChannelOperations.java:445) ~[reactor-netty-core-1.3.1.jar:1.3.1]
	at reactor.netty.channel.ChannelOperationsHandler.channelRead(ChannelOperationsHandler.java:115) ~[reactor-netty-core-1.3.1.jar:1.3.1]
	at io.netty.channel.AbstractChannelHandlerContext.fireChannelRead(AbstractChannelHandlerContext.java:356) ~[netty-transport-4.2.9.Final.jar:4.2.9.Final]
	at dev.miku.r2dbc.mysql.client.MessageDuplexCodec.handleDecoded(MessageDuplexCodec.java:187) ~[r2dbc-mysql-0.8.2.RELEASE.jar:0.8.2.RELEASE]
	at dev.miku.r2dbc.mysql.client.MessageDuplexCodec.channelRead(MessageDuplexCodec.java:95) ~[r2dbc-mysql-0.8.2.RELEASE.jar:0.8.2.RELEASE]
	at io.netty.channel.AbstractChannelHandlerContext.fireChannelRead(AbstractChannelHandlerContext.java:354) ~[netty-transport-4.2.9.Final.jar:4.2.9.Final]
	at io.netty.handler.codec.ByteToMessageDecoder.fireChannelRead(ByteToMessageDecoder.java:361) ~[netty-codec-base-4.2.9.Final.jar:4.2.9.Final]
	at io.netty.handler.codec.ByteToMessageDecoder.channelRead(ByteToMessageDecoder.java:325) ~[netty-codec-base-4.2.9.Final.jar:4.2.9.Final]
	at io.netty.channel.AbstractChannelHandlerContext.fireChannelRead(AbstractChannelHandlerContext.java:356) ~[netty-transport-4.2.9.Final.jar:4.2.9.Final]
	at io.netty.channel.DefaultChannelPipeline$HeadContext.channelRead(DefaultChannelPipeline.java:1429) ~[netty-transport-4.2.9.Final.jar:4.2.9.Final]
	at io.netty.channel.DefaultChannelPipeline.fireChannelRead(DefaultChannelPipeline.java:918) ~[netty-transport-4.2.9.Final.jar:4.2.9.Final]
	at io.netty.channel.nio.AbstractNioByteChannel$NioByteUnsafe.read(AbstractNioByteChannel.java:172) ~[netty-transport-4.2.9.Final.jar:4.2.9.Final]
	at io.netty.channel.nio.AbstractNioChannel$AbstractNioUnsafe.handle(AbstractNioChannel.java:445) ~[netty-transport-4.2.9.Final.jar:4.2.9.Final]
	at io.netty.channel.nio.NioIoHandler$DefaultNioRegistration.handle(NioIoHandler.java:388) ~[netty-transport-4.2.9.Final.jar:4.2.9.Final]
	at io.netty.channel.nio.NioIoHandler.processSelectedKey(NioIoHandler.java:596) ~[netty-transport-4.2.9.Final.jar:4.2.9.Final]
	at io.netty.channel.nio.NioIoHandler.processSelectedKeysOptimized(NioIoHandler.java:571) ~[netty-transport-4.2.9.Final.jar:4.2.9.Final]
	at io.netty.channel.nio.NioIoHandler.processSelectedKeys(NioIoHandler.java:512) ~[netty-transport-4.2.9.Final.jar:4.2.9.Final]
	at io.netty.channel.nio.NioIoHandler.run(NioIoHandler.java:484) ~[netty-transport-4.2.9.Final.jar:4.2.9.Final]
	at io.netty.channel.SingleThreadIoEventLoop.runIo(SingleThreadIoEventLoop.java:225) ~[netty-transport-4.2.9.Final.jar:4.2.9.Final]
	at io.netty.channel.SingleThreadIoEventLoop.run(SingleThreadIoEventLoop.java:196) ~[netty-transport-4.2.9.Final.jar:4.2.9.Final]
	at io.netty.util.concurrent.SingleThreadEventExecutor$5.run(SingleThreadEventExecutor.java:1195) ~[netty-common-4.2.9.Final.jar:4.2.9.Final]
	at io.netty.util.internal.ThreadExecutorMap$2.run(ThreadExecutorMap.java:74) ~[netty-common-4.2.9.Final.jar:4.2.9.Final]
	at io.netty.util.concurrent.FastThreadLocalRunnable.run(FastThreadLocalRunnable.java:30) ~[netty-common-4.2.9.Final.jar:4.2.9.Final]
	at java.base/java.lang.Thread.run(Thread.java:1583) ~[na:na]

2025-12-28T18:16:20.670-03:00 ERROR 32056 --- [MindCash] [reactor-tcp-nio-2] d.m.r.mysql.client.ReactorNettyClient    : Error: 'reactor.netty.tcp.SslProvider$DefaultConfigurationSpec reactor.netty.tcp.SslProvider$SslContextSpec.sslContext(io.netty.handler.ssl.SslContextBuilder)'

java.lang.NoSuchMethodError: 'reactor.netty.tcp.SslProvider$DefaultConfigurationSpec reactor.netty.tcp.SslProvider$SslContextSpec.sslContext(io.netty.handler.ssl.SslContextBuilder)'
	at dev.miku.r2dbc.mysql.client.SslBridgeHandler.buildProvider(SslBridgeHandler.java:159) ~[r2dbc-mysql-0.8.2.RELEASE.jar:0.8.2.RELEASE]
	at dev.miku.r2dbc.mysql.client.SslBridgeHandler.handleSslState(SslBridgeHandler.java:135) ~[r2dbc-mysql-0.8.2.RELEASE.jar:0.8.2.RELEASE]
	at dev.miku.r2dbc.mysql.client.SslBridgeHandler.userEventTriggered(SslBridgeHandler.java:86) ~[r2dbc-mysql-0.8.2.RELEASE.jar:0.8.2.RELEASE]
	at io.netty.channel.AbstractChannelHandlerContext.fireUserEventTriggered(AbstractChannelHandlerContext.java:323) ~[netty-transport-4.2.9.Final.jar:4.2.9.Final]
	at io.netty.channel.DefaultChannelPipeline$HeadContext.userEventTriggered(DefaultChannelPipeline.java:1447) ~[netty-transport-4.2.9.Final.jar:4.2.9.Final]
	at io.netty.channel.DefaultChannelPipeline.fireUserEventTriggered(DefaultChannelPipeline.java:904) ~[netty-transport-4.2.9.Final.jar:4.2.9.Final]
	at dev.miku.r2dbc.mysql.client.MessageDuplexCodec.write(MessageDuplexCodec.java:118) ~[r2dbc-mysql-0.8.2.RELEASE.jar:0.8.2.RELEASE]
	at io.netty.channel.AbstractChannelHandlerContext.write(AbstractChannelHandlerContext.java:825) ~[netty-transport-4.2.9.Final.jar:4.2.9.Final]
	at io.netty.channel.AbstractChannelHandlerContext.writeAndFlush(AbstractChannelHandlerContext.java:804) ~[netty-transport-4.2.9.Final.jar:4.2.9.Final]
	at io.netty.channel.AbstractChannelHandlerContext.writeAndFlush(AbstractChannelHandlerContext.java:869) ~[netty-transport-4.2.9.Final.jar:4.2.9.Final]
	at io.netty.channel.DefaultChannelPipeline.writeAndFlush(DefaultChannelPipeline.java:1046) ~[netty-transport-4.2.9.Final.jar:4.2.9.Final]
	at io.netty.channel.Channel.writeAndFlush(Channel.java:257) ~[netty-transport-4.2.9.Final.jar:4.2.9.Final]
	at reactor.netty.channel.ChannelOperations.lambda$sendObject$2(ChannelOperations.java:340) ~[reactor-netty-core-1.3.1.jar:1.3.1]
	at reactor.netty.FutureMono$DeferredFutureMono.subscribe(FutureMono.java:100) ~[reactor-netty-core-1.3.1.jar:1.3.1]
	at reactor.core.publisher.Mono.subscribe(Mono.java:4569) ~[reactor-core-3.8.1.jar:3.8.1]
	at reactor.netty.NettyOutbound.subscribe(NettyOutbound.java:336) ~[reactor-netty-core-1.3.1.jar:1.3.1]
	at reactor.core.publisher.FluxSource.subscribe(FluxSource.java:70) ~[reactor-core-3.8.1.jar:3.8.1]
	at reactor.core.publisher.Flux.subscribe(Flux.java:8888) ~[reactor-core-3.8.1.jar:3.8.1]
	at reactor.core.publisher.FluxConcatMapNoPrefetch$FluxConcatMapNoPrefetchSubscriber.onNext(FluxConcatMapNoPrefetch.java:207) ~[reactor-core-3.8.1.jar:3.8.1]
	at reactor.core.publisher.EmitterProcessor.drain(EmitterProcessor.java:543) ~[reactor-core-3.8.1.jar:3.8.1]
	at reactor.core.publisher.EmitterProcessor.tryEmitNext(EmitterProcessor.java:351) ~[reactor-core-3.8.1.jar:3.8.1]
	at reactor.core.publisher.InternalManySink.emitNext(InternalManySink.java:27) ~[reactor-core-3.8.1.jar:3.8.1]
	at reactor.core.publisher.EmitterProcessor.onNext(EmitterProcessor.java:317) ~[reactor-core-3.8.1.jar:3.8.1]
	at dev.miku.r2dbc.mysql.client.ReactorNettyClient.lambda$null$7(ReactorNettyClient.java:174) ~[r2dbc-mysql-0.8.2.RELEASE.jar:0.8.2.RELEASE]
	at reactor.core.publisher.LambdaSubscriber.onNext(LambdaSubscriber.java:165) ~[reactor-core-3.8.1.jar:3.8.1]
	at reactor.core.publisher.EmitterProcessor.drain(EmitterProcessor.java:543) ~[reactor-core-3.8.1.jar:3.8.1]
	at reactor.core.publisher.EmitterProcessor.tryEmitNext(EmitterProcessor.java:351) ~[reactor-core-3.8.1.jar:3.8.1]
	at reactor.core.publisher.InternalManySink.emitNext(InternalManySink.java:27) ~[reactor-core-3.8.1.jar:3.8.1]
	at reactor.core.publisher.EmitterProcessor.onNext(EmitterProcessor.java:317) ~[reactor-core-3.8.1.jar:3.8.1]
	at dev.miku.r2dbc.mysql.InitHandler.accept(QueryFlow.java:605) ~[r2dbc-mysql-0.8.2.RELEASE.jar:0.8.2.RELEASE]
	at dev.miku.r2dbc.mysql.InitHandler.accept(QueryFlow.java:545) ~[r2dbc-mysql-0.8.2.RELEASE.jar:0.8.2.RELEASE]
	at reactor.core.publisher.FluxHandle$HandleSubscriber.onNext(FluxHandle.java:116) ~[reactor-core-3.8.1.jar:3.8.1]
	at reactor.core.publisher.FluxPeekFuseable$PeekConditionalSubscriber.onNext(FluxPeekFuseable.java:850) ~[reactor-core-3.8.1.jar:3.8.1]
	at reactor.core.publisher.MonoFlatMapMany$FlatMapManyInner.onNext(MonoFlatMapMany.java:252) ~[reactor-core-3.8.1.jar:3.8.1]
	at reactor.core.publisher.FluxPeek$PeekSubscriber.onNext(FluxPeek.java:203) ~[reactor-core-3.8.1.jar:3.8.1]
	at reactor.core.publisher.FluxHandle$HandleSubscriber.onNext(FluxHandle.java:132) ~[reactor-core-3.8.1.jar:3.8.1]
	at reactor.core.publisher.FluxPeekFuseable$PeekConditionalSubscriber.onNext(FluxPeekFuseable.java:850) ~[reactor-core-3.8.1.jar:3.8.1]
	at reactor.core.publisher.EmitterProcessor.drain(EmitterProcessor.java:543) ~[reactor-core-3.8.1.jar:3.8.1]
	at reactor.core.publisher.EmitterProcessor.tryEmitNext(EmitterProcessor.java:351) ~[reactor-core-3.8.1.jar:3.8.1]
	at reactor.core.publisher.InternalManySink.emitNext(InternalManySink.java:27) ~[reactor-core-3.8.1.jar:3.8.1]
	at reactor.core.publisher.EmitterProcessor.onNext(EmitterProcessor.java:317) ~[reactor-core-3.8.1.jar:3.8.1]
	at dev.miku.r2dbc.mysql.client.ReactorNettyClient$ResponseSink.next(ReactorNettyClient.java:340) ~[r2dbc-mysql-0.8.2.RELEASE.jar:0.8.2.RELEASE]
	at dev.miku.r2dbc.mysql.client.ReactorNettyClient.lambda$new$0(ReactorNettyClient.java:103) ~[r2dbc-mysql-0.8.2.RELEASE.jar:0.8.2.RELEASE]
	at reactor.core.publisher.FluxPeek$PeekSubscriber.onNext(FluxPeek.java:188) ~[reactor-core-3.8.1.jar:3.8.1]
	at reactor.netty.channel.FluxReceive.drainReceiver(FluxReceive.java:296) ~[reactor-netty-core-1.3.1.jar:1.3.1]
	at reactor.netty.channel.FluxReceive.onInboundNext(FluxReceive.java:407) ~[reactor-netty-core-1.3.1.jar:1.3.1]
	at reactor.netty.channel.ChannelOperations.onInboundNext(ChannelOperations.java:445) ~[reactor-netty-core-1.3.1.jar:1.3.1]
	at reactor.netty.channel.ChannelOperationsHandler.channelRead(ChannelOperationsHandler.java:115) ~[reactor-netty-core-1.3.1.jar:1.3.1]
	at io.netty.channel.AbstractChannelHandlerContext.fireChannelRead(AbstractChannelHandlerContext.java:356) ~[netty-transport-4.2.9.Final.jar:4.2.9.Final]
	at dev.miku.r2dbc.mysql.client.MessageDuplexCodec.handleDecoded(MessageDuplexCodec.java:187) ~[r2dbc-mysql-0.8.2.RELEASE.jar:0.8.2.RELEASE]
	at dev.miku.r2dbc.mysql.client.MessageDuplexCodec.channelRead(MessageDuplexCodec.java:95) ~[r2dbc-mysql-0.8.2.RELEASE.jar:0.8.2.RELEASE]
	at io.netty.channel.AbstractChannelHandlerContext.fireChannelRead(AbstractChannelHandlerContext.java:354) ~[netty-transport-4.2.9.Final.jar:4.2.9.Final]
	at io.netty.handler.codec.ByteToMessageDecoder.fireChannelRead(ByteToMessageDecoder.java:361) ~[netty-codec-base-4.2.9.Final.jar:4.2.9.Final]
	at io.netty.handler.codec.ByteToMessageDecoder.channelRead(ByteToMessageDecoder.java:325) ~[netty-codec-base-4.2.9.Final.jar:4.2.9.Final]
	at io.netty.channel.AbstractChannelHandlerContext.fireChannelRead(AbstractChannelHandlerContext.java:356) ~[netty-transport-4.2.9.Final.jar:4.2.9.Final]
	at io.netty.channel.DefaultChannelPipeline$HeadContext.channelRead(DefaultChannelPipeline.java:1429) ~[netty-transport-4.2.9.Final.jar:4.2.9.Final]
	at io.netty.channel.DefaultChannelPipeline.fireChannelRead(DefaultChannelPipeline.java:918) ~[netty-transport-4.2.9.Final.jar:4.2.9.Final]
	at io.netty.channel.nio.AbstractNioByteChannel$NioByteUnsafe.read(AbstractNioByteChannel.java:172) ~[netty-transport-4.2.9.Final.jar:4.2.9.Final]
	at io.netty.channel.nio.AbstractNioChannel$AbstractNioUnsafe.handle(AbstractNioChannel.java:445) ~[netty-transport-4.2.9.Final.jar:4.2.9.Final]
	at io.netty.channel.nio.NioIoHandler$DefaultNioRegistration.handle(NioIoHandler.java:388) ~[netty-transport-4.2.9.Final.jar:4.2.9.Final]
	at io.netty.channel.nio.NioIoHandler.processSelectedKey(NioIoHandler.java:596) ~[netty-transport-4.2.9.Final.jar:4.2.9.Final]
	at io.netty.channel.nio.NioIoHandler.processSelectedKeysOptimized(NioIoHandler.java:571) ~[netty-transport-4.2.9.Final.jar:4.2.9.Final]
	at io.netty.channel.nio.NioIoHandler.processSelectedKeys(NioIoHandler.java:512) ~[netty-transport-4.2.9.Final.jar:4.2.9.Final]
	at io.netty.channel.nio.NioIoHandler.run(NioIoHandler.java:484) ~[netty-transport-4.2.9.Final.jar:4.2.9.Final]
	at io.netty.channel.SingleThreadIoEventLoop.runIo(SingleThreadIoEventLoop.java:225) ~[netty-transport-4.2.9.Final.jar:4.2.9.Final]
	at io.netty.channel.SingleThreadIoEventLoop.run(SingleThreadIoEventLoop.java:196) ~[netty-transport-4.2.9.Final.jar:4.2.9.Final]
	at io.netty.util.concurrent.SingleThreadEventExecutor$5.run(SingleThreadEventExecutor.java:1195) ~[netty-common-4.2.9.Final.jar:4.2.9.Final]
	at io.netty.util.internal.ThreadExecutorMap$2.run(ThreadExecutorMap.java:74) ~[netty-common-4.2.9.Final.jar:4.2.9.Final]
	at io.netty.util.concurrent.FastThreadLocalRunnable.run(FastThreadLocalRunnable.java:30) ~[netty-common-4.2.9.Final.jar:4.2.9.Final]
	at java.base/java.lang.Thread.run(Thread.java:1583) ~[na:na]

2025-12-28T18:16:20.672-03:00 ERROR 32056 --- [MindCash] [reactor-tcp-nio-2] reactor.core.publisher.Operators         : Operator called default onErrorDropped

dev.miku.r2dbc.mysql.client.MySqlConnectionClosedException: Connection closed
	at dev.miku.r2dbc.mysql.client.ClientExceptions.expectedClosed(ClientExceptions.java:36) ~[r2dbc-mysql-0.8.2.RELEASE.jar:0.8.2.RELEASE]
	at dev.miku.r2dbc.mysql.client.ReactorNettyClient.handleClose(ReactorNettyClient.java:262) ~[r2dbc-mysql-0.8.2.RELEASE.jar:0.8.2.RELEASE]
	at dev.miku.r2dbc.mysql.client.ReactorNettyClient.access$400(ReactorNettyClient.java:53) ~[r2dbc-mysql-0.8.2.RELEASE.jar:0.8.2.RELEASE]
	at dev.miku.r2dbc.mysql.client.ReactorNettyClient$ResponseSubscriber.onComplete(ReactorNettyClient.java:306) ~[r2dbc-mysql-0.8.2.RELEASE.jar:0.8.2.RELEASE]
	at reactor.core.publisher.Operators$MultiSubscriptionSubscriber.onComplete(Operators.java:2225) ~[reactor-core-3.8.1.jar:3.8.1]
	at reactor.core.publisher.MonoIgnoreThen$ThenIgnoreMain.onComplete(MonoIgnoreThen.java:213) ~[reactor-core-3.8.1.jar:3.8.1]
	at reactor.core.publisher.Operators.complete(Operators.java:137) ~[reactor-core-3.8.1.jar:3.8.1]
	at reactor.netty.FutureMono.doSubscribe(FutureMono.java:122) ~[reactor-netty-core-1.3.1.jar:1.3.1]
	at reactor.netty.FutureMono$DeferredFutureMono.subscribe(FutureMono.java:114) ~[reactor-netty-core-1.3.1.jar:1.3.1]
	at reactor.core.publisher.MonoIgnoreThen$ThenIgnoreMain.subscribeNext(MonoIgnoreThen.java:244) ~[reactor-core-3.8.1.jar:3.8.1]
	at reactor.core.publisher.MonoIgnoreThen$ThenIgnoreMain.onComplete(MonoIgnoreThen.java:207) ~[reactor-core-3.8.1.jar:3.8.1]
	at reactor.core.publisher.Operators$MultiSubscriptionSubscriber.onComplete(Operators.java:2225) ~[reactor-core-3.8.1.jar:3.8.1]
	at reactor.core.publisher.MonoFlatMap$FlatMapMain.onComplete(MonoFlatMap.java:190) ~[reactor-core-3.8.1.jar:3.8.1]
	at reactor.core.publisher.MonoCreate$DefaultMonoSink.success(MonoCreate.java:147) ~[reactor-core-3.8.1.jar:3.8.1]
	at dev.miku.r2dbc.mysql.client.ReactorNettyClient.lambda$close$13(ReactorNettyClient.java:201) ~[r2dbc-mysql-0.8.2.RELEASE.jar:0.8.2.RELEASE]
	at reactor.core.publisher.MonoCreate.subscribe(MonoCreate.java:61) ~[reactor-core-3.8.1.jar:3.8.1]
	at reactor.core.publisher.Mono.subscribe(Mono.java:4569) ~[reactor-core-3.8.1.jar:3.8.1]
	at reactor.core.publisher.MonoIgnoreThen$ThenIgnoreMain.subscribeNext(MonoIgnoreThen.java:268) ~[reactor-core-3.8.1.jar:3.8.1]
	at reactor.core.publisher.MonoIgnoreThen.subscribe(MonoIgnoreThen.java:51) ~[reactor-core-3.8.1.jar:3.8.1]
	at reactor.core.publisher.Mono.subscribe(Mono.java:4569) ~[reactor-core-3.8.1.jar:3.8.1]
	at reactor.core.publisher.FluxOnErrorResume$ResumeSubscriber.onError(FluxOnErrorResume.java:104) ~[reactor-core-3.8.1.jar:3.8.1]
	at reactor.core.publisher.FluxPeek$PeekSubscriber.onError(FluxPeek.java:225) ~[reactor-core-3.8.1.jar:3.8.1]
	at reactor.netty.channel.FluxReceive.terminateReceiver(FluxReceive.java:484) ~[reactor-netty-core-1.3.1.jar:1.3.1]
	at reactor.netty.channel.FluxReceive.drainReceiver(FluxReceive.java:277) ~[reactor-netty-core-1.3.1.jar:1.3.1]
	at reactor.netty.channel.FluxReceive.onInboundNext(FluxReceive.java:407) ~[reactor-netty-core-1.3.1.jar:1.3.1]
	at reactor.netty.channel.ChannelOperations.onInboundNext(ChannelOperations.java:445) ~[reactor-netty-core-1.3.1.jar:1.3.1]
	at reactor.netty.channel.ChannelOperationsHandler.channelRead(ChannelOperationsHandler.java:115) ~[reactor-netty-core-1.3.1.jar:1.3.1]
	at io.netty.channel.AbstractChannelHandlerContext.fireChannelRead(AbstractChannelHandlerContext.java:356) ~[netty-transport-4.2.9.Final.jar:4.2.9.Final]
	at dev.miku.r2dbc.mysql.client.MessageDuplexCodec.handleDecoded(MessageDuplexCodec.java:187) ~[r2dbc-mysql-0.8.2.RELEASE.jar:0.8.2.RELEASE]
	at dev.miku.r2dbc.mysql.client.MessageDuplexCodec.channelRead(MessageDuplexCodec.java:95) ~[r2dbc-mysql-0.8.2.RELEASE.jar:0.8.2.RELEASE]
	at io.netty.channel.AbstractChannelHandlerContext.fireChannelRead(AbstractChannelHandlerContext.java:354) ~[netty-transport-4.2.9.Final.jar:4.2.9.Final]
	at io.netty.handler.codec.ByteToMessageDecoder.fireChannelRead(ByteToMessageDecoder.java:361) ~[netty-codec-base-4.2.9.Final.jar:4.2.9.Final]
	at io.netty.handler.codec.ByteToMessageDecoder.channelRead(ByteToMessageDecoder.java:325) ~[netty-codec-base-4.2.9.Final.jar:4.2.9.Final]
	at io.netty.channel.AbstractChannelHandlerContext.fireChannelRead(AbstractChannelHandlerContext.java:356) ~[netty-transport-4.2.9.Final.jar:4.2.9.Final]
	at io.netty.channel.DefaultChannelPipeline$HeadContext.channelRead(DefaultChannelPipeline.java:1429) ~[netty-transport-4.2.9.Final.jar:4.2.9.Final]
	at io.netty.channel.DefaultChannelPipeline.fireChannelRead(DefaultChannelPipeline.java:918) ~[netty-transport-4.2.9.Final.jar:4.2.9.Final]
	at io.netty.channel.nio.AbstractNioByteChannel$NioByteUnsafe.read(AbstractNioByteChannel.java:172) ~[netty-transport-4.2.9.Final.jar:4.2.9.Final]
	at io.netty.channel.nio.AbstractNioChannel$AbstractNioUnsafe.handle(AbstractNioChannel.java:445) ~[netty-transport-4.2.9.Final.jar:4.2.9.Final]
	at io.netty.channel.nio.NioIoHandler$DefaultNioRegistration.handle(NioIoHandler.java:388) ~[netty-transport-4.2.9.Final.jar:4.2.9.Final]
	at io.netty.channel.nio.NioIoHandler.processSelectedKey(NioIoHandler.java:596) ~[netty-transport-4.2.9.Final.jar:4.2.9.Final]
	at io.netty.channel.nio.NioIoHandler.processSelectedKeysOptimized(NioIoHandler.java:571) ~[netty-transport-4.2.9.Final.jar:4.2.9.Final]
	at io.netty.channel.nio.NioIoHandler.processSelectedKeys(NioIoHandler.java:512) ~[netty-transport-4.2.9.Final.jar:4.2.9.Final]
	at io.netty.channel.nio.NioIoHandler.run(NioIoHandler.java:484) ~[netty-transport-4.2.9.Final.jar:4.2.9.Final]
	at io.netty.channel.SingleThreadIoEventLoop.runIo(SingleThreadIoEventLoop.java:225) ~[netty-transport-4.2.9.Final.jar:4.2.9.Final]
	at io.netty.channel.SingleThreadIoEventLoop.run(SingleThreadIoEventLoop.java:196) ~[netty-transport-4.2.9.Final.jar:4.2.9.Final]
	at io.netty.util.concurrent.SingleThreadEventExecutor$5.run(SingleThreadEventExecutor.java:1195) ~[netty-common-4.2.9.Final.jar:4.2.9.Final]
	at io.netty.util.internal.ThreadExecutorMap$2.run(ThreadExecutorMap.java:74) ~[netty-common-4.2.9.Final.jar:4.2.9.Final]
	at io.netty.util.concurrent.FastThreadLocalRunnable.run(FastThreadLocalRunnable.java:30) ~[netty-common-4.2.9.Final.jar:4.2.9.Final]
	at java.base/java.lang.Thread.run(Thread.java:1583) ~[na:na]

2025-12-28T18:17:17.316-03:00  INFO 32056 --- [MindCash] [SpringApplicationShutdownHook] o.s.boot.reactor.netty.GracefulShutdown  : Commencing graceful shutdown. Waiting for active requests to complete
2025-12-28T18:17:17.318-03:00  INFO 32056 --- [MindCash] [netty-shutdown] o.s.boot.reactor.netty.GracefulShutdown  : Graceful shutdown complete
2025-12-28T18:20:41.005-03:00  INFO 2644 --- [MindCash] [main] b.c.m.financial.FinancialApplication     : Starting FinancialApplication using Java 21.0.8 with PID 2644 (C:\Users\DIOGO\OneDrive\Desktop\Sandbox\Projetos\Backend\Java\mind-cash-be\financial-account\target\classes started by DIOGO in C:\Users\DIOGO\OneDrive\Desktop\Sandbox\Projetos\Backend\Java\mind-cash-be)
2025-12-28T18:20:41.007-03:00  INFO 2644 --- [MindCash] [main] b.c.m.financial.FinancialApplication     : No active profile set, falling back to 1 default profile: "default"
2025-12-28T18:20:41.353-03:00  INFO 2644 --- [MindCash] [main] .s.d.r.c.RepositoryConfigurationDelegate : Bootstrapping Spring Data R2DBC repositories in DEFAULT mode.
2025-12-28T18:20:41.371-03:00  INFO 2644 --- [MindCash] [main] .s.d.r.c.RepositoryConfigurationDelegate : Finished Spring Data repository scanning in 14 ms. Found 0 R2DBC repository interfaces.
2025-12-28T18:20:41.675-03:00  INFO 2644 --- [MindCash] [main] f.a.AutowiredAnnotationBeanPostProcessor : Inconsistent constructor declaration on bean with name 'adapter': single autowire-marked constructor flagged as optional - this constructor is effectively required since there is no default constructor to fall back to: public br.com.mindcash.financial.driven.account.Adapter(org.springframework.r2dbc.core.DatabaseClient,java.util.logging.Logger,org.springframework.transaction.reactive.TransactionalOperator)
2025-12-28T18:20:42.082-03:00  INFO 2644 --- [MindCash] [main] o.s.boot.reactor.netty.NettyWebServer    : Netty started on port 8088 (http)
2025-12-28T18:20:42.086-03:00  INFO 2644 --- [MindCash] [main] b.c.m.financial.FinancialApplication     : Started FinancialApplication in 1.423 seconds (process running for 2.066)
2025-12-28T18:20:49.547-03:00  INFO 2644 --- [MindCash] [SpringApplicationShutdownHook] o.s.boot.reactor.netty.GracefulShutdown  : Commencing graceful shutdown. Waiting for active requests to complete
2025-12-28T18:20:49.548-03:00  INFO 2644 --- [MindCash] [netty-shutdown] o.s.boot.reactor.netty.GracefulShutdown  : Graceful shutdown complete
2025-12-28T18:20:58.279-03:00  INFO 35480 --- [MindCash] [main] b.c.m.financial.FinancialApplication     : Starting FinancialApplication using Java 21.0.8 with PID 35480 (C:\Users\DIOGO\OneDrive\Desktop\Sandbox\Projetos\Backend\Java\mind-cash-be\financial-account\target\classes started by DIOGO in C:\Users\DIOGO\OneDrive\Desktop\Sandbox\Projetos\Backend\Java\mind-cash-be)
2025-12-28T18:20:58.282-03:00  INFO 35480 --- [MindCash] [main] b.c.m.financial.FinancialApplication     : No active profile set, falling back to 1 default profile: "default"
2025-12-28T18:20:58.642-03:00  INFO 35480 --- [MindCash] [main] .s.d.r.c.RepositoryConfigurationDelegate : Bootstrapping Spring Data R2DBC repositories in DEFAULT mode.
2025-12-28T18:20:58.662-03:00  INFO 35480 --- [MindCash] [main] .s.d.r.c.RepositoryConfigurationDelegate : Finished Spring Data repository scanning in 15 ms. Found 0 R2DBC repository interfaces.
2025-12-28T18:20:58.988-03:00  INFO 35480 --- [MindCash] [main] f.a.AutowiredAnnotationBeanPostProcessor : Inconsistent constructor declaration on bean with name 'adapter': single autowire-marked constructor flagged as optional - this constructor is effectively required since there is no default constructor to fall back to: public br.com.mindcash.financial.driven.account.Adapter(org.springframework.r2dbc.core.DatabaseClient,java.util.logging.Logger,org.springframework.transaction.reactive.TransactionalOperator)
2025-12-28T18:20:59.467-03:00  INFO 35480 --- [MindCash] [main] o.s.boot.reactor.netty.NettyWebServer    : Netty started on port 8088 (http)
2025-12-28T18:20:59.470-03:00  INFO 35480 --- [MindCash] [main] b.c.m.financial.FinancialApplication     : Started FinancialApplication in 1.605 seconds (process running for 2.287)
2025-12-28T18:21:12.556-03:00 ERROR 35480 --- [MindCash] [reactor-http-nio-3] b.w.a.e.AbstractErrorWebExceptionHandler : [82552f98-1]  500 Server Error for HTTP POST "/v1/expense"

java.lang.IllegalStateException: block()/blockFirst()/blockLast() are blocking, which is not supported in thread reactor-http-nio-3
	at reactor.core.publisher.BlockingSingleSubscriber.blockingGet(BlockingSingleSubscriber.java:87) ~[reactor-core-3.8.1.jar:3.8.1]
	Suppressed: The stacktrace has been enhanced by Reactor, refer to additional information below: 
Error has been observed at the following site(s):
	*__checkpoint ⇢ HTTP POST "/v1/expense" [ExceptionHandlingWebHandler]
Original Stack Trace:
		at reactor.core.publisher.BlockingSingleSubscriber.blockingGet(BlockingSingleSubscriber.java:87) ~[reactor-core-3.8.1.jar:3.8.1]
		at reactor.core.publisher.Mono.block(Mono.java:1773) ~[reactor-core-3.8.1.jar:3.8.1]
		at br.com.mindcash.financial.application.handlers.RegisterExpenseHandler.handler(RegisterExpenseHandler.java:20) ~[classes/:na]
		at br.com.mindcash.financial.driving.http.expense.Endpoint.post(Endpoint.java:28) ~[classes/:na]
		at java.base/jdk.internal.reflect.DirectMethodHandleAccessor.invoke(DirectMethodHandleAccessor.java:103) ~[na:na]
		at java.base/java.lang.reflect.Method.invoke(Method.java:580) ~[na:na]
		at org.springframework.web.reactive.result.method.InvocableHandlerMethod.lambda$invoke$0(InvocableHandlerMethod.java:211) ~[spring-webflux-7.0.2.jar:7.0.2]
		at reactor.core.publisher.MonoFlatMap$FlatMapMain.onNext(MonoFlatMap.java:133) ~[reactor-core-3.8.1.jar:3.8.1]
		at reactor.core.publisher.MonoZip$ZipCoordinator.signal(MonoZip.java:296) ~[reactor-core-3.8.1.jar:3.8.1]
		at reactor.core.publisher.MonoZip$ZipInner.onNext(MonoZip.java:480) ~[reactor-core-3.8.1.jar:3.8.1]
		at reactor.core.publisher.MonoPeekTerminal$MonoTerminalPeekSubscriber.onNext(MonoPeekTerminal.java:184) ~[reactor-core-3.8.1.jar:3.8.1]
		at reactor.core.publisher.FluxDefaultIfEmpty$DefaultIfEmptySubscriber.onNext(FluxDefaultIfEmpty.java:123) ~[reactor-core-3.8.1.jar:3.8.1]
		at reactor.core.publisher.FluxPeek$PeekSubscriber.onNext(FluxPeek.java:203) ~[reactor-core-3.8.1.jar:3.8.1]
		at reactor.core.publisher.FluxSwitchIfEmpty$SwitchIfEmptySubscriber.onNext(FluxSwitchIfEmpty.java:75) ~[reactor-core-3.8.1.jar:3.8.1]
		at reactor.core.publisher.FluxOnErrorResume$ResumeSubscriber.onNext(FluxOnErrorResume.java:80) ~[reactor-core-3.8.1.jar:3.8.1]
		at reactor.core.publisher.MonoFlatMap$FlatMapMain.onNext(MonoFlatMap.java:159) ~[reactor-core-3.8.1.jar:3.8.1]
		at reactor.core.publisher.FluxContextWrite$ContextWriteSubscriber.onNext(FluxContextWrite.java:109) ~[reactor-core-3.8.1.jar:3.8.1]
		at reactor.core.publisher.FluxMapFuseable$MapFuseableConditionalSubscriber.onNext(FluxMapFuseable.java:300) ~[reactor-core-3.8.1.jar:3.8.1]
		at reactor.core.publisher.FluxFilterFuseable$FilterFuseableConditionalSubscriber.onNext(FluxFilterFuseable.java:338) ~[reactor-core-3.8.1.jar:3.8.1]
		at reactor.core.publisher.Operators$BaseFluxToMonoOperator.completePossiblyEmpty(Operators.java:2093) ~[reactor-core-3.8.1.jar:3.8.1]
		at reactor.core.publisher.MonoCollect$CollectSubscriber.onComplete(MonoCollect.java:144) ~[reactor-core-3.8.1.jar:3.8.1]
		at reactor.core.publisher.FluxMap$MapSubscriber.onComplete(FluxMap.java:144) ~[reactor-core-3.8.1.jar:3.8.1]
		at reactor.core.publisher.FluxPeek$PeekSubscriber.onComplete(FluxPeek.java:263) ~[reactor-core-3.8.1.jar:3.8.1]
		at reactor.core.publisher.FluxMap$MapSubscriber.onComplete(FluxMap.java:144) ~[reactor-core-3.8.1.jar:3.8.1]
		at reactor.netty.channel.FluxReceive.onInboundComplete(FluxReceive.java:419) ~[reactor-netty-core-1.3.1.jar:1.3.1]
		at reactor.netty.channel.ChannelOperations.onInboundComplete(ChannelOperations.java:465) ~[reactor-netty-core-1.3.1.jar:1.3.1]
		at reactor.netty.http.server.HttpServerOperations.handleLastHttpContent(HttpServerOperations.java:896) ~[reactor-netty-http-1.3.1.jar:1.3.1]
		at reactor.netty.http.server.HttpServerOperations.onInboundNext(HttpServerOperations.java:805) ~[reactor-netty-http-1.3.1.jar:1.3.1]
		at reactor.netty.channel.ChannelOperationsHandler.channelRead(ChannelOperationsHandler.java:115) ~[reactor-netty-core-1.3.1.jar:1.3.1]
		at io.netty.channel.AbstractChannelHandlerContext.fireChannelRead(AbstractChannelHandlerContext.java:356) ~[netty-transport-4.2.9.Final.jar:4.2.9.Final]
		at reactor.netty.http.server.HttpTrafficHandler.channelRead(HttpTrafficHandler.java:332) ~[reactor-netty-http-1.3.1.jar:1.3.1]
		at io.netty.channel.AbstractChannelHandlerContext.fireChannelRead(AbstractChannelHandlerContext.java:354) ~[netty-transport-4.2.9.Final.jar:4.2.9.Final]
		at io.netty.channel.CombinedChannelDuplexHandler$DelegatingChannelHandlerContext.fireChannelRead(CombinedChannelDuplexHandler.java:434) ~[netty-transport-4.2.9.Final.jar:4.2.9.Final]
		at io.netty.handler.codec.ByteToMessageDecoder.fireChannelRead(ByteToMessageDecoder.java:361) ~[netty-codec-base-4.2.9.Final.jar:4.2.9.Final]
		at io.netty.handler.codec.ByteToMessageDecoder.channelRead(ByteToMessageDecoder.java:325) ~[netty-codec-base-4.2.9.Final.jar:4.2.9.Final]
		at io.netty.channel.CombinedChannelDuplexHandler.channelRead(CombinedChannelDuplexHandler.java:249) ~[netty-transport-4.2.9.Final.jar:4.2.9.Final]
		at io.netty.channel.AbstractChannelHandlerContext.fireChannelRead(AbstractChannelHandlerContext.java:354) ~[netty-transport-4.2.9.Final.jar:4.2.9.Final]
		at io.netty.channel.DefaultChannelPipeline$HeadContext.channelRead(DefaultChannelPipeline.java:1429) ~[netty-transport-4.2.9.Final.jar:4.2.9.Final]
		at io.netty.channel.DefaultChannelPipeline.fireChannelRead(DefaultChannelPipeline.java:918) ~[netty-transport-4.2.9.Final.jar:4.2.9.Final]
		at io.netty.channel.nio.AbstractNioByteChannel$NioByteUnsafe.read(AbstractNioByteChannel.java:172) ~[netty-transport-4.2.9.Final.jar:4.2.9.Final]
		at io.netty.channel.nio.AbstractNioChannel$AbstractNioUnsafe.handle(AbstractNioChannel.java:445) ~[netty-transport-4.2.9.Final.jar:4.2.9.Final]
		at io.netty.channel.nio.NioIoHandler$DefaultNioRegistration.handle(NioIoHandler.java:388) ~[netty-transport-4.2.9.Final.jar:4.2.9.Final]
		at io.netty.channel.nio.NioIoHandler.processSelectedKey(NioIoHandler.java:596) ~[netty-transport-4.2.9.Final.jar:4.2.9.Final]
		at io.netty.channel.nio.NioIoHandler.processSelectedKeysOptimized(NioIoHandler.java:571) ~[netty-transport-4.2.9.Final.jar:4.2.9.Final]
		at io.netty.channel.nio.NioIoHandler.processSelectedKeys(NioIoHandler.java:512) ~[netty-transport-4.2.9.Final.jar:4.2.9.Final]
		at io.netty.channel.nio.NioIoHandler.run(NioIoHandler.java:484) ~[netty-transport-4.2.9.Final.jar:4.2.9.Final]
		at io.netty.channel.SingleThreadIoEventLoop.runIo(SingleThreadIoEventLoop.java:225) ~[netty-transport-4.2.9.Final.jar:4.2.9.Final]
		at io.netty.channel.SingleThreadIoEventLoop.run(SingleThreadIoEventLoop.java:196) ~[netty-transport-4.2.9.Final.jar:4.2.9.Final]
		at io.netty.util.concurrent.SingleThreadEventExecutor$5.run(SingleThreadEventExecutor.java:1195) ~[netty-common-4.2.9.Final.jar:4.2.9.Final]
		at io.netty.util.internal.ThreadExecutorMap$2.run(ThreadExecutorMap.java:74) ~[netty-common-4.2.9.Final.jar:4.2.9.Final]
		at io.netty.util.concurrent.FastThreadLocalRunnable.run(FastThreadLocalRunnable.java:30) ~[netty-common-4.2.9.Final.jar:4.2.9.Final]
		at java.base/java.lang.Thread.run(Thread.java:1583) ~[na:na]

2025-12-28T18:21:12.661-03:00  WARN 35480 --- [MindCash] [reactor-tcp-nio-2] d.m.r.mysql.client.ReactorNettyClient    : Connection has been closed by peer
2025-12-28T18:21:12.663-03:00 ERROR 35480 --- [MindCash] [reactor-tcp-nio-2] reactor.core.publisher.Operators         : Operator called default onErrorDropped

dev.miku.r2dbc.mysql.client.MySqlConnectionClosedException: Connection unexpectedly closed
	at dev.miku.r2dbc.mysql.client.ClientExceptions.unexpectedClosed(ClientExceptions.java:32) ~[r2dbc-mysql-0.8.2.RELEASE.jar:0.8.2.RELEASE]
	at dev.miku.r2dbc.mysql.client.ReactorNettyClient.handleClose(ReactorNettyClient.java:260) ~[r2dbc-mysql-0.8.2.RELEASE.jar:0.8.2.RELEASE]
	at reactor.core.publisher.FluxPeek$PeekSubscriber.onComplete(FluxPeek.java:268) ~[reactor-core-3.8.1.jar:3.8.1]
	at reactor.core.publisher.Operators$MultiSubscriptionSubscriber.onComplete(Operators.java:2225) ~[reactor-core-3.8.1.jar:3.8.1]
	at reactor.core.publisher.FluxConcatMapNoPrefetch$FluxConcatMapNoPrefetchSubscriber.onComplete(FluxConcatMapNoPrefetch.java:241) ~[reactor-core-3.8.1.jar:3.8.1]
	at reactor.core.publisher.EmitterProcessor.checkTerminated(EmitterProcessor.java:606) ~[reactor-core-3.8.1.jar:3.8.1]
	at reactor.core.publisher.EmitterProcessor.drain(EmitterProcessor.java:467) ~[reactor-core-3.8.1.jar:3.8.1]
	at reactor.core.publisher.EmitterProcessor.tryEmitComplete(EmitterProcessor.java:286) ~[reactor-core-3.8.1.jar:3.8.1]
	at reactor.core.publisher.EmitterProcessor.onComplete(EmitterProcessor.java:277) ~[reactor-core-3.8.1.jar:3.8.1]
	at dev.miku.r2dbc.mysql.client.ReactorNettyClient.resumeError(ReactorNettyClient.java:215) ~[r2dbc-mysql-0.8.2.RELEASE.jar:0.8.2.RELEASE]
	at reactor.core.publisher.FluxOnErrorResume$ResumeSubscriber.onError(FluxOnErrorResume.java:95) ~[reactor-core-3.8.1.jar:3.8.1]
	at reactor.core.publisher.FluxPeek$PeekSubscriber.onError(FluxPeek.java:225) ~[reactor-core-3.8.1.jar:3.8.1]
	at reactor.netty.channel.FluxReceive.terminateReceiver(FluxReceive.java:484) ~[reactor-netty-core-1.3.1.jar:1.3.1]
	at reactor.netty.channel.FluxReceive.drainReceiver(FluxReceive.java:277) ~[reactor-netty-core-1.3.1.jar:1.3.1]
	at reactor.netty.channel.FluxReceive.onInboundNext(FluxReceive.java:407) ~[reactor-netty-core-1.3.1.jar:1.3.1]
	at reactor.netty.channel.ChannelOperations.onInboundNext(ChannelOperations.java:445) ~[reactor-netty-core-1.3.1.jar:1.3.1]
	at reactor.netty.channel.ChannelOperationsHandler.channelRead(ChannelOperationsHandler.java:115) ~[reactor-netty-core-1.3.1.jar:1.3.1]
	at io.netty.channel.AbstractChannelHandlerContext.fireChannelRead(AbstractChannelHandlerContext.java:356) ~[netty-transport-4.2.9.Final.jar:4.2.9.Final]
	at dev.miku.r2dbc.mysql.client.MessageDuplexCodec.handleDecoded(MessageDuplexCodec.java:187) ~[r2dbc-mysql-0.8.2.RELEASE.jar:0.8.2.RELEASE]
	at dev.miku.r2dbc.mysql.client.MessageDuplexCodec.channelRead(MessageDuplexCodec.java:95) ~[r2dbc-mysql-0.8.2.RELEASE.jar:0.8.2.RELEASE]
	at io.netty.channel.AbstractChannelHandlerContext.fireChannelRead(AbstractChannelHandlerContext.java:354) ~[netty-transport-4.2.9.Final.jar:4.2.9.Final]
	at io.netty.handler.codec.ByteToMessageDecoder.fireChannelRead(ByteToMessageDecoder.java:361) ~[netty-codec-base-4.2.9.Final.jar:4.2.9.Final]
	at io.netty.handler.codec.ByteToMessageDecoder.channelRead(ByteToMessageDecoder.java:325) ~[netty-codec-base-4.2.9.Final.jar:4.2.9.Final]
	at io.netty.channel.AbstractChannelHandlerContext.fireChannelRead(AbstractChannelHandlerContext.java:356) ~[netty-transport-4.2.9.Final.jar:4.2.9.Final]
	at io.netty.channel.DefaultChannelPipeline$HeadContext.channelRead(DefaultChannelPipeline.java:1429) ~[netty-transport-4.2.9.Final.jar:4.2.9.Final]
	at io.netty.channel.DefaultChannelPipeline.fireChannelRead(DefaultChannelPipeline.java:918) ~[netty-transport-4.2.9.Final.jar:4.2.9.Final]
	at io.netty.channel.nio.AbstractNioByteChannel$NioByteUnsafe.read(AbstractNioByteChannel.java:172) ~[netty-transport-4.2.9.Final.jar:4.2.9.Final]
	at io.netty.channel.nio.AbstractNioChannel$AbstractNioUnsafe.handle(AbstractNioChannel.java:445) ~[netty-transport-4.2.9.Final.jar:4.2.9.Final]
	at io.netty.channel.nio.NioIoHandler$DefaultNioRegistration.handle(NioIoHandler.java:388) ~[netty-transport-4.2.9.Final.jar:4.2.9.Final]
	at io.netty.channel.nio.NioIoHandler.processSelectedKey(NioIoHandler.java:596) ~[netty-transport-4.2.9.Final.jar:4.2.9.Final]
	at io.netty.channel.nio.NioIoHandler.processSelectedKeysOptimized(NioIoHandler.java:571) ~[netty-transport-4.2.9.Final.jar:4.2.9.Final]
	at io.netty.channel.nio.NioIoHandler.processSelectedKeys(NioIoHandler.java:512) ~[netty-transport-4.2.9.Final.jar:4.2.9.Final]
	at io.netty.channel.nio.NioIoHandler.run(NioIoHandler.java:484) ~[netty-transport-4.2.9.Final.jar:4.2.9.Final]
	at io.netty.channel.SingleThreadIoEventLoop.runIo(SingleThreadIoEventLoop.java:225) ~[netty-transport-4.2.9.Final.jar:4.2.9.Final]
	at io.netty.channel.SingleThreadIoEventLoop.run(SingleThreadIoEventLoop.java:196) ~[netty-transport-4.2.9.Final.jar:4.2.9.Final]
	at io.netty.util.concurrent.SingleThreadEventExecutor$5.run(SingleThreadEventExecutor.java:1195) ~[netty-common-4.2.9.Final.jar:4.2.9.Final]
	at io.netty.util.internal.ThreadExecutorMap$2.run(ThreadExecutorMap.java:74) ~[netty-common-4.2.9.Final.jar:4.2.9.Final]
	at io.netty.util.concurrent.FastThreadLocalRunnable.run(FastThreadLocalRunnable.java:30) ~[netty-common-4.2.9.Final.jar:4.2.9.Final]
	at java.base/java.lang.Thread.run(Thread.java:1583) ~[na:na]

2025-12-28T18:21:12.663-03:00 ERROR 35480 --- [MindCash] [reactor-tcp-nio-2] d.m.r.mysql.client.ReactorNettyClient    : Error: 'reactor.netty.tcp.SslProvider$DefaultConfigurationSpec reactor.netty.tcp.SslProvider$SslContextSpec.sslContext(io.netty.handler.ssl.SslContextBuilder)'

java.lang.NoSuchMethodError: 'reactor.netty.tcp.SslProvider$DefaultConfigurationSpec reactor.netty.tcp.SslProvider$SslContextSpec.sslContext(io.netty.handler.ssl.SslContextBuilder)'
	at dev.miku.r2dbc.mysql.client.SslBridgeHandler.buildProvider(SslBridgeHandler.java:159) ~[r2dbc-mysql-0.8.2.RELEASE.jar:0.8.2.RELEASE]
	at dev.miku.r2dbc.mysql.client.SslBridgeHandler.handleSslState(SslBridgeHandler.java:135) ~[r2dbc-mysql-0.8.2.RELEASE.jar:0.8.2.RELEASE]
	at dev.miku.r2dbc.mysql.client.SslBridgeHandler.userEventTriggered(SslBridgeHandler.java:86) ~[r2dbc-mysql-0.8.2.RELEASE.jar:0.8.2.RELEASE]
	at io.netty.channel.AbstractChannelHandlerContext.fireUserEventTriggered(AbstractChannelHandlerContext.java:323) ~[netty-transport-4.2.9.Final.jar:4.2.9.Final]
	at io.netty.channel.DefaultChannelPipeline$HeadContext.userEventTriggered(DefaultChannelPipeline.java:1447) ~[netty-transport-4.2.9.Final.jar:4.2.9.Final]
	at io.netty.channel.DefaultChannelPipeline.fireUserEventTriggered(DefaultChannelPipeline.java:904) ~[netty-transport-4.2.9.Final.jar:4.2.9.Final]
	at dev.miku.r2dbc.mysql.client.MessageDuplexCodec.write(MessageDuplexCodec.java:118) ~[r2dbc-mysql-0.8.2.RELEASE.jar:0.8.2.RELEASE]
	at io.netty.channel.AbstractChannelHandlerContext.write(AbstractChannelHandlerContext.java:825) ~[netty-transport-4.2.9.Final.jar:4.2.9.Final]
	at io.netty.channel.AbstractChannelHandlerContext.writeAndFlush(AbstractChannelHandlerContext.java:804) ~[netty-transport-4.2.9.Final.jar:4.2.9.Final]
	at io.netty.channel.AbstractChannelHandlerContext.writeAndFlush(AbstractChannelHandlerContext.java:869) ~[netty-transport-4.2.9.Final.jar:4.2.9.Final]
	at io.netty.channel.DefaultChannelPipeline.writeAndFlush(DefaultChannelPipeline.java:1046) ~[netty-transport-4.2.9.Final.jar:4.2.9.Final]
	at io.netty.channel.Channel.writeAndFlush(Channel.java:257) ~[netty-transport-4.2.9.Final.jar:4.2.9.Final]
	at reactor.netty.channel.ChannelOperations.lambda$sendObject$2(ChannelOperations.java:340) ~[reactor-netty-core-1.3.1.jar:1.3.1]
	at reactor.netty.FutureMono$DeferredFutureMono.subscribe(FutureMono.java:100) ~[reactor-netty-core-1.3.1.jar:1.3.1]
	at reactor.core.publisher.Mono.subscribe(Mono.java:4569) ~[reactor-core-3.8.1.jar:3.8.1]
	at reactor.netty.NettyOutbound.subscribe(NettyOutbound.java:336) ~[reactor-netty-core-1.3.1.jar:1.3.1]
	at reactor.core.publisher.FluxSource.subscribe(FluxSource.java:70) ~[reactor-core-3.8.1.jar:3.8.1]
	at reactor.core.publisher.Flux.subscribe(Flux.java:8888) ~[reactor-core-3.8.1.jar:3.8.1]
	at reactor.core.publisher.FluxConcatMapNoPrefetch$FluxConcatMapNoPrefetchSubscriber.onNext(FluxConcatMapNoPrefetch.java:207) ~[reactor-core-3.8.1.jar:3.8.1]
	at reactor.core.publisher.EmitterProcessor.drain(EmitterProcessor.java:543) ~[reactor-core-3.8.1.jar:3.8.1]
	at reactor.core.publisher.EmitterProcessor.tryEmitNext(EmitterProcessor.java:351) ~[reactor-core-3.8.1.jar:3.8.1]
	at reactor.core.publisher.InternalManySink.emitNext(InternalManySink.java:27) ~[reactor-core-3.8.1.jar:3.8.1]
	at reactor.core.publisher.EmitterProcessor.onNext(EmitterProcessor.java:317) ~[reactor-core-3.8.1.jar:3.8.1]
	at dev.miku.r2dbc.mysql.client.ReactorNettyClient.lambda$null$7(ReactorNettyClient.java:174) ~[r2dbc-mysql-0.8.2.RELEASE.jar:0.8.2.RELEASE]
	at reactor.core.publisher.LambdaSubscriber.onNext(LambdaSubscriber.java:165) ~[reactor-core-3.8.1.jar:3.8.1]
	at reactor.core.publisher.EmitterProcessor.drain(EmitterProcessor.java:543) ~[reactor-core-3.8.1.jar:3.8.1]
	at reactor.core.publisher.EmitterProcessor.tryEmitNext(EmitterProcessor.java:351) ~[reactor-core-3.8.1.jar:3.8.1]
	at reactor.core.publisher.InternalManySink.emitNext(InternalManySink.java:27) ~[reactor-core-3.8.1.jar:3.8.1]
	at reactor.core.publisher.EmitterProcessor.onNext(EmitterProcessor.java:317) ~[reactor-core-3.8.1.jar:3.8.1]
	at dev.miku.r2dbc.mysql.InitHandler.accept(QueryFlow.java:605) ~[r2dbc-mysql-0.8.2.RELEASE.jar:0.8.2.RELEASE]
	at dev.miku.r2dbc.mysql.InitHandler.accept(QueryFlow.java:545) ~[r2dbc-mysql-0.8.2.RELEASE.jar:0.8.2.RELEASE]
	at reactor.core.publisher.FluxHandle$HandleSubscriber.onNext(FluxHandle.java:116) ~[reactor-core-3.8.1.jar:3.8.1]
	at reactor.core.publisher.FluxPeekFuseable$PeekConditionalSubscriber.onNext(FluxPeekFuseable.java:850) ~[reactor-core-3.8.1.jar:3.8.1]
	at reactor.core.publisher.MonoFlatMapMany$FlatMapManyInner.onNext(MonoFlatMapMany.java:252) ~[reactor-core-3.8.1.jar:3.8.1]
	at reactor.core.publisher.FluxPeek$PeekSubscriber.onNext(FluxPeek.java:203) ~[reactor-core-3.8.1.jar:3.8.1]
	at reactor.core.publisher.FluxHandle$HandleSubscriber.onNext(FluxHandle.java:132) ~[reactor-core-3.8.1.jar:3.8.1]
	at reactor.core.publisher.FluxPeekFuseable$PeekConditionalSubscriber.onNext(FluxPeekFuseable.java:850) ~[reactor-core-3.8.1.jar:3.8.1]
	at reactor.core.publisher.EmitterProcessor.drain(EmitterProcessor.java:543) ~[reactor-core-3.8.1.jar:3.8.1]
	at reactor.core.publisher.EmitterProcessor.tryEmitNext(EmitterProcessor.java:351) ~[reactor-core-3.8.1.jar:3.8.1]
	at reactor.core.publisher.InternalManySink.emitNext(InternalManySink.java:27) ~[reactor-core-3.8.1.jar:3.8.1]
	at reactor.core.publisher.EmitterProcessor.onNext(EmitterProcessor.java:317) ~[reactor-core-3.8.1.jar:3.8.1]
	at dev.miku.r2dbc.mysql.client.ReactorNettyClient$ResponseSink.next(ReactorNettyClient.java:340) ~[r2dbc-mysql-0.8.2.RELEASE.jar:0.8.2.RELEASE]
	at dev.miku.r2dbc.mysql.client.ReactorNettyClient.lambda$new$0(ReactorNettyClient.java:103) ~[r2dbc-mysql-0.8.2.RELEASE.jar:0.8.2.RELEASE]
	at reactor.core.publisher.FluxPeek$PeekSubscriber.onNext(FluxPeek.java:188) ~[reactor-core-3.8.1.jar:3.8.1]
	at reactor.netty.channel.FluxReceive.drainReceiver(FluxReceive.java:296) ~[reactor-netty-core-1.3.1.jar:1.3.1]
	at reactor.netty.channel.FluxReceive.onInboundNext(FluxReceive.java:407) ~[reactor-netty-core-1.3.1.jar:1.3.1]
	at reactor.netty.channel.ChannelOperations.onInboundNext(ChannelOperations.java:445) ~[reactor-netty-core-1.3.1.jar:1.3.1]
	at reactor.netty.channel.ChannelOperationsHandler.channelRead(ChannelOperationsHandler.java:115) ~[reactor-netty-core-1.3.1.jar:1.3.1]
	at io.netty.channel.AbstractChannelHandlerContext.fireChannelRead(AbstractChannelHandlerContext.java:356) ~[netty-transport-4.2.9.Final.jar:4.2.9.Final]
	at dev.miku.r2dbc.mysql.client.MessageDuplexCodec.handleDecoded(MessageDuplexCodec.java:187) ~[r2dbc-mysql-0.8.2.RELEASE.jar:0.8.2.RELEASE]
	at dev.miku.r2dbc.mysql.client.MessageDuplexCodec.channelRead(MessageDuplexCodec.java:95) ~[r2dbc-mysql-0.8.2.RELEASE.jar:0.8.2.RELEASE]
	at io.netty.channel.AbstractChannelHandlerContext.fireChannelRead(AbstractChannelHandlerContext.java:354) ~[netty-transport-4.2.9.Final.jar:4.2.9.Final]
	at io.netty.handler.codec.ByteToMessageDecoder.fireChannelRead(ByteToMessageDecoder.java:361) ~[netty-codec-base-4.2.9.Final.jar:4.2.9.Final]
	at io.netty.handler.codec.ByteToMessageDecoder.channelRead(ByteToMessageDecoder.java:325) ~[netty-codec-base-4.2.9.Final.jar:4.2.9.Final]
	at io.netty.channel.AbstractChannelHandlerContext.fireChannelRead(AbstractChannelHandlerContext.java:356) ~[netty-transport-4.2.9.Final.jar:4.2.9.Final]
	at io.netty.channel.DefaultChannelPipeline$HeadContext.channelRead(DefaultChannelPipeline.java:1429) ~[netty-transport-4.2.9.Final.jar:4.2.9.Final]
	at io.netty.channel.DefaultChannelPipeline.fireChannelRead(DefaultChannelPipeline.java:918) ~[netty-transport-4.2.9.Final.jar:4.2.9.Final]
	at io.netty.channel.nio.AbstractNioByteChannel$NioByteUnsafe.read(AbstractNioByteChannel.java:172) ~[netty-transport-4.2.9.Final.jar:4.2.9.Final]
	at io.netty.channel.nio.AbstractNioChannel$AbstractNioUnsafe.handle(AbstractNioChannel.java:445) ~[netty-transport-4.2.9.Final.jar:4.2.9.Final]
	at io.netty.channel.nio.NioIoHandler$DefaultNioRegistration.handle(NioIoHandler.java:388) ~[netty-transport-4.2.9.Final.jar:4.2.9.Final]
	at io.netty.channel.nio.NioIoHandler.processSelectedKey(NioIoHandler.java:596) ~[netty-transport-4.2.9.Final.jar:4.2.9.Final]
	at io.netty.channel.nio.NioIoHandler.processSelectedKeysOptimized(NioIoHandler.java:571) ~[netty-transport-4.2.9.Final.jar:4.2.9.Final]
	at io.netty.channel.nio.NioIoHandler.processSelectedKeys(NioIoHandler.java:512) ~[netty-transport-4.2.9.Final.jar:4.2.9.Final]
	at io.netty.channel.nio.NioIoHandler.run(NioIoHandler.java:484) ~[netty-transport-4.2.9.Final.jar:4.2.9.Final]
	at io.netty.channel.SingleThreadIoEventLoop.runIo(SingleThreadIoEventLoop.java:225) ~[netty-transport-4.2.9.Final.jar:4.2.9.Final]
	at io.netty.channel.SingleThreadIoEventLoop.run(SingleThreadIoEventLoop.java:196) ~[netty-transport-4.2.9.Final.jar:4.2.9.Final]
	at io.netty.util.concurrent.SingleThreadEventExecutor$5.run(SingleThreadEventExecutor.java:1195) ~[netty-common-4.2.9.Final.jar:4.2.9.Final]
	at io.netty.util.internal.ThreadExecutorMap$2.run(ThreadExecutorMap.java:74) ~[netty-common-4.2.9.Final.jar:4.2.9.Final]
	at io.netty.util.concurrent.FastThreadLocalRunnable.run(FastThreadLocalRunnable.java:30) ~[netty-common-4.2.9.Final.jar:4.2.9.Final]
	at java.base/java.lang.Thread.run(Thread.java:1583) ~[na:na]

2025-12-28T18:21:12.664-03:00 ERROR 35480 --- [MindCash] [reactor-tcp-nio-2] reactor.core.publisher.Operators         : Operator called default onErrorDropped

dev.miku.r2dbc.mysql.client.MySqlConnectionClosedException: Connection closed
	at dev.miku.r2dbc.mysql.client.ClientExceptions.expectedClosed(ClientExceptions.java:36) ~[r2dbc-mysql-0.8.2.RELEASE.jar:0.8.2.RELEASE]
	at dev.miku.r2dbc.mysql.client.ReactorNettyClient.handleClose(ReactorNettyClient.java:262) ~[r2dbc-mysql-0.8.2.RELEASE.jar:0.8.2.RELEASE]
	at dev.miku.r2dbc.mysql.client.ReactorNettyClient.access$400(ReactorNettyClient.java:53) ~[r2dbc-mysql-0.8.2.RELEASE.jar:0.8.2.RELEASE]
	at dev.miku.r2dbc.mysql.client.ReactorNettyClient$ResponseSubscriber.onComplete(ReactorNettyClient.java:306) ~[r2dbc-mysql-0.8.2.RELEASE.jar:0.8.2.RELEASE]
	at reactor.core.publisher.Operators$MultiSubscriptionSubscriber.onComplete(Operators.java:2225) ~[reactor-core-3.8.1.jar:3.8.1]
	at reactor.core.publisher.MonoIgnoreThen$ThenIgnoreMain.onComplete(MonoIgnoreThen.java:213) ~[reactor-core-3.8.1.jar:3.8.1]
	at reactor.core.publisher.Operators.complete(Operators.java:137) ~[reactor-core-3.8.1.jar:3.8.1]
	at reactor.netty.FutureMono.doSubscribe(FutureMono.java:122) ~[reactor-netty-core-1.3.1.jar:1.3.1]
	at reactor.netty.FutureMono$DeferredFutureMono.subscribe(FutureMono.java:114) ~[reactor-netty-core-1.3.1.jar:1.3.1]
	at reactor.core.publisher.MonoIgnoreThen$ThenIgnoreMain.subscribeNext(MonoIgnoreThen.java:244) ~[reactor-core-3.8.1.jar:3.8.1]
	at reactor.core.publisher.MonoIgnoreThen$ThenIgnoreMain.onComplete(MonoIgnoreThen.java:207) ~[reactor-core-3.8.1.jar:3.8.1]
	at reactor.core.publisher.Operators$MultiSubscriptionSubscriber.onComplete(Operators.java:2225) ~[reactor-core-3.8.1.jar:3.8.1]
	at reactor.core.publisher.MonoFlatMap$FlatMapMain.onComplete(MonoFlatMap.java:190) ~[reactor-core-3.8.1.jar:3.8.1]
	at reactor.core.publisher.MonoCreate$DefaultMonoSink.success(MonoCreate.java:147) ~[reactor-core-3.8.1.jar:3.8.1]
	at dev.miku.r2dbc.mysql.client.ReactorNettyClient.lambda$close$13(ReactorNettyClient.java:201) ~[r2dbc-mysql-0.8.2.RELEASE.jar:0.8.2.RELEASE]
	at reactor.core.publisher.MonoCreate.subscribe(MonoCreate.java:61) ~[reactor-core-3.8.1.jar:3.8.1]
	at reactor.core.publisher.Mono.subscribe(Mono.java:4569) ~[reactor-core-3.8.1.jar:3.8.1]
	at reactor.core.publisher.MonoIgnoreThen$ThenIgnoreMain.subscribeNext(MonoIgnoreThen.java:268) ~[reactor-core-3.8.1.jar:3.8.1]
	at reactor.core.publisher.MonoIgnoreThen.subscribe(MonoIgnoreThen.java:51) ~[reactor-core-3.8.1.jar:3.8.1]
	at reactor.core.publisher.Mono.subscribe(Mono.java:4569) ~[reactor-core-3.8.1.jar:3.8.1]
	at reactor.core.publisher.FluxOnErrorResume$ResumeSubscriber.onError(FluxOnErrorResume.java:104) ~[reactor-core-3.8.1.jar:3.8.1]
	at reactor.core.publisher.FluxPeek$PeekSubscriber.onError(FluxPeek.java:225) ~[reactor-core-3.8.1.jar:3.8.1]
	at reactor.netty.channel.FluxReceive.terminateReceiver(FluxReceive.java:484) ~[reactor-netty-core-1.3.1.jar:1.3.1]
	at reactor.netty.channel.FluxReceive.drainReceiver(FluxReceive.java:277) ~[reactor-netty-core-1.3.1.jar:1.3.1]
	at reactor.netty.channel.FluxReceive.onInboundNext(FluxReceive.java:407) ~[reactor-netty-core-1.3.1.jar:1.3.1]
	at reactor.netty.channel.ChannelOperations.onInboundNext(ChannelOperations.java:445) ~[reactor-netty-core-1.3.1.jar:1.3.1]
	at reactor.netty.channel.ChannelOperationsHandler.channelRead(ChannelOperationsHandler.java:115) ~[reactor-netty-core-1.3.1.jar:1.3.1]
	at io.netty.channel.AbstractChannelHandlerContext.fireChannelRead(AbstractChannelHandlerContext.java:356) ~[netty-transport-4.2.9.Final.jar:4.2.9.Final]
	at dev.miku.r2dbc.mysql.client.MessageDuplexCodec.handleDecoded(MessageDuplexCodec.java:187) ~[r2dbc-mysql-0.8.2.RELEASE.jar:0.8.2.RELEASE]
	at dev.miku.r2dbc.mysql.client.MessageDuplexCodec.channelRead(MessageDuplexCodec.java:95) ~[r2dbc-mysql-0.8.2.RELEASE.jar:0.8.2.RELEASE]
	at io.netty.channel.AbstractChannelHandlerContext.fireChannelRead(AbstractChannelHandlerContext.java:354) ~[netty-transport-4.2.9.Final.jar:4.2.9.Final]
	at io.netty.handler.codec.ByteToMessageDecoder.fireChannelRead(ByteToMessageDecoder.java:361) ~[netty-codec-base-4.2.9.Final.jar:4.2.9.Final]
	at io.netty.handler.codec.ByteToMessageDecoder.channelRead(ByteToMessageDecoder.java:325) ~[netty-codec-base-4.2.9.Final.jar:4.2.9.Final]
	at io.netty.channel.AbstractChannelHandlerContext.fireChannelRead(AbstractChannelHandlerContext.java:356) ~[netty-transport-4.2.9.Final.jar:4.2.9.Final]
	at io.netty.channel.DefaultChannelPipeline$HeadContext.channelRead(DefaultChannelPipeline.java:1429) ~[netty-transport-4.2.9.Final.jar:4.2.9.Final]
	at io.netty.channel.DefaultChannelPipeline.fireChannelRead(DefaultChannelPipeline.java:918) ~[netty-transport-4.2.9.Final.jar:4.2.9.Final]
	at io.netty.channel.nio.AbstractNioByteChannel$NioByteUnsafe.read(AbstractNioByteChannel.java:172) ~[netty-transport-4.2.9.Final.jar:4.2.9.Final]
	at io.netty.channel.nio.AbstractNioChannel$AbstractNioUnsafe.handle(AbstractNioChannel.java:445) ~[netty-transport-4.2.9.Final.jar:4.2.9.Final]
	at io.netty.channel.nio.NioIoHandler$DefaultNioRegistration.handle(NioIoHandler.java:388) ~[netty-transport-4.2.9.Final.jar:4.2.9.Final]
	at io.netty.channel.nio.NioIoHandler.processSelectedKey(NioIoHandler.java:596) ~[netty-transport-4.2.9.Final.jar:4.2.9.Final]
	at io.netty.channel.nio.NioIoHandler.processSelectedKeysOptimized(NioIoHandler.java:571) ~[netty-transport-4.2.9.Final.jar:4.2.9.Final]
	at io.netty.channel.nio.NioIoHandler.processSelectedKeys(NioIoHandler.java:512) ~[netty-transport-4.2.9.Final.jar:4.2.9.Final]
	at io.netty.channel.nio.NioIoHandler.run(NioIoHandler.java:484) ~[netty-transport-4.2.9.Final.jar:4.2.9.Final]
	at io.netty.channel.SingleThreadIoEventLoop.runIo(SingleThreadIoEventLoop.java:225) ~[netty-transport-4.2.9.Final.jar:4.2.9.Final]
	at io.netty.channel.SingleThreadIoEventLoop.run(SingleThreadIoEventLoop.java:196) ~[netty-transport-4.2.9.Final.jar:4.2.9.Final]
	at io.netty.util.concurrent.SingleThreadEventExecutor$5.run(SingleThreadEventExecutor.java:1195) ~[netty-common-4.2.9.Final.jar:4.2.9.Final]
	at io.netty.util.internal.ThreadExecutorMap$2.run(ThreadExecutorMap.java:74) ~[netty-common-4.2.9.Final.jar:4.2.9.Final]
	at io.netty.util.concurrent.FastThreadLocalRunnable.run(FastThreadLocalRunnable.java:30) ~[netty-common-4.2.9.Final.jar:4.2.9.Final]
	at java.base/java.lang.Thread.run(Thread.java:1583) ~[na:na]

2025-12-28T18:21:24.819-03:00  INFO 35480 --- [MindCash] [SpringApplicationShutdownHook] o.s.boot.reactor.netty.GracefulShutdown  : Commencing graceful shutdown. Waiting for active requests to complete
2025-12-28T18:21:24.821-03:00  INFO 35480 --- [MindCash] [netty-shutdown] o.s.boot.reactor.netty.GracefulShutdown  : Graceful shutdown complete
2025-12-28T18:27:34.661-03:00  INFO 37152 --- [MindCash] [main] b.c.m.financial.FinancialApplication     : Starting FinancialApplication using Java 21.0.8 with PID 37152 (C:\Users\DIOGO\OneDrive\Desktop\Sandbox\Projetos\Backend\Java\mind-cash-be\financial-account\target\classes started by DIOGO in C:\Users\DIOGO\OneDrive\Desktop\Sandbox\Projetos\Backend\Java\mind-cash-be)
2025-12-28T18:27:34.664-03:00  INFO 37152 --- [MindCash] [main] b.c.m.financial.FinancialApplication     : No active profile set, falling back to 1 default profile: "default"
2025-12-28T18:27:35.003-03:00  INFO 37152 --- [MindCash] [main] .s.d.r.c.RepositoryConfigurationDelegate : Bootstrapping Spring Data R2DBC repositories in DEFAULT mode.
2025-12-28T18:27:35.021-03:00  INFO 37152 --- [MindCash] [main] .s.d.r.c.RepositoryConfigurationDelegate : Finished Spring Data repository scanning in 14 ms. Found 0 R2DBC repository interfaces.
2025-12-28T18:27:35.303-03:00  INFO 37152 --- [MindCash] [main] f.a.AutowiredAnnotationBeanPostProcessor : Inconsistent constructor declaration on bean with name 'adapter': single autowire-marked constructor flagged as optional - this constructor is effectively required since there is no default constructor to fall back to: public br.com.mindcash.financial.driven.account.Adapter(org.springframework.r2dbc.core.DatabaseClient,java.util.logging.Logger,org.springframework.transaction.reactive.TransactionalOperator)
2025-12-28T18:27:35.711-03:00  INFO 37152 --- [MindCash] [main] o.s.boot.reactor.netty.NettyWebServer    : Netty started on port 8088 (http)
2025-12-28T18:27:35.714-03:00  INFO 37152 --- [MindCash] [main] b.c.m.financial.FinancialApplication     : Started FinancialApplication in 1.407 seconds (process running for 1.904)
2025-12-28T18:27:38.415-03:00 ERROR 37152 --- [MindCash] [reactor-http-nio-3] b.w.a.e.AbstractErrorWebExceptionHandler : [98d2c5a1-1]  500 Server Error for HTTP POST "/v1/expense"

java.lang.IllegalStateException: block()/blockFirst()/blockLast() are blocking, which is not supported in thread reactor-http-nio-3
	at reactor.core.publisher.BlockingSingleSubscriber.blockingGet(BlockingSingleSubscriber.java:87) ~[reactor-core-3.8.1.jar:3.8.1]
	Suppressed: The stacktrace has been enhanced by Reactor, refer to additional information below: 
Error has been observed at the following site(s):
	*__checkpoint ⇢ HTTP POST "/v1/expense" [ExceptionHandlingWebHandler]
Original Stack Trace:
		at reactor.core.publisher.BlockingSingleSubscriber.blockingGet(BlockingSingleSubscriber.java:87) ~[reactor-core-3.8.1.jar:3.8.1]
		at reactor.core.publisher.Mono.block(Mono.java:1773) ~[reactor-core-3.8.1.jar:3.8.1]
		at br.com.mindcash.financial.application.handlers.RegisterExpenseHandler.handler(RegisterExpenseHandler.java:20) ~[classes/:na]
		at br.com.mindcash.financial.driving.http.expense.Endpoint.post(Endpoint.java:28) ~[classes/:na]
		at java.base/jdk.internal.reflect.DirectMethodHandleAccessor.invoke(DirectMethodHandleAccessor.java:103) ~[na:na]
		at java.base/java.lang.reflect.Method.invoke(Method.java:580) ~[na:na]
		at org.springframework.web.reactive.result.method.InvocableHandlerMethod.lambda$invoke$0(InvocableHandlerMethod.java:211) ~[spring-webflux-7.0.2.jar:7.0.2]
		at reactor.core.publisher.MonoFlatMap$FlatMapMain.onNext(MonoFlatMap.java:133) ~[reactor-core-3.8.1.jar:3.8.1]
		at reactor.core.publisher.MonoZip$ZipCoordinator.signal(MonoZip.java:296) ~[reactor-core-3.8.1.jar:3.8.1]
		at reactor.core.publisher.MonoZip$ZipInner.onNext(MonoZip.java:480) ~[reactor-core-3.8.1.jar:3.8.1]
		at reactor.core.publisher.MonoPeekTerminal$MonoTerminalPeekSubscriber.onNext(MonoPeekTerminal.java:184) ~[reactor-core-3.8.1.jar:3.8.1]
		at reactor.core.publisher.FluxDefaultIfEmpty$DefaultIfEmptySubscriber.onNext(FluxDefaultIfEmpty.java:123) ~[reactor-core-3.8.1.jar:3.8.1]
		at reactor.core.publisher.FluxPeek$PeekSubscriber.onNext(FluxPeek.java:203) ~[reactor-core-3.8.1.jar:3.8.1]
		at reactor.core.publisher.FluxSwitchIfEmpty$SwitchIfEmptySubscriber.onNext(FluxSwitchIfEmpty.java:75) ~[reactor-core-3.8.1.jar:3.8.1]
		at reactor.core.publisher.FluxOnErrorResume$ResumeSubscriber.onNext(FluxOnErrorResume.java:80) ~[reactor-core-3.8.1.jar:3.8.1]
		at reactor.core.publisher.MonoFlatMap$FlatMapMain.onNext(MonoFlatMap.java:159) ~[reactor-core-3.8.1.jar:3.8.1]
		at reactor.core.publisher.FluxContextWrite$ContextWriteSubscriber.onNext(FluxContextWrite.java:109) ~[reactor-core-3.8.1.jar:3.8.1]
		at reactor.core.publisher.FluxMapFuseable$MapFuseableConditionalSubscriber.onNext(FluxMapFuseable.java:300) ~[reactor-core-3.8.1.jar:3.8.1]
		at reactor.core.publisher.FluxFilterFuseable$FilterFuseableConditionalSubscriber.onNext(FluxFilterFuseable.java:338) ~[reactor-core-3.8.1.jar:3.8.1]
		at reactor.core.publisher.Operators$BaseFluxToMonoOperator.completePossiblyEmpty(Operators.java:2093) ~[reactor-core-3.8.1.jar:3.8.1]
		at reactor.core.publisher.MonoCollect$CollectSubscriber.onComplete(MonoCollect.java:144) ~[reactor-core-3.8.1.jar:3.8.1]
		at reactor.core.publisher.FluxMap$MapSubscriber.onComplete(FluxMap.java:144) ~[reactor-core-3.8.1.jar:3.8.1]
		at reactor.core.publisher.FluxPeek$PeekSubscriber.onComplete(FluxPeek.java:263) ~[reactor-core-3.8.1.jar:3.8.1]
		at reactor.core.publisher.FluxMap$MapSubscriber.onComplete(FluxMap.java:144) ~[reactor-core-3.8.1.jar:3.8.1]
		at reactor.netty.channel.FluxReceive.onInboundComplete(FluxReceive.java:419) ~[reactor-netty-core-1.3.1.jar:1.3.1]
		at reactor.netty.channel.ChannelOperations.onInboundComplete(ChannelOperations.java:465) ~[reactor-netty-core-1.3.1.jar:1.3.1]
		at reactor.netty.http.server.HttpServerOperations.handleLastHttpContent(HttpServerOperations.java:896) ~[reactor-netty-http-1.3.1.jar:1.3.1]
		at reactor.netty.http.server.HttpServerOperations.onInboundNext(HttpServerOperations.java:805) ~[reactor-netty-http-1.3.1.jar:1.3.1]
		at reactor.netty.channel.ChannelOperationsHandler.channelRead(ChannelOperationsHandler.java:115) ~[reactor-netty-core-1.3.1.jar:1.3.1]
		at io.netty.channel.AbstractChannelHandlerContext.fireChannelRead(AbstractChannelHandlerContext.java:356) ~[netty-transport-4.2.9.Final.jar:4.2.9.Final]
		at reactor.netty.http.server.HttpTrafficHandler.channelRead(HttpTrafficHandler.java:332) ~[reactor-netty-http-1.3.1.jar:1.3.1]
		at io.netty.channel.AbstractChannelHandlerContext.fireChannelRead(AbstractChannelHandlerContext.java:354) ~[netty-transport-4.2.9.Final.jar:4.2.9.Final]
		at io.netty.channel.CombinedChannelDuplexHandler$DelegatingChannelHandlerContext.fireChannelRead(CombinedChannelDuplexHandler.java:434) ~[netty-transport-4.2.9.Final.jar:4.2.9.Final]
		at io.netty.handler.codec.ByteToMessageDecoder.fireChannelRead(ByteToMessageDecoder.java:361) ~[netty-codec-base-4.2.9.Final.jar:4.2.9.Final]
		at io.netty.handler.codec.ByteToMessageDecoder.channelRead(ByteToMessageDecoder.java:325) ~[netty-codec-base-4.2.9.Final.jar:4.2.9.Final]
		at io.netty.channel.CombinedChannelDuplexHandler.channelRead(CombinedChannelDuplexHandler.java:249) ~[netty-transport-4.2.9.Final.jar:4.2.9.Final]
		at io.netty.channel.AbstractChannelHandlerContext.fireChannelRead(AbstractChannelHandlerContext.java:354) ~[netty-transport-4.2.9.Final.jar:4.2.9.Final]
		at io.netty.channel.DefaultChannelPipeline$HeadContext.channelRead(DefaultChannelPipeline.java:1429) ~[netty-transport-4.2.9.Final.jar:4.2.9.Final]
		at io.netty.channel.DefaultChannelPipeline.fireChannelRead(DefaultChannelPipeline.java:918) ~[netty-transport-4.2.9.Final.jar:4.2.9.Final]
		at io.netty.channel.nio.AbstractNioByteChannel$NioByteUnsafe.read(AbstractNioByteChannel.java:172) ~[netty-transport-4.2.9.Final.jar:4.2.9.Final]
		at io.netty.channel.nio.AbstractNioChannel$AbstractNioUnsafe.handle(AbstractNioChannel.java:445) ~[netty-transport-4.2.9.Final.jar:4.2.9.Final]
		at io.netty.channel.nio.NioIoHandler$DefaultNioRegistration.handle(NioIoHandler.java:388) ~[netty-transport-4.2.9.Final.jar:4.2.9.Final]
		at io.netty.channel.nio.NioIoHandler.processSelectedKey(NioIoHandler.java:596) ~[netty-transport-4.2.9.Final.jar:4.2.9.Final]
		at io.netty.channel.nio.NioIoHandler.processSelectedKeysOptimized(NioIoHandler.java:571) ~[netty-transport-4.2.9.Final.jar:4.2.9.Final]
		at io.netty.channel.nio.NioIoHandler.processSelectedKeys(NioIoHandler.java:512) ~[netty-transport-4.2.9.Final.jar:4.2.9.Final]
		at io.netty.channel.nio.NioIoHandler.run(NioIoHandler.java:484) ~[netty-transport-4.2.9.Final.jar:4.2.9.Final]
		at io.netty.channel.SingleThreadIoEventLoop.runIo(SingleThreadIoEventLoop.java:225) ~[netty-transport-4.2.9.Final.jar:4.2.9.Final]
		at io.netty.channel.SingleThreadIoEventLoop.run(SingleThreadIoEventLoop.java:196) ~[netty-transport-4.2.9.Final.jar:4.2.9.Final]
		at io.netty.util.concurrent.SingleThreadEventExecutor$5.run(SingleThreadEventExecutor.java:1195) ~[netty-common-4.2.9.Final.jar:4.2.9.Final]
		at io.netty.util.internal.ThreadExecutorMap$2.run(ThreadExecutorMap.java:74) ~[netty-common-4.2.9.Final.jar:4.2.9.Final]
		at io.netty.util.concurrent.FastThreadLocalRunnable.run(FastThreadLocalRunnable.java:30) ~[netty-common-4.2.9.Final.jar:4.2.9.Final]
		at java.base/java.lang.Thread.run(Thread.java:1583) ~[na:na]

2025-12-28T18:27:38.496-03:00  WARN 37152 --- [MindCash] [reactor-tcp-nio-2] d.m.r.mysql.client.ReactorNettyClient    : Connection has been closed by peer
2025-12-28T18:27:38.496-03:00 ERROR 37152 --- [MindCash] [reactor-tcp-nio-2] reactor.core.publisher.Operators         : Operator called default onErrorDropped

dev.miku.r2dbc.mysql.client.MySqlConnectionClosedException: Connection unexpectedly closed
	at dev.miku.r2dbc.mysql.client.ClientExceptions.unexpectedClosed(ClientExceptions.java:32) ~[r2dbc-mysql-0.8.2.RELEASE.jar:0.8.2.RELEASE]
	at dev.miku.r2dbc.mysql.client.ReactorNettyClient.handleClose(ReactorNettyClient.java:260) ~[r2dbc-mysql-0.8.2.RELEASE.jar:0.8.2.RELEASE]
	at reactor.core.publisher.FluxPeek$PeekSubscriber.onComplete(FluxPeek.java:268) ~[reactor-core-3.8.1.jar:3.8.1]
	at reactor.core.publisher.Operators$MultiSubscriptionSubscriber.onComplete(Operators.java:2225) ~[reactor-core-3.8.1.jar:3.8.1]
	at reactor.core.publisher.FluxConcatMapNoPrefetch$FluxConcatMapNoPrefetchSubscriber.onComplete(FluxConcatMapNoPrefetch.java:241) ~[reactor-core-3.8.1.jar:3.8.1]
	at reactor.core.publisher.EmitterProcessor.checkTerminated(EmitterProcessor.java:606) ~[reactor-core-3.8.1.jar:3.8.1]
	at reactor.core.publisher.EmitterProcessor.drain(EmitterProcessor.java:467) ~[reactor-core-3.8.1.jar:3.8.1]
	at reactor.core.publisher.EmitterProcessor.tryEmitComplete(EmitterProcessor.java:286) ~[reactor-core-3.8.1.jar:3.8.1]
	at reactor.core.publisher.EmitterProcessor.onComplete(EmitterProcessor.java:277) ~[reactor-core-3.8.1.jar:3.8.1]
	at dev.miku.r2dbc.mysql.client.ReactorNettyClient.resumeError(ReactorNettyClient.java:215) ~[r2dbc-mysql-0.8.2.RELEASE.jar:0.8.2.RELEASE]
	at reactor.core.publisher.FluxOnErrorResume$ResumeSubscriber.onError(FluxOnErrorResume.java:95) ~[reactor-core-3.8.1.jar:3.8.1]
	at reactor.core.publisher.FluxPeek$PeekSubscriber.onError(FluxPeek.java:225) ~[reactor-core-3.8.1.jar:3.8.1]
	at reactor.netty.channel.FluxReceive.terminateReceiver(FluxReceive.java:484) ~[reactor-netty-core-1.3.1.jar:1.3.1]
	at reactor.netty.channel.FluxReceive.drainReceiver(FluxReceive.java:277) ~[reactor-netty-core-1.3.1.jar:1.3.1]
	at reactor.netty.channel.FluxReceive.onInboundNext(FluxReceive.java:407) ~[reactor-netty-core-1.3.1.jar:1.3.1]
	at reactor.netty.channel.ChannelOperations.onInboundNext(ChannelOperations.java:445) ~[reactor-netty-core-1.3.1.jar:1.3.1]
	at reactor.netty.channel.ChannelOperationsHandler.channelRead(ChannelOperationsHandler.java:115) ~[reactor-netty-core-1.3.1.jar:1.3.1]
	at io.netty.channel.AbstractChannelHandlerContext.fireChannelRead(AbstractChannelHandlerContext.java:356) ~[netty-transport-4.2.9.Final.jar:4.2.9.Final]
	at dev.miku.r2dbc.mysql.client.MessageDuplexCodec.handleDecoded(MessageDuplexCodec.java:187) ~[r2dbc-mysql-0.8.2.RELEASE.jar:0.8.2.RELEASE]
	at dev.miku.r2dbc.mysql.client.MessageDuplexCodec.channelRead(MessageDuplexCodec.java:95) ~[r2dbc-mysql-0.8.2.RELEASE.jar:0.8.2.RELEASE]
	at io.netty.channel.AbstractChannelHandlerContext.fireChannelRead(AbstractChannelHandlerContext.java:354) ~[netty-transport-4.2.9.Final.jar:4.2.9.Final]
	at io.netty.handler.codec.ByteToMessageDecoder.fireChannelRead(ByteToMessageDecoder.java:361) ~[netty-codec-base-4.2.9.Final.jar:4.2.9.Final]
	at io.netty.handler.codec.ByteToMessageDecoder.channelRead(ByteToMessageDecoder.java:325) ~[netty-codec-base-4.2.9.Final.jar:4.2.9.Final]
	at io.netty.channel.AbstractChannelHandlerContext.fireChannelRead(AbstractChannelHandlerContext.java:356) ~[netty-transport-4.2.9.Final.jar:4.2.9.Final]
	at io.netty.channel.DefaultChannelPipeline$HeadContext.channelRead(DefaultChannelPipeline.java:1429) ~[netty-transport-4.2.9.Final.jar:4.2.9.Final]
	at io.netty.channel.DefaultChannelPipeline.fireChannelRead(DefaultChannelPipeline.java:918) ~[netty-transport-4.2.9.Final.jar:4.2.9.Final]
	at io.netty.channel.nio.AbstractNioByteChannel$NioByteUnsafe.read(AbstractNioByteChannel.java:172) ~[netty-transport-4.2.9.Final.jar:4.2.9.Final]
	at io.netty.channel.nio.AbstractNioChannel$AbstractNioUnsafe.handle(AbstractNioChannel.java:445) ~[netty-transport-4.2.9.Final.jar:4.2.9.Final]
	at io.netty.channel.nio.NioIoHandler$DefaultNioRegistration.handle(NioIoHandler.java:388) ~[netty-transport-4.2.9.Final.jar:4.2.9.Final]
	at io.netty.channel.nio.NioIoHandler.processSelectedKey(NioIoHandler.java:596) ~[netty-transport-4.2.9.Final.jar:4.2.9.Final]
	at io.netty.channel.nio.NioIoHandler.processSelectedKeysOptimized(NioIoHandler.java:571) ~[netty-transport-4.2.9.Final.jar:4.2.9.Final]
	at io.netty.channel.nio.NioIoHandler.processSelectedKeys(NioIoHandler.java:512) ~[netty-transport-4.2.9.Final.jar:4.2.9.Final]
	at io.netty.channel.nio.NioIoHandler.run(NioIoHandler.java:484) ~[netty-transport-4.2.9.Final.jar:4.2.9.Final]
	at io.netty.channel.SingleThreadIoEventLoop.runIo(SingleThreadIoEventLoop.java:225) ~[netty-transport-4.2.9.Final.jar:4.2.9.Final]
	at io.netty.channel.SingleThreadIoEventLoop.run(SingleThreadIoEventLoop.java:196) ~[netty-transport-4.2.9.Final.jar:4.2.9.Final]
	at io.netty.util.concurrent.SingleThreadEventExecutor$5.run(SingleThreadEventExecutor.java:1195) ~[netty-common-4.2.9.Final.jar:4.2.9.Final]
	at io.netty.util.internal.ThreadExecutorMap$2.run(ThreadExecutorMap.java:74) ~[netty-common-4.2.9.Final.jar:4.2.9.Final]
	at io.netty.util.concurrent.FastThreadLocalRunnable.run(FastThreadLocalRunnable.java:30) ~[netty-common-4.2.9.Final.jar:4.2.9.Final]
	at java.base/java.lang.Thread.run(Thread.java:1583) ~[na:na]

2025-12-28T18:27:38.497-03:00 ERROR 37152 --- [MindCash] [reactor-tcp-nio-2] d.m.r.mysql.client.ReactorNettyClient    : Error: 'reactor.netty.tcp.SslProvider$DefaultConfigurationSpec reactor.netty.tcp.SslProvider$SslContextSpec.sslContext(io.netty.handler.ssl.SslContextBuilder)'

java.lang.NoSuchMethodError: 'reactor.netty.tcp.SslProvider$DefaultConfigurationSpec reactor.netty.tcp.SslProvider$SslContextSpec.sslContext(io.netty.handler.ssl.SslContextBuilder)'
	at dev.miku.r2dbc.mysql.client.SslBridgeHandler.buildProvider(SslBridgeHandler.java:159) ~[r2dbc-mysql-0.8.2.RELEASE.jar:0.8.2.RELEASE]
	at dev.miku.r2dbc.mysql.client.SslBridgeHandler.handleSslState(SslBridgeHandler.java:135) ~[r2dbc-mysql-0.8.2.RELEASE.jar:0.8.2.RELEASE]
	at dev.miku.r2dbc.mysql.client.SslBridgeHandler.userEventTriggered(SslBridgeHandler.java:86) ~[r2dbc-mysql-0.8.2.RELEASE.jar:0.8.2.RELEASE]
	at io.netty.channel.AbstractChannelHandlerContext.fireUserEventTriggered(AbstractChannelHandlerContext.java:323) ~[netty-transport-4.2.9.Final.jar:4.2.9.Final]
	at io.netty.channel.DefaultChannelPipeline$HeadContext.userEventTriggered(DefaultChannelPipeline.java:1447) ~[netty-transport-4.2.9.Final.jar:4.2.9.Final]
	at io.netty.channel.DefaultChannelPipeline.fireUserEventTriggered(DefaultChannelPipeline.java:904) ~[netty-transport-4.2.9.Final.jar:4.2.9.Final]
	at dev.miku.r2dbc.mysql.client.MessageDuplexCodec.write(MessageDuplexCodec.java:118) ~[r2dbc-mysql-0.8.2.RELEASE.jar:0.8.2.RELEASE]
	at io.netty.channel.AbstractChannelHandlerContext.write(AbstractChannelHandlerContext.java:825) ~[netty-transport-4.2.9.Final.jar:4.2.9.Final]
	at io.netty.channel.AbstractChannelHandlerContext.writeAndFlush(AbstractChannelHandlerContext.java:804) ~[netty-transport-4.2.9.Final.jar:4.2.9.Final]
	at io.netty.channel.AbstractChannelHandlerContext.writeAndFlush(AbstractChannelHandlerContext.java:869) ~[netty-transport-4.2.9.Final.jar:4.2.9.Final]
	at io.netty.channel.DefaultChannelPipeline.writeAndFlush(DefaultChannelPipeline.java:1046) ~[netty-transport-4.2.9.Final.jar:4.2.9.Final]
	at io.netty.channel.Channel.writeAndFlush(Channel.java:257) ~[netty-transport-4.2.9.Final.jar:4.2.9.Final]
	at reactor.netty.channel.ChannelOperations.lambda$sendObject$2(ChannelOperations.java:340) ~[reactor-netty-core-1.3.1.jar:1.3.1]
	at reactor.netty.FutureMono$DeferredFutureMono.subscribe(FutureMono.java:100) ~[reactor-netty-core-1.3.1.jar:1.3.1]
	at reactor.core.publisher.Mono.subscribe(Mono.java:4569) ~[reactor-core-3.8.1.jar:3.8.1]
	at reactor.netty.NettyOutbound.subscribe(NettyOutbound.java:336) ~[reactor-netty-core-1.3.1.jar:1.3.1]
	at reactor.core.publisher.FluxSource.subscribe(FluxSource.java:70) ~[reactor-core-3.8.1.jar:3.8.1]
	at reactor.core.publisher.Flux.subscribe(Flux.java:8888) ~[reactor-core-3.8.1.jar:3.8.1]
	at reactor.core.publisher.FluxConcatMapNoPrefetch$FluxConcatMapNoPrefetchSubscriber.onNext(FluxConcatMapNoPrefetch.java:207) ~[reactor-core-3.8.1.jar:3.8.1]
	at reactor.core.publisher.EmitterProcessor.drain(EmitterProcessor.java:543) ~[reactor-core-3.8.1.jar:3.8.1]
	at reactor.core.publisher.EmitterProcessor.tryEmitNext(EmitterProcessor.java:351) ~[reactor-core-3.8.1.jar:3.8.1]
	at reactor.core.publisher.InternalManySink.emitNext(InternalManySink.java:27) ~[reactor-core-3.8.1.jar:3.8.1]
	at reactor.core.publisher.EmitterProcessor.onNext(EmitterProcessor.java:317) ~[reactor-core-3.8.1.jar:3.8.1]
	at dev.miku.r2dbc.mysql.client.ReactorNettyClient.lambda$null$7(ReactorNettyClient.java:174) ~[r2dbc-mysql-0.8.2.RELEASE.jar:0.8.2.RELEASE]
	at reactor.core.publisher.LambdaSubscriber.onNext(LambdaSubscriber.java:165) ~[reactor-core-3.8.1.jar:3.8.1]
	at reactor.core.publisher.EmitterProcessor.drain(EmitterProcessor.java:543) ~[reactor-core-3.8.1.jar:3.8.1]
	at reactor.core.publisher.EmitterProcessor.tryEmitNext(EmitterProcessor.java:351) ~[reactor-core-3.8.1.jar:3.8.1]
	at reactor.core.publisher.InternalManySink.emitNext(InternalManySink.java:27) ~[reactor-core-3.8.1.jar:3.8.1]
	at reactor.core.publisher.EmitterProcessor.onNext(EmitterProcessor.java:317) ~[reactor-core-3.8.1.jar:3.8.1]
	at dev.miku.r2dbc.mysql.InitHandler.accept(QueryFlow.java:605) ~[r2dbc-mysql-0.8.2.RELEASE.jar:0.8.2.RELEASE]
	at dev.miku.r2dbc.mysql.InitHandler.accept(QueryFlow.java:545) ~[r2dbc-mysql-0.8.2.RELEASE.jar:0.8.2.RELEASE]
	at reactor.core.publisher.FluxHandle$HandleSubscriber.onNext(FluxHandle.java:116) ~[reactor-core-3.8.1.jar:3.8.1]
	at reactor.core.publisher.FluxPeekFuseable$PeekConditionalSubscriber.onNext(FluxPeekFuseable.java:850) ~[reactor-core-3.8.1.jar:3.8.1]
	at reactor.core.publisher.MonoFlatMapMany$FlatMapManyInner.onNext(MonoFlatMapMany.java:252) ~[reactor-core-3.8.1.jar:3.8.1]
	at reactor.core.publisher.FluxPeek$PeekSubscriber.onNext(FluxPeek.java:203) ~[reactor-core-3.8.1.jar:3.8.1]
	at reactor.core.publisher.FluxHandle$HandleSubscriber.onNext(FluxHandle.java:132) ~[reactor-core-3.8.1.jar:3.8.1]
	at reactor.core.publisher.FluxPeekFuseable$PeekConditionalSubscriber.onNext(FluxPeekFuseable.java:850) ~[reactor-core-3.8.1.jar:3.8.1]
	at reactor.core.publisher.EmitterProcessor.drain(EmitterProcessor.java:543) ~[reactor-core-3.8.1.jar:3.8.1]
	at reactor.core.publisher.EmitterProcessor.tryEmitNext(EmitterProcessor.java:351) ~[reactor-core-3.8.1.jar:3.8.1]
	at reactor.core.publisher.InternalManySink.emitNext(InternalManySink.java:27) ~[reactor-core-3.8.1.jar:3.8.1]
	at reactor.core.publisher.EmitterProcessor.onNext(EmitterProcessor.java:317) ~[reactor-core-3.8.1.jar:3.8.1]
	at dev.miku.r2dbc.mysql.client.ReactorNettyClient$ResponseSink.next(ReactorNettyClient.java:340) ~[r2dbc-mysql-0.8.2.RELEASE.jar:0.8.2.RELEASE]
	at dev.miku.r2dbc.mysql.client.ReactorNettyClient.lambda$new$0(ReactorNettyClient.java:103) ~[r2dbc-mysql-0.8.2.RELEASE.jar:0.8.2.RELEASE]
	at reactor.core.publisher.FluxPeek$PeekSubscriber.onNext(FluxPeek.java:188) ~[reactor-core-3.8.1.jar:3.8.1]
	at reactor.netty.channel.FluxReceive.drainReceiver(FluxReceive.java:296) ~[reactor-netty-core-1.3.1.jar:1.3.1]
	at reactor.netty.channel.FluxReceive.onInboundNext(FluxReceive.java:407) ~[reactor-netty-core-1.3.1.jar:1.3.1]
	at reactor.netty.channel.ChannelOperations.onInboundNext(ChannelOperations.java:445) ~[reactor-netty-core-1.3.1.jar:1.3.1]
	at reactor.netty.channel.ChannelOperationsHandler.channelRead(ChannelOperationsHandler.java:115) ~[reactor-netty-core-1.3.1.jar:1.3.1]
	at io.netty.channel.AbstractChannelHandlerContext.fireChannelRead(AbstractChannelHandlerContext.java:356) ~[netty-transport-4.2.9.Final.jar:4.2.9.Final]
	at dev.miku.r2dbc.mysql.client.MessageDuplexCodec.handleDecoded(MessageDuplexCodec.java:187) ~[r2dbc-mysql-0.8.2.RELEASE.jar:0.8.2.RELEASE]
	at dev.miku.r2dbc.mysql.client.MessageDuplexCodec.channelRead(MessageDuplexCodec.java:95) ~[r2dbc-mysql-0.8.2.RELEASE.jar:0.8.2.RELEASE]
	at io.netty.channel.AbstractChannelHandlerContext.fireChannelRead(AbstractChannelHandlerContext.java:354) ~[netty-transport-4.2.9.Final.jar:4.2.9.Final]
	at io.netty.handler.codec.ByteToMessageDecoder.fireChannelRead(ByteToMessageDecoder.java:361) ~[netty-codec-base-4.2.9.Final.jar:4.2.9.Final]
	at io.netty.handler.codec.ByteToMessageDecoder.channelRead(ByteToMessageDecoder.java:325) ~[netty-codec-base-4.2.9.Final.jar:4.2.9.Final]
	at io.netty.channel.AbstractChannelHandlerContext.fireChannelRead(AbstractChannelHandlerContext.java:356) ~[netty-transport-4.2.9.Final.jar:4.2.9.Final]
	at io.netty.channel.DefaultChannelPipeline$HeadContext.channelRead(DefaultChannelPipeline.java:1429) ~[netty-transport-4.2.9.Final.jar:4.2.9.Final]
	at io.netty.channel.DefaultChannelPipeline.fireChannelRead(DefaultChannelPipeline.java:918) ~[netty-transport-4.2.9.Final.jar:4.2.9.Final]
	at io.netty.channel.nio.AbstractNioByteChannel$NioByteUnsafe.read(AbstractNioByteChannel.java:172) ~[netty-transport-4.2.9.Final.jar:4.2.9.Final]
	at io.netty.channel.nio.AbstractNioChannel$AbstractNioUnsafe.handle(AbstractNioChannel.java:445) ~[netty-transport-4.2.9.Final.jar:4.2.9.Final]
	at io.netty.channel.nio.NioIoHandler$DefaultNioRegistration.handle(NioIoHandler.java:388) ~[netty-transport-4.2.9.Final.jar:4.2.9.Final]
	at io.netty.channel.nio.NioIoHandler.processSelectedKey(NioIoHandler.java:596) ~[netty-transport-4.2.9.Final.jar:4.2.9.Final]
	at io.netty.channel.nio.NioIoHandler.processSelectedKeysOptimized(NioIoHandler.java:571) ~[netty-transport-4.2.9.Final.jar:4.2.9.Final]
	at io.netty.channel.nio.NioIoHandler.processSelectedKeys(NioIoHandler.java:512) ~[netty-transport-4.2.9.Final.jar:4.2.9.Final]
	at io.netty.channel.nio.NioIoHandler.run(NioIoHandler.java:484) ~[netty-transport-4.2.9.Final.jar:4.2.9.Final]
	at io.netty.channel.SingleThreadIoEventLoop.runIo(SingleThreadIoEventLoop.java:225) ~[netty-transport-4.2.9.Final.jar:4.2.9.Final]
	at io.netty.channel.SingleThreadIoEventLoop.run(SingleThreadIoEventLoop.java:196) ~[netty-transport-4.2.9.Final.jar:4.2.9.Final]
	at io.netty.util.concurrent.SingleThreadEventExecutor$5.run(SingleThreadEventExecutor.java:1195) ~[netty-common-4.2.9.Final.jar:4.2.9.Final]
	at io.netty.util.internal.ThreadExecutorMap$2.run(ThreadExecutorMap.java:74) ~[netty-common-4.2.9.Final.jar:4.2.9.Final]
	at io.netty.util.concurrent.FastThreadLocalRunnable.run(FastThreadLocalRunnable.java:30) ~[netty-common-4.2.9.Final.jar:4.2.9.Final]
	at java.base/java.lang.Thread.run(Thread.java:1583) ~[na:na]

2025-12-28T18:27:38.499-03:00 ERROR 37152 --- [MindCash] [reactor-tcp-nio-2] reactor.core.publisher.Operators         : Operator called default onErrorDropped

dev.miku.r2dbc.mysql.client.MySqlConnectionClosedException: Connection closed
	at dev.miku.r2dbc.mysql.client.ClientExceptions.expectedClosed(ClientExceptions.java:36) ~[r2dbc-mysql-0.8.2.RELEASE.jar:0.8.2.RELEASE]
	at dev.miku.r2dbc.mysql.client.ReactorNettyClient.handleClose(ReactorNettyClient.java:262) ~[r2dbc-mysql-0.8.2.RELEASE.jar:0.8.2.RELEASE]
	at dev.miku.r2dbc.mysql.client.ReactorNettyClient.access$400(ReactorNettyClient.java:53) ~[r2dbc-mysql-0.8.2.RELEASE.jar:0.8.2.RELEASE]
	at dev.miku.r2dbc.mysql.client.ReactorNettyClient$ResponseSubscriber.onComplete(ReactorNettyClient.java:306) ~[r2dbc-mysql-0.8.2.RELEASE.jar:0.8.2.RELEASE]
	at reactor.core.publisher.Operators$MultiSubscriptionSubscriber.onComplete(Operators.java:2225) ~[reactor-core-3.8.1.jar:3.8.1]
	at reactor.core.publisher.MonoIgnoreThen$ThenIgnoreMain.onComplete(MonoIgnoreThen.java:213) ~[reactor-core-3.8.1.jar:3.8.1]
	at reactor.core.publisher.Operators.complete(Operators.java:137) ~[reactor-core-3.8.1.jar:3.8.1]
	at reactor.netty.FutureMono.doSubscribe(FutureMono.java:122) ~[reactor-netty-core-1.3.1.jar:1.3.1]
	at reactor.netty.FutureMono$DeferredFutureMono.subscribe(FutureMono.java:114) ~[reactor-netty-core-1.3.1.jar:1.3.1]
	at reactor.core.publisher.MonoIgnoreThen$ThenIgnoreMain.subscribeNext(MonoIgnoreThen.java:244) ~[reactor-core-3.8.1.jar:3.8.1]
	at reactor.core.publisher.MonoIgnoreThen$ThenIgnoreMain.onComplete(MonoIgnoreThen.java:207) ~[reactor-core-3.8.1.jar:3.8.1]
	at reactor.core.publisher.Operators$MultiSubscriptionSubscriber.onComplete(Operators.java:2225) ~[reactor-core-3.8.1.jar:3.8.1]
	at reactor.core.publisher.MonoFlatMap$FlatMapMain.onComplete(MonoFlatMap.java:190) ~[reactor-core-3.8.1.jar:3.8.1]
	at reactor.core.publisher.MonoCreate$DefaultMonoSink.success(MonoCreate.java:147) ~[reactor-core-3.8.1.jar:3.8.1]
	at dev.miku.r2dbc.mysql.client.ReactorNettyClient.lambda$close$13(ReactorNettyClient.java:201) ~[r2dbc-mysql-0.8.2.RELEASE.jar:0.8.2.RELEASE]
	at reactor.core.publisher.MonoCreate.subscribe(MonoCreate.java:61) ~[reactor-core-3.8.1.jar:3.8.1]
	at reactor.core.publisher.Mono.subscribe(Mono.java:4569) ~[reactor-core-3.8.1.jar:3.8.1]
	at reactor.core.publisher.MonoIgnoreThen$ThenIgnoreMain.subscribeNext(MonoIgnoreThen.java:268) ~[reactor-core-3.8.1.jar:3.8.1]
	at reactor.core.publisher.MonoIgnoreThen.subscribe(MonoIgnoreThen.java:51) ~[reactor-core-3.8.1.jar:3.8.1]
	at reactor.core.publisher.Mono.subscribe(Mono.java:4569) ~[reactor-core-3.8.1.jar:3.8.1]
	at reactor.core.publisher.FluxOnErrorResume$ResumeSubscriber.onError(FluxOnErrorResume.java:104) ~[reactor-core-3.8.1.jar:3.8.1]
	at reactor.core.publisher.FluxPeek$PeekSubscriber.onError(FluxPeek.java:225) ~[reactor-core-3.8.1.jar:3.8.1]
	at reactor.netty.channel.FluxReceive.terminateReceiver(FluxReceive.java:484) ~[reactor-netty-core-1.3.1.jar:1.3.1]
	at reactor.netty.channel.FluxReceive.drainReceiver(FluxReceive.java:277) ~[reactor-netty-core-1.3.1.jar:1.3.1]
	at reactor.netty.channel.FluxReceive.onInboundNext(FluxReceive.java:407) ~[reactor-netty-core-1.3.1.jar:1.3.1]
	at reactor.netty.channel.ChannelOperations.onInboundNext(ChannelOperations.java:445) ~[reactor-netty-core-1.3.1.jar:1.3.1]
	at reactor.netty.channel.ChannelOperationsHandler.channelRead(ChannelOperationsHandler.java:115) ~[reactor-netty-core-1.3.1.jar:1.3.1]
	at io.netty.channel.AbstractChannelHandlerContext.fireChannelRead(AbstractChannelHandlerContext.java:356) ~[netty-transport-4.2.9.Final.jar:4.2.9.Final]
	at dev.miku.r2dbc.mysql.client.MessageDuplexCodec.handleDecoded(MessageDuplexCodec.java:187) ~[r2dbc-mysql-0.8.2.RELEASE.jar:0.8.2.RELEASE]
	at dev.miku.r2dbc.mysql.client.MessageDuplexCodec.channelRead(MessageDuplexCodec.java:95) ~[r2dbc-mysql-0.8.2.RELEASE.jar:0.8.2.RELEASE]
	at io.netty.channel.AbstractChannelHandlerContext.fireChannelRead(AbstractChannelHandlerContext.java:354) ~[netty-transport-4.2.9.Final.jar:4.2.9.Final]
	at io.netty.handler.codec.ByteToMessageDecoder.fireChannelRead(ByteToMessageDecoder.java:361) ~[netty-codec-base-4.2.9.Final.jar:4.2.9.Final]
	at io.netty.handler.codec.ByteToMessageDecoder.channelRead(ByteToMessageDecoder.java:325) ~[netty-codec-base-4.2.9.Final.jar:4.2.9.Final]
	at io.netty.channel.AbstractChannelHandlerContext.fireChannelRead(AbstractChannelHandlerContext.java:356) ~[netty-transport-4.2.9.Final.jar:4.2.9.Final]
	at io.netty.channel.DefaultChannelPipeline$HeadContext.channelRead(DefaultChannelPipeline.java:1429) ~[netty-transport-4.2.9.Final.jar:4.2.9.Final]
	at io.netty.channel.DefaultChannelPipeline.fireChannelRead(DefaultChannelPipeline.java:918) ~[netty-transport-4.2.9.Final.jar:4.2.9.Final]
	at io.netty.channel.nio.AbstractNioByteChannel$NioByteUnsafe.read(AbstractNioByteChannel.java:172) ~[netty-transport-4.2.9.Final.jar:4.2.9.Final]
	at io.netty.channel.nio.AbstractNioChannel$AbstractNioUnsafe.handle(AbstractNioChannel.java:445) ~[netty-transport-4.2.9.Final.jar:4.2.9.Final]
	at io.netty.channel.nio.NioIoHandler$DefaultNioRegistration.handle(NioIoHandler.java:388) ~[netty-transport-4.2.9.Final.jar:4.2.9.Final]
	at io.netty.channel.nio.NioIoHandler.processSelectedKey(NioIoHandler.java:596) ~[netty-transport-4.2.9.Final.jar:4.2.9.Final]
	at io.netty.channel.nio.NioIoHandler.processSelectedKeysOptimized(NioIoHandler.java:571) ~[netty-transport-4.2.9.Final.jar:4.2.9.Final]
	at io.netty.channel.nio.NioIoHandler.processSelectedKeys(NioIoHandler.java:512) ~[netty-transport-4.2.9.Final.jar:4.2.9.Final]
	at io.netty.channel.nio.NioIoHandler.run(NioIoHandler.java:484) ~[netty-transport-4.2.9.Final.jar:4.2.9.Final]
	at io.netty.channel.SingleThreadIoEventLoop.runIo(SingleThreadIoEventLoop.java:225) ~[netty-transport-4.2.9.Final.jar:4.2.9.Final]
	at io.netty.channel.SingleThreadIoEventLoop.run(SingleThreadIoEventLoop.java:196) ~[netty-transport-4.2.9.Final.jar:4.2.9.Final]
	at io.netty.util.concurrent.SingleThreadEventExecutor$5.run(SingleThreadEventExecutor.java:1195) ~[netty-common-4.2.9.Final.jar:4.2.9.Final]
	at io.netty.util.internal.ThreadExecutorMap$2.run(ThreadExecutorMap.java:74) ~[netty-common-4.2.9.Final.jar:4.2.9.Final]
	at io.netty.util.concurrent.FastThreadLocalRunnable.run(FastThreadLocalRunnable.java:30) ~[netty-common-4.2.9.Final.jar:4.2.9.Final]
	at java.base/java.lang.Thread.run(Thread.java:1583) ~[na:na]

2025-12-28T18:38:07.637-03:00  INFO 37152 --- [MindCash] [SpringApplicationShutdownHook] o.s.boot.reactor.netty.GracefulShutdown  : Commencing graceful shutdown. Waiting for active requests to complete
2025-12-28T18:38:07.640-03:00  INFO 37152 --- [MindCash] [netty-shutdown] o.s.boot.reactor.netty.GracefulShutdown  : Graceful shutdown complete
2025-12-28T18:38:15.834-03:00  INFO 36852 --- [MindCash] [main] b.c.m.financial.FinancialApplication     : Starting FinancialApplication using Java 21.0.8 with PID 36852 (C:\Users\DIOGO\OneDrive\Desktop\Sandbox\Projetos\Backend\Java\mind-cash-be\financial-account\target\classes started by DIOGO in C:\Users\DIOGO\OneDrive\Desktop\Sandbox\Projetos\Backend\Java\mind-cash-be)
2025-12-28T18:38:15.837-03:00  INFO 36852 --- [MindCash] [main] b.c.m.financial.FinancialApplication     : No active profile set, falling back to 1 default profile: "default"
2025-12-28T18:38:16.904-03:00  INFO 36852 --- [MindCash] [main] o.s.boot.tomcat.TomcatWebServer          : Tomcat initialized with port 8088 (http)
2025-12-28T18:38:16.916-03:00  INFO 36852 --- [MindCash] [main] o.apache.catalina.core.StandardService   : Starting service [Tomcat]
2025-12-28T18:38:16.916-03:00  INFO 36852 --- [MindCash] [main] o.apache.catalina.core.StandardEngine    : Starting Servlet engine: [Apache Tomcat/11.0.15]
2025-12-28T18:38:16.950-03:00  INFO 36852 --- [MindCash] [main] b.w.c.s.WebApplicationContextInitializer : Root WebApplicationContext: initialization completed in 1063 ms
2025-12-28T18:38:16.994-03:00  INFO 36852 --- [MindCash] [main] f.a.AutowiredAnnotationBeanPostProcessor : Inconsistent constructor declaration on bean with name 'adapter': single autowire-marked constructor flagged as optional - this constructor is effectively required since there is no default constructor to fall back to: public br.com.mindcash.financial.driven.account.Adapter(org.springframework.jdbc.core.JdbcTemplate,java.util.logging.Logger)
2025-12-28T18:38:17.269-03:00  INFO 36852 --- [MindCash] [main] o.s.boot.tomcat.TomcatWebServer          : Tomcat started on port 8088 (http) with context path '/'
2025-12-28T18:38:17.273-03:00  INFO 36852 --- [MindCash] [main] b.c.m.financial.FinancialApplication     : Started FinancialApplication in 2.067 seconds (process running for 2.903)
2025-12-28T18:38:19.643-03:00  INFO 36852 --- [MindCash] [SpringApplicationShutdownHook] o.s.boot.tomcat.GracefulShutdown         : Commencing graceful shutdown. Waiting for active requests to complete
2025-12-28T18:38:19.651-03:00  INFO 36852 --- [MindCash] [tomcat-shutdown] o.s.boot.tomcat.GracefulShutdown         : Graceful shutdown complete
2025-12-28T18:38:23.107-03:00  INFO 27672 --- [MindCash] [main] b.c.m.financial.FinancialApplication     : Starting FinancialApplication using Java 21.0.8 with PID 27672 (C:\Users\DIOGO\OneDrive\Desktop\Sandbox\Projetos\Backend\Java\mind-cash-be\financial-account\target\classes started by DIOGO in C:\Users\DIOGO\OneDrive\Desktop\Sandbox\Projetos\Backend\Java\mind-cash-be)
2025-12-28T18:38:23.111-03:00  INFO 27672 --- [MindCash] [main] b.c.m.financial.FinancialApplication     : No active profile set, falling back to 1 default profile: "default"
2025-12-28T18:38:23.818-03:00  INFO 27672 --- [MindCash] [main] o.s.boot.tomcat.TomcatWebServer          : Tomcat initialized with port 8088 (http)
2025-12-28T18:38:23.830-03:00  INFO 27672 --- [MindCash] [main] o.apache.catalina.core.StandardService   : Starting service [Tomcat]
2025-12-28T18:38:23.830-03:00  INFO 27672 --- [MindCash] [main] o.apache.catalina.core.StandardEngine    : Starting Servlet engine: [Apache Tomcat/11.0.15]
2025-12-28T18:38:23.868-03:00  INFO 27672 --- [MindCash] [main] b.w.c.s.WebApplicationContextInitializer : Root WebApplicationContext: initialization completed in 719 ms
2025-12-28T18:38:23.919-03:00  INFO 27672 --- [MindCash] [main] f.a.AutowiredAnnotationBeanPostProcessor : Inconsistent constructor declaration on bean with name 'adapter': single autowire-marked constructor flagged as optional - this constructor is effectively required since there is no default constructor to fall back to: public br.com.mindcash.financial.driven.account.Adapter(org.springframework.jdbc.core.JdbcTemplate,java.util.logging.Logger)
2025-12-28T18:38:24.207-03:00  INFO 27672 --- [MindCash] [main] o.s.boot.tomcat.TomcatWebServer          : Tomcat started on port 8088 (http) with context path '/'
2025-12-28T18:38:24.211-03:00  INFO 27672 --- [MindCash] [main] b.c.m.financial.FinancialApplication     : Started FinancialApplication in 1.663 seconds (process running for 2.406)
2025-12-28T18:38:25.749-03:00  INFO 27672 --- [MindCash] [http-nio-8088-exec-2] o.a.c.c.C.[Tomcat].[localhost].[/]       : Initializing Spring DispatcherServlet 'dispatcherServlet'
2025-12-28T18:38:25.750-03:00  INFO 27672 --- [MindCash] [http-nio-8088-exec-2] o.s.web.servlet.DispatcherServlet        : Initializing Servlet 'dispatcherServlet'
2025-12-28T18:38:25.752-03:00  INFO 27672 --- [MindCash] [http-nio-8088-exec-2] o.s.web.servlet.DispatcherServlet        : Completed initialization in 2 ms
2025-12-28T18:38:28.106-03:00  INFO 27672 --- [MindCash] [http-nio-8088-exec-2] com.zaxxer.hikari.HikariDataSource       : HikariPool-1 - Starting...
2025-12-28T18:38:28.416-03:00  INFO 27672 --- [MindCash] [http-nio-8088-exec-2] com.zaxxer.hikari.pool.HikariPool        : HikariPool-1 - Added connection com.mysql.cj.jdbc.ConnectionImpl@2430ec8e
2025-12-28T18:38:28.418-03:00  INFO 27672 --- [MindCash] [http-nio-8088-exec-2] com.zaxxer.hikari.HikariDataSource       : HikariPool-1 - Start completed.
2025-12-28T18:38:28.455-03:00 ERROR 27672 --- [MindCash] [http-nio-8088-exec-2] o.a.c.c.C.[.[.[/].[dispatcherServlet]    : Servlet.service() for servlet [dispatcherServlet] in context with path [] threw exception [Request processing failed: java.lang.IllegalArgumentException: Instant value must have second precision only (no nanoseconds).] with root cause

java.lang.IllegalArgumentException: Instant value must have second precision only (no nanoseconds).
	at br.com.mindcash.financial.application.domain.models.expense.Instant.<init>(Instant.java:13) ~[classes/:na]
	at br.com.mindcash.financial.application.domain.models.Account.handle(Account.java:23) ~[classes/:na]
	at br.com.mindcash.financial.application.handlers.RegisterExpenseHandler.handler(RegisterExpenseHandler.java:27) ~[classes/:na]
	at br.com.mindcash.financial.driving.http.expense.Endpoint.post(Endpoint.java:28) ~[classes/:na]
	at java.base/jdk.internal.reflect.DirectMethodHandleAccessor.invoke(DirectMethodHandleAccessor.java:103) ~[na:na]
	at java.base/java.lang.reflect.Method.invoke(Method.java:580) ~[na:na]
	at org.springframework.web.method.support.InvocableHandlerMethod.doInvoke(InvocableHandlerMethod.java:258) ~[spring-web-7.0.2.jar:7.0.2]
	at org.springframework.web.method.support.InvocableHandlerMethod.invokeForRequest(InvocableHandlerMethod.java:190) ~[spring-web-7.0.2.jar:7.0.2]
	at org.springframework.web.servlet.mvc.method.annotation.ServletInvocableHandlerMethod.invokeAndHandle(ServletInvocableHandlerMethod.java:117) ~[spring-webmvc-7.0.2.jar:7.0.2]
	at org.springframework.web.servlet.mvc.method.annotation.RequestMappingHandlerAdapter.invokeHandlerMethod(RequestMappingHandlerAdapter.java:934) ~[spring-webmvc-7.0.2.jar:7.0.2]
	at org.springframework.web.servlet.mvc.method.annotation.RequestMappingHandlerAdapter.handleInternal(RequestMappingHandlerAdapter.java:853) ~[spring-webmvc-7.0.2.jar:7.0.2]
	at org.springframework.web.servlet.mvc.method.AbstractHandlerMethodAdapter.handle(AbstractHandlerMethodAdapter.java:86) ~[spring-webmvc-7.0.2.jar:7.0.2]
	at org.springframework.web.servlet.DispatcherServlet.doDispatch(DispatcherServlet.java:963) ~[spring-webmvc-7.0.2.jar:7.0.2]
	at org.springframework.web.servlet.DispatcherServlet.doService(DispatcherServlet.java:866) ~[spring-webmvc-7.0.2.jar:7.0.2]
	at org.springframework.web.servlet.FrameworkServlet.processRequest(FrameworkServlet.java:1003) ~[spring-webmvc-7.0.2.jar:7.0.2]
	at org.springframework.web.servlet.FrameworkServlet.doPost(FrameworkServlet.java:903) ~[spring-webmvc-7.0.2.jar:7.0.2]
	at jakarta.servlet.http.HttpServlet.service(HttpServlet.java:649) ~[tomcat-embed-core-11.0.15.jar:6.1]
	at org.springframework.web.servlet.FrameworkServlet.service(FrameworkServlet.java:874) ~[spring-webmvc-7.0.2.jar:7.0.2]
	at jakarta.servlet.http.HttpServlet.service(HttpServlet.java:710) ~[tomcat-embed-core-11.0.15.jar:6.1]
	at org.apache.catalina.core.ApplicationFilterChain.doFilter(ApplicationFilterChain.java:128) ~[tomcat-embed-core-11.0.15.jar:11.0.15]
	at org.apache.tomcat.websocket.server.WsFilter.doFilter(WsFilter.java:53) ~[tomcat-embed-websocket-11.0.15.jar:11.0.15]
	at org.apache.catalina.core.ApplicationFilterChain.doFilter(ApplicationFilterChain.java:107) ~[tomcat-embed-core-11.0.15.jar:11.0.15]
	at org.springframework.web.filter.RequestContextFilter.doFilterInternal(RequestContextFilter.java:100) ~[spring-web-7.0.2.jar:7.0.2]
	at org.springframework.web.filter.OncePerRequestFilter.doFilter(OncePerRequestFilter.java:116) ~[spring-web-7.0.2.jar:7.0.2]
	at org.apache.catalina.core.ApplicationFilterChain.doFilter(ApplicationFilterChain.java:107) ~[tomcat-embed-core-11.0.15.jar:11.0.15]
	at org.springframework.web.filter.FormContentFilter.doFilterInternal(FormContentFilter.java:93) ~[spring-web-7.0.2.jar:7.0.2]
	at org.springframework.web.filter.OncePerRequestFilter.doFilter(OncePerRequestFilter.java:116) ~[spring-web-7.0.2.jar:7.0.2]
	at org.apache.catalina.core.ApplicationFilterChain.doFilter(ApplicationFilterChain.java:107) ~[tomcat-embed-core-11.0.15.jar:11.0.15]
	at org.springframework.web.filter.CharacterEncodingFilter.doFilterInternal(CharacterEncodingFilter.java:199) ~[spring-web-7.0.2.jar:7.0.2]
	at org.springframework.web.filter.OncePerRequestFilter.doFilter(OncePerRequestFilter.java:116) ~[spring-web-7.0.2.jar:7.0.2]
	at org.apache.catalina.core.ApplicationFilterChain.doFilter(ApplicationFilterChain.java:107) ~[tomcat-embed-core-11.0.15.jar:11.0.15]
	at org.apache.catalina.core.StandardWrapperValve.invoke(StandardWrapperValve.java:165) ~[tomcat-embed-core-11.0.15.jar:11.0.15]
	at org.apache.catalina.core.StandardContextValve.invoke(StandardContextValve.java:77) ~[tomcat-embed-core-11.0.15.jar:11.0.15]
	at org.apache.catalina.authenticator.AuthenticatorBase.invoke(AuthenticatorBase.java:482) ~[tomcat-embed-core-11.0.15.jar:11.0.15]
	at org.apache.catalina.core.StandardHostValve.invoke(StandardHostValve.java:113) ~[tomcat-embed-core-11.0.15.jar:11.0.15]
	at org.apache.catalina.valves.ErrorReportValve.invoke(ErrorReportValve.java:83) ~[tomcat-embed-core-11.0.15.jar:11.0.15]
	at org.apache.catalina.core.StandardEngineValve.invoke(StandardEngineValve.java:72) ~[tomcat-embed-core-11.0.15.jar:11.0.15]
	at org.apache.catalina.connector.CoyoteAdapter.service(CoyoteAdapter.java:341) ~[tomcat-embed-core-11.0.15.jar:11.0.15]
	at org.apache.coyote.http11.Http11Processor.service(Http11Processor.java:397) ~[tomcat-embed-core-11.0.15.jar:11.0.15]
	at org.apache.coyote.AbstractProcessorLight.process(AbstractProcessorLight.java:63) ~[tomcat-embed-core-11.0.15.jar:11.0.15]
	at org.apache.coyote.AbstractProtocol$ConnectionHandler.process(AbstractProtocol.java:903) ~[tomcat-embed-core-11.0.15.jar:11.0.15]
	at org.apache.tomcat.util.net.NioEndpoint$SocketProcessor.doRun(NioEndpoint.java:1778) ~[tomcat-embed-core-11.0.15.jar:11.0.15]
	at org.apache.tomcat.util.net.SocketProcessorBase.run(SocketProcessorBase.java:52) ~[tomcat-embed-core-11.0.15.jar:11.0.15]
	at org.apache.tomcat.util.threads.ThreadPoolExecutor.runWorker(ThreadPoolExecutor.java:946) ~[tomcat-embed-core-11.0.15.jar:11.0.15]
	at org.apache.tomcat.util.threads.ThreadPoolExecutor$Worker.run(ThreadPoolExecutor.java:480) ~[tomcat-embed-core-11.0.15.jar:11.0.15]
	at org.apache.tomcat.util.threads.TaskThread$WrappingRunnable.run(TaskThread.java:57) ~[tomcat-embed-core-11.0.15.jar:11.0.15]
	at java.base/java.lang.Thread.run(Thread.java:1583) ~[na:na]

2025-12-28T18:39:03.072-03:00 ERROR 27672 --- [MindCash] [http-nio-8088-exec-3] o.a.c.c.C.[.[.[/].[dispatcherServlet]    : Servlet.service() for servlet [dispatcherServlet] in context with path [] threw exception [Request processing failed: java.lang.IllegalArgumentException: Instant value must have second precision only (no nanoseconds).] with root cause

java.lang.IllegalArgumentException: Instant value must have second precision only (no nanoseconds).
	at br.com.mindcash.financial.application.domain.models.expense.Instant.<init>(Instant.java:13) ~[classes/:na]
	at br.com.mindcash.financial.application.domain.models.Account.handle(Account.java:23) ~[classes/:na]
	at br.com.mindcash.financial.application.handlers.RegisterExpenseHandler.handler(RegisterExpenseHandler.java:27) ~[classes/:na]
	at br.com.mindcash.financial.driving.http.expense.Endpoint.post(Endpoint.java:28) ~[classes/:na]
	at java.base/jdk.internal.reflect.DirectMethodHandleAccessor.invoke(DirectMethodHandleAccessor.java:103) ~[na:na]
	at java.base/java.lang.reflect.Method.invoke(Method.java:580) ~[na:na]
	at org.springframework.web.method.support.InvocableHandlerMethod.doInvoke(InvocableHandlerMethod.java:258) ~[spring-web-7.0.2.jar:7.0.2]
	at org.springframework.web.method.support.InvocableHandlerMethod.invokeForRequest(InvocableHandlerMethod.java:190) ~[spring-web-7.0.2.jar:7.0.2]
	at org.springframework.web.servlet.mvc.method.annotation.ServletInvocableHandlerMethod.invokeAndHandle(ServletInvocableHandlerMethod.java:117) ~[spring-webmvc-7.0.2.jar:7.0.2]
	at org.springframework.web.servlet.mvc.method.annotation.RequestMappingHandlerAdapter.invokeHandlerMethod(RequestMappingHandlerAdapter.java:934) ~[spring-webmvc-7.0.2.jar:7.0.2]
	at org.springframework.web.servlet.mvc.method.annotation.RequestMappingHandlerAdapter.handleInternal(RequestMappingHandlerAdapter.java:853) ~[spring-webmvc-7.0.2.jar:7.0.2]
	at org.springframework.web.servlet.mvc.method.AbstractHandlerMethodAdapter.handle(AbstractHandlerMethodAdapter.java:86) ~[spring-webmvc-7.0.2.jar:7.0.2]
	at org.springframework.web.servlet.DispatcherServlet.doDispatch(DispatcherServlet.java:963) ~[spring-webmvc-7.0.2.jar:7.0.2]
	at org.springframework.web.servlet.DispatcherServlet.doService(DispatcherServlet.java:866) ~[spring-webmvc-7.0.2.jar:7.0.2]
	at org.springframework.web.servlet.FrameworkServlet.processRequest(FrameworkServlet.java:1003) ~[spring-webmvc-7.0.2.jar:7.0.2]
	at org.springframework.web.servlet.FrameworkServlet.doPost(FrameworkServlet.java:903) ~[spring-webmvc-7.0.2.jar:7.0.2]
	at jakarta.servlet.http.HttpServlet.service(HttpServlet.java:649) ~[tomcat-embed-core-11.0.15.jar:6.1]
	at org.springframework.web.servlet.FrameworkServlet.service(FrameworkServlet.java:874) ~[spring-webmvc-7.0.2.jar:7.0.2]
	at jakarta.servlet.http.HttpServlet.service(HttpServlet.java:710) ~[tomcat-embed-core-11.0.15.jar:6.1]
	at org.apache.catalina.core.ApplicationFilterChain.doFilter(ApplicationFilterChain.java:128) ~[tomcat-embed-core-11.0.15.jar:11.0.15]
	at org.apache.tomcat.websocket.server.WsFilter.doFilter(WsFilter.java:53) ~[tomcat-embed-websocket-11.0.15.jar:11.0.15]
	at org.apache.catalina.core.ApplicationFilterChain.doFilter(ApplicationFilterChain.java:107) ~[tomcat-embed-core-11.0.15.jar:11.0.15]
	at org.springframework.web.filter.RequestContextFilter.doFilterInternal(RequestContextFilter.java:100) ~[spring-web-7.0.2.jar:7.0.2]
	at org.springframework.web.filter.OncePerRequestFilter.doFilter(OncePerRequestFilter.java:116) ~[spring-web-7.0.2.jar:7.0.2]
	at org.apache.catalina.core.ApplicationFilterChain.doFilter(ApplicationFilterChain.java:107) ~[tomcat-embed-core-11.0.15.jar:11.0.15]
	at org.springframework.web.filter.FormContentFilter.doFilterInternal(FormContentFilter.java:93) ~[spring-web-7.0.2.jar:7.0.2]
	at org.springframework.web.filter.OncePerRequestFilter.doFilter(OncePerRequestFilter.java:116) ~[spring-web-7.0.2.jar:7.0.2]
	at org.apache.catalina.core.ApplicationFilterChain.doFilter(ApplicationFilterChain.java:107) ~[tomcat-embed-core-11.0.15.jar:11.0.15]
	at org.springframework.web.filter.CharacterEncodingFilter.doFilterInternal(CharacterEncodingFilter.java:199) ~[spring-web-7.0.2.jar:7.0.2]
	at org.springframework.web.filter.OncePerRequestFilter.doFilter(OncePerRequestFilter.java:116) ~[spring-web-7.0.2.jar:7.0.2]
	at org.apache.catalina.core.ApplicationFilterChain.doFilter(ApplicationFilterChain.java:107) ~[tomcat-embed-core-11.0.15.jar:11.0.15]
	at org.apache.catalina.core.StandardWrapperValve.invoke(StandardWrapperValve.java:165) ~[tomcat-embed-core-11.0.15.jar:11.0.15]
	at org.apache.catalina.core.StandardContextValve.invoke(StandardContextValve.java:77) ~[tomcat-embed-core-11.0.15.jar:11.0.15]
	at org.apache.catalina.authenticator.AuthenticatorBase.invoke(AuthenticatorBase.java:482) ~[tomcat-embed-core-11.0.15.jar:11.0.15]
	at org.apache.catalina.core.StandardHostValve.invoke(StandardHostValve.java:113) ~[tomcat-embed-core-11.0.15.jar:11.0.15]
	at org.apache.catalina.valves.ErrorReportValve.invoke(ErrorReportValve.java:83) ~[tomcat-embed-core-11.0.15.jar:11.0.15]
	at org.apache.catalina.core.StandardEngineValve.invoke(StandardEngineValve.java:72) ~[tomcat-embed-core-11.0.15.jar:11.0.15]
	at org.apache.catalina.connector.CoyoteAdapter.service(CoyoteAdapter.java:341) ~[tomcat-embed-core-11.0.15.jar:11.0.15]
	at org.apache.coyote.http11.Http11Processor.service(Http11Processor.java:397) ~[tomcat-embed-core-11.0.15.jar:11.0.15]
	at org.apache.coyote.AbstractProcessorLight.process(AbstractProcessorLight.java:63) ~[tomcat-embed-core-11.0.15.jar:11.0.15]
	at org.apache.coyote.AbstractProtocol$ConnectionHandler.process(AbstractProtocol.java:903) ~[tomcat-embed-core-11.0.15.jar:11.0.15]
	at org.apache.tomcat.util.net.NioEndpoint$SocketProcessor.doRun(NioEndpoint.java:1778) ~[tomcat-embed-core-11.0.15.jar:11.0.15]
	at org.apache.tomcat.util.net.SocketProcessorBase.run(SocketProcessorBase.java:52) ~[tomcat-embed-core-11.0.15.jar:11.0.15]
	at org.apache.tomcat.util.threads.ThreadPoolExecutor.runWorker(ThreadPoolExecutor.java:946) ~[tomcat-embed-core-11.0.15.jar:11.0.15]
	at org.apache.tomcat.util.threads.ThreadPoolExecutor$Worker.run(ThreadPoolExecutor.java:480) ~[tomcat-embed-core-11.0.15.jar:11.0.15]
	at org.apache.tomcat.util.threads.TaskThread$WrappingRunnable.run(TaskThread.java:57) ~[tomcat-embed-core-11.0.15.jar:11.0.15]
	at java.base/java.lang.Thread.run(Thread.java:1583) ~[na:na]

2025-12-28T18:39:03.113-03:00  INFO 27672 --- [MindCash] [SpringApplicationShutdownHook] o.s.boot.tomcat.GracefulShutdown         : Commencing graceful shutdown. Waiting for active requests to complete
2025-12-28T18:39:03.125-03:00  INFO 27672 --- [MindCash] [tomcat-shutdown] o.s.boot.tomcat.GracefulShutdown         : Graceful shutdown complete
2025-12-28T18:39:03.129-03:00  INFO 27672 --- [MindCash] [SpringApplicationShutdownHook] com.zaxxer.hikari.HikariDataSource       : HikariPool-1 - Shutdown initiated...
2025-12-28T18:39:03.135-03:00  INFO 27672 --- [MindCash] [SpringApplicationShutdownHook] com.zaxxer.hikari.HikariDataSource       : HikariPool-1 - Shutdown completed.
2025-12-28T18:40:55.285-03:00  INFO 7896 --- [MindCash] [main] b.c.m.financial.FinancialApplication     : Starting FinancialApplication using Java 21.0.8 with PID 7896 (C:\Users\DIOGO\OneDrive\Desktop\Sandbox\Projetos\Backend\Java\mind-cash-be\financial-account\target\classes started by DIOGO in C:\Users\DIOGO\OneDrive\Desktop\Sandbox\Projetos\Backend\Java\mind-cash-be)
2025-12-28T18:40:55.289-03:00  INFO 7896 --- [MindCash] [main] b.c.m.financial.FinancialApplication     : No active profile set, falling back to 1 default profile: "default"
2025-12-28T18:40:55.993-03:00  INFO 7896 --- [MindCash] [main] o.s.boot.tomcat.TomcatWebServer          : Tomcat initialized with port 8088 (http)
2025-12-28T18:40:56.004-03:00  INFO 7896 --- [MindCash] [main] o.apache.catalina.core.StandardService   : Starting service [Tomcat]
2025-12-28T18:40:56.005-03:00  INFO 7896 --- [MindCash] [main] o.apache.catalina.core.StandardEngine    : Starting Servlet engine: [Apache Tomcat/11.0.15]
2025-12-28T18:40:56.041-03:00  INFO 7896 --- [MindCash] [main] b.w.c.s.WebApplicationContextInitializer : Root WebApplicationContext: initialization completed in 715 ms
2025-12-28T18:40:56.097-03:00  INFO 7896 --- [MindCash] [main] f.a.AutowiredAnnotationBeanPostProcessor : Inconsistent constructor declaration on bean with name 'adapter': single autowire-marked constructor flagged as optional - this constructor is effectively required since there is no default constructor to fall back to: public br.com.mindcash.financial.driven.account.Adapter(org.springframework.jdbc.core.JdbcTemplate,java.util.logging.Logger)
2025-12-28T18:40:56.122-03:00  WARN 7896 --- [MindCash] [main] ConfigServletWebServerApplicationContext : Exception encountered during context initialization - cancelling refresh attempt: org.springframework.beans.factory.UnsatisfiedDependencyException: Error creating bean with name 'registerExpenseHandler' defined in file [C:\Users\DIOGO\OneDrive\Desktop\Sandbox\Projetos\Backend\Java\mind-cash-be\financial-account\target\classes\br\com\mindcash\financial\application\handlers\RegisterExpenseHandler.class]: Unsatisfied dependency expressed through constructor parameter 0: Error creating bean with name 'adapter' defined in file [C:\Users\DIOGO\OneDrive\Desktop\Sandbox\Projetos\Backend\Java\mind-cash-be\financial-account\target\classes\br\com\mindcash\financial\driven\account\Adapter.class]: Unsatisfied dependency expressed through constructor parameter 1: No qualifying bean of type 'java.util.logging.Logger' available: expected at least 1 bean which qualifies as autowire candidate. Dependency annotations: {}
2025-12-28T18:40:56.125-03:00  INFO 7896 --- [MindCash] [main] o.apache.catalina.core.StandardService   : Stopping service [Tomcat]
2025-12-28T18:40:56.132-03:00  INFO 7896 --- [MindCash] [main] .s.b.a.l.ConditionEvaluationReportLogger : 

Error starting ApplicationContext. To display the condition evaluation report re-run your application with 'debug' enabled.
2025-12-28T18:40:56.143-03:00 ERROR 7896 --- [MindCash] [main] o.s.b.d.LoggingFailureAnalysisReporter   : 

***************************
APPLICATION FAILED TO START
***************************

Description:

Parameter 1 of constructor in br.com.mindcash.financial.driven.account.Adapter required a bean of type 'java.util.logging.Logger' that could not be found.


Action:

Consider defining a bean of type 'java.util.logging.Logger' in your configuration.

2025-12-28T18:41:27.687-03:00  INFO 35920 --- [MindCash] [main] b.c.m.financial.FinancialApplication     : Starting FinancialApplication using Java 21.0.8 with PID 35920 (C:\Users\DIOGO\OneDrive\Desktop\Sandbox\Projetos\Backend\Java\mind-cash-be\financial-account\target\classes started by DIOGO in C:\Users\DIOGO\OneDrive\Desktop\Sandbox\Projetos\Backend\Java\mind-cash-be)
2025-12-28T18:41:27.691-03:00  INFO 35920 --- [MindCash] [main] b.c.m.financial.FinancialApplication     : No active profile set, falling back to 1 default profile: "default"
2025-12-28T18:41:28.373-03:00  INFO 35920 --- [MindCash] [main] o.s.boot.tomcat.TomcatWebServer          : Tomcat initialized with port 8088 (http)
2025-12-28T18:41:28.385-03:00  INFO 35920 --- [MindCash] [main] o.apache.catalina.core.StandardService   : Starting service [Tomcat]
2025-12-28T18:41:28.385-03:00  INFO 35920 --- [MindCash] [main] o.apache.catalina.core.StandardEngine    : Starting Servlet engine: [Apache Tomcat/11.0.15]
2025-12-28T18:41:28.421-03:00  INFO 35920 --- [MindCash] [main] b.w.c.s.WebApplicationContextInitializer : Root WebApplicationContext: initialization completed in 698 ms
2025-12-28T18:41:28.474-03:00  INFO 35920 --- [MindCash] [main] f.a.AutowiredAnnotationBeanPostProcessor : Inconsistent constructor declaration on bean with name 'adapter': single autowire-marked constructor flagged as optional - this constructor is effectively required since there is no default constructor to fall back to: public br.com.mindcash.financial.driven.account.Adapter(org.springframework.jdbc.core.JdbcTemplate,java.util.logging.Logger)
2025-12-28T18:41:28.500-03:00  WARN 35920 --- [MindCash] [main] ConfigServletWebServerApplicationContext : Exception encountered during context initialization - cancelling refresh attempt: org.springframework.beans.factory.UnsatisfiedDependencyException: Error creating bean with name 'registerExpenseHandler' defined in file [C:\Users\DIOGO\OneDrive\Desktop\Sandbox\Projetos\Backend\Java\mind-cash-be\financial-account\target\classes\br\com\mindcash\financial\application\handlers\RegisterExpenseHandler.class]: Unsatisfied dependency expressed through constructor parameter 0: Error creating bean with name 'adapter' defined in file [C:\Users\DIOGO\OneDrive\Desktop\Sandbox\Projetos\Backend\Java\mind-cash-be\financial-account\target\classes\br\com\mindcash\financial\driven\account\Adapter.class]: Unsatisfied dependency expressed through constructor parameter 1: No qualifying bean of type 'java.util.logging.Logger' available: expected at least 1 bean which qualifies as autowire candidate. Dependency annotations: {}
2025-12-28T18:41:28.502-03:00  INFO 35920 --- [MindCash] [main] o.apache.catalina.core.StandardService   : Stopping service [Tomcat]
2025-12-28T18:41:28.508-03:00  INFO 35920 --- [MindCash] [main] .s.b.a.l.ConditionEvaluationReportLogger : 

Error starting ApplicationContext. To display the condition evaluation report re-run your application with 'debug' enabled.
2025-12-28T18:41:28.521-03:00 ERROR 35920 --- [MindCash] [main] o.s.b.d.LoggingFailureAnalysisReporter   : 

***************************
APPLICATION FAILED TO START
***************************

Description:

Parameter 1 of constructor in br.com.mindcash.financial.driven.account.Adapter required a bean of type 'java.util.logging.Logger' that could not be found.


Action:

Consider defining a bean of type 'java.util.logging.Logger' in your configuration.

2025-12-28T18:42:01.650-03:00  INFO 33700 --- [MindCash] [main] b.c.m.financial.FinancialApplication     : Starting FinancialApplication using Java 21.0.8 with PID 33700 (C:\Users\DIOGO\OneDrive\Desktop\Sandbox\Projetos\Backend\Java\mind-cash-be\financial-account\target\classes started by DIOGO in C:\Users\DIOGO\OneDrive\Desktop\Sandbox\Projetos\Backend\Java\mind-cash-be)
2025-12-28T18:42:01.653-03:00  INFO 33700 --- [MindCash] [main] b.c.m.financial.FinancialApplication     : No active profile set, falling back to 1 default profile: "default"
2025-12-28T18:42:02.304-03:00  INFO 33700 --- [MindCash] [main] o.s.boot.tomcat.TomcatWebServer          : Tomcat initialized with port 8088 (http)
2025-12-28T18:42:02.314-03:00  INFO 33700 --- [MindCash] [main] o.apache.catalina.core.StandardService   : Starting service [Tomcat]
2025-12-28T18:42:02.315-03:00  INFO 33700 --- [MindCash] [main] o.apache.catalina.core.StandardEngine    : Starting Servlet engine: [Apache Tomcat/11.0.15]
2025-12-28T18:42:02.352-03:00  INFO 33700 --- [MindCash] [main] b.w.c.s.WebApplicationContextInitializer : Root WebApplicationContext: initialization completed in 663 ms
2025-12-28T18:42:02.408-03:00  INFO 33700 --- [MindCash] [main] f.a.AutowiredAnnotationBeanPostProcessor : Inconsistent constructor declaration on bean with name 'adapter': single autowire-marked constructor flagged as optional - this constructor is effectively required since there is no default constructor to fall back to: public br.com.mindcash.financial.driven.account.Adapter(org.springframework.jdbc.core.JdbcTemplate,java.util.logging.Logger)
2025-12-28T18:42:02.436-03:00  WARN 33700 --- [MindCash] [main] ConfigServletWebServerApplicationContext : Exception encountered during context initialization - cancelling refresh attempt: org.springframework.beans.factory.UnsatisfiedDependencyException: Error creating bean with name 'registerExpenseHandler' defined in file [C:\Users\DIOGO\OneDrive\Desktop\Sandbox\Projetos\Backend\Java\mind-cash-be\financial-account\target\classes\br\com\mindcash\financial\application\handlers\RegisterExpenseHandler.class]: Unsatisfied dependency expressed through constructor parameter 0: Error creating bean with name 'adapter' defined in file [C:\Users\DIOGO\OneDrive\Desktop\Sandbox\Projetos\Backend\Java\mind-cash-be\financial-account\target\classes\br\com\mindcash\financial\driven\account\Adapter.class]: Unsatisfied dependency expressed through constructor parameter 1: No qualifying bean of type 'java.util.logging.Logger' available: expected at least 1 bean which qualifies as autowire candidate. Dependency annotations: {}
2025-12-28T18:42:02.437-03:00  INFO 33700 --- [MindCash] [main] o.apache.catalina.core.StandardService   : Stopping service [Tomcat]
2025-12-28T18:42:02.443-03:00  INFO 33700 --- [MindCash] [main] .s.b.a.l.ConditionEvaluationReportLogger : 

Error starting ApplicationContext. To display the condition evaluation report re-run your application with 'debug' enabled.
2025-12-28T18:42:02.455-03:00 ERROR 33700 --- [MindCash] [main] o.s.b.d.LoggingFailureAnalysisReporter   : 

***************************
APPLICATION FAILED TO START
***************************

Description:

Parameter 1 of constructor in br.com.mindcash.financial.driven.account.Adapter required a bean of type 'java.util.logging.Logger' that could not be found.


Action:

Consider defining a bean of type 'java.util.logging.Logger' in your configuration.

2025-12-28T18:42:18.227-03:00  INFO 37264 --- [MindCash] [main] b.c.m.financial.FinancialApplication     : Starting FinancialApplication using Java 21.0.8 with PID 37264 (C:\Users\DIOGO\OneDrive\Desktop\Sandbox\Projetos\Backend\Java\mind-cash-be\financial-account\target\classes started by DIOGO in C:\Users\DIOGO\OneDrive\Desktop\Sandbox\Projetos\Backend\Java\mind-cash-be)
2025-12-28T18:42:18.230-03:00  INFO 37264 --- [MindCash] [main] b.c.m.financial.FinancialApplication     : No active profile set, falling back to 1 default profile: "default"
2025-12-28T18:42:18.930-03:00  INFO 37264 --- [MindCash] [main] o.s.boot.tomcat.TomcatWebServer          : Tomcat initialized with port 8088 (http)
2025-12-28T18:42:18.942-03:00  INFO 37264 --- [MindCash] [main] o.apache.catalina.core.StandardService   : Starting service [Tomcat]
2025-12-28T18:42:18.942-03:00  INFO 37264 --- [MindCash] [main] o.apache.catalina.core.StandardEngine    : Starting Servlet engine: [Apache Tomcat/11.0.15]
2025-12-28T18:42:18.976-03:00  INFO 37264 --- [MindCash] [main] b.w.c.s.WebApplicationContextInitializer : Root WebApplicationContext: initialization completed in 701 ms
2025-12-28T18:42:19.035-03:00  INFO 37264 --- [MindCash] [main] f.a.AutowiredAnnotationBeanPostProcessor : Inconsistent constructor declaration on bean with name 'adapter': single autowire-marked constructor flagged as optional - this constructor is effectively required since there is no default constructor to fall back to: public br.com.mindcash.financial.driven.account.Adapter(org.springframework.jdbc.core.JdbcTemplate)
2025-12-28T18:42:19.371-03:00  INFO 37264 --- [MindCash] [main] o.s.boot.tomcat.TomcatWebServer          : Tomcat started on port 8088 (http) with context path '/'
2025-12-28T18:42:19.375-03:00  INFO 37264 --- [MindCash] [main] b.c.m.financial.FinancialApplication     : Started FinancialApplication in 1.644 seconds (process running for 2.399)
2025-12-28T18:42:21.770-03:00  INFO 37264 --- [MindCash] [http-nio-8088-exec-1] o.a.c.c.C.[Tomcat].[localhost].[/]       : Initializing Spring DispatcherServlet 'dispatcherServlet'
2025-12-28T18:42:21.770-03:00  INFO 37264 --- [MindCash] [http-nio-8088-exec-1] o.s.web.servlet.DispatcherServlet        : Initializing Servlet 'dispatcherServlet'
2025-12-28T18:42:21.771-03:00  INFO 37264 --- [MindCash] [http-nio-8088-exec-1] o.s.web.servlet.DispatcherServlet        : Completed initialization in 1 ms
2025-12-28T18:42:27.114-03:00  INFO 37264 --- [MindCash] [http-nio-8088-exec-1] com.zaxxer.hikari.HikariDataSource       : HikariPool-1 - Starting...
2025-12-28T18:42:27.423-03:00  INFO 37264 --- [MindCash] [http-nio-8088-exec-1] com.zaxxer.hikari.pool.HikariPool        : HikariPool-1 - Added connection com.mysql.cj.jdbc.ConnectionImpl@7d5d63a
2025-12-28T18:42:27.424-03:00  INFO 37264 --- [MindCash] [http-nio-8088-exec-1] com.zaxxer.hikari.HikariDataSource       : HikariPool-1 - Start completed.
2025-12-28T18:42:45.370-03:00 ERROR 37264 --- [MindCash] [http-nio-8088-exec-1] o.a.c.c.C.[.[.[/].[dispatcherServlet]    : Servlet.service() for servlet [dispatcherServlet] in context with path [] threw exception [Request processing failed: java.lang.IllegalArgumentException: Instant value must have second precision only (no nanoseconds).] with root cause

java.lang.IllegalArgumentException: Instant value must have second precision only (no nanoseconds).
	at br.com.mindcash.financial.application.domain.models.expense.Instant.<init>(Instant.java:13) ~[classes/:na]
	at br.com.mindcash.financial.application.domain.models.Account.handle(Account.java:23) ~[classes/:na]
	at br.com.mindcash.financial.application.handlers.RegisterExpenseHandler.handler(RegisterExpenseHandler.java:27) ~[classes/:na]
	at br.com.mindcash.financial.driving.http.expense.Endpoint.post(Endpoint.java:28) ~[classes/:na]
	at java.base/jdk.internal.reflect.DirectMethodHandleAccessor.invoke(DirectMethodHandleAccessor.java:103) ~[na:na]
	at java.base/java.lang.reflect.Method.invoke(Method.java:580) ~[na:na]
	at org.springframework.web.method.support.InvocableHandlerMethod.doInvoke(InvocableHandlerMethod.java:258) ~[spring-web-7.0.2.jar:7.0.2]
	at org.springframework.web.method.support.InvocableHandlerMethod.invokeForRequest(InvocableHandlerMethod.java:190) ~[spring-web-7.0.2.jar:7.0.2]
	at org.springframework.web.servlet.mvc.method.annotation.ServletInvocableHandlerMethod.invokeAndHandle(ServletInvocableHandlerMethod.java:117) ~[spring-webmvc-7.0.2.jar:7.0.2]
	at org.springframework.web.servlet.mvc.method.annotation.RequestMappingHandlerAdapter.invokeHandlerMethod(RequestMappingHandlerAdapter.java:934) ~[spring-webmvc-7.0.2.jar:7.0.2]
	at org.springframework.web.servlet.mvc.method.annotation.RequestMappingHandlerAdapter.handleInternal(RequestMappingHandlerAdapter.java:853) ~[spring-webmvc-7.0.2.jar:7.0.2]
	at org.springframework.web.servlet.mvc.method.AbstractHandlerMethodAdapter.handle(AbstractHandlerMethodAdapter.java:86) ~[spring-webmvc-7.0.2.jar:7.0.2]
	at org.springframework.web.servlet.DispatcherServlet.doDispatch(DispatcherServlet.java:963) ~[spring-webmvc-7.0.2.jar:7.0.2]
	at org.springframework.web.servlet.DispatcherServlet.doService(DispatcherServlet.java:866) ~[spring-webmvc-7.0.2.jar:7.0.2]
	at org.springframework.web.servlet.FrameworkServlet.processRequest(FrameworkServlet.java:1003) ~[spring-webmvc-7.0.2.jar:7.0.2]
	at org.springframework.web.servlet.FrameworkServlet.doPost(FrameworkServlet.java:903) ~[spring-webmvc-7.0.2.jar:7.0.2]
	at jakarta.servlet.http.HttpServlet.service(HttpServlet.java:649) ~[tomcat-embed-core-11.0.15.jar:6.1]
	at org.springframework.web.servlet.FrameworkServlet.service(FrameworkServlet.java:874) ~[spring-webmvc-7.0.2.jar:7.0.2]
	at jakarta.servlet.http.HttpServlet.service(HttpServlet.java:710) ~[tomcat-embed-core-11.0.15.jar:6.1]
	at org.apache.catalina.core.ApplicationFilterChain.doFilter(ApplicationFilterChain.java:128) ~[tomcat-embed-core-11.0.15.jar:11.0.15]
	at org.apache.tomcat.websocket.server.WsFilter.doFilter(WsFilter.java:53) ~[tomcat-embed-websocket-11.0.15.jar:11.0.15]
	at org.apache.catalina.core.ApplicationFilterChain.doFilter(ApplicationFilterChain.java:107) ~[tomcat-embed-core-11.0.15.jar:11.0.15]
	at org.springframework.web.filter.RequestContextFilter.doFilterInternal(RequestContextFilter.java:100) ~[spring-web-7.0.2.jar:7.0.2]
	at org.springframework.web.filter.OncePerRequestFilter.doFilter(OncePerRequestFilter.java:116) ~[spring-web-7.0.2.jar:7.0.2]
	at org.apache.catalina.core.ApplicationFilterChain.doFilter(ApplicationFilterChain.java:107) ~[tomcat-embed-core-11.0.15.jar:11.0.15]
	at org.springframework.web.filter.FormContentFilter.doFilterInternal(FormContentFilter.java:93) ~[spring-web-7.0.2.jar:7.0.2]
	at org.springframework.web.filter.OncePerRequestFilter.doFilter(OncePerRequestFilter.java:116) ~[spring-web-7.0.2.jar:7.0.2]
	at org.apache.catalina.core.ApplicationFilterChain.doFilter(ApplicationFilterChain.java:107) ~[tomcat-embed-core-11.0.15.jar:11.0.15]
	at org.springframework.web.filter.CharacterEncodingFilter.doFilterInternal(CharacterEncodingFilter.java:199) ~[spring-web-7.0.2.jar:7.0.2]
	at org.springframework.web.filter.OncePerRequestFilter.doFilter(OncePerRequestFilter.java:116) ~[spring-web-7.0.2.jar:7.0.2]
	at org.apache.catalina.core.ApplicationFilterChain.doFilter(ApplicationFilterChain.java:107) ~[tomcat-embed-core-11.0.15.jar:11.0.15]
	at org.apache.catalina.core.StandardWrapperValve.invoke(StandardWrapperValve.java:165) ~[tomcat-embed-core-11.0.15.jar:11.0.15]
	at org.apache.catalina.core.StandardContextValve.invoke(StandardContextValve.java:77) ~[tomcat-embed-core-11.0.15.jar:11.0.15]
	at org.apache.catalina.authenticator.AuthenticatorBase.invoke(AuthenticatorBase.java:482) ~[tomcat-embed-core-11.0.15.jar:11.0.15]
	at org.apache.catalina.core.StandardHostValve.invoke(StandardHostValve.java:113) ~[tomcat-embed-core-11.0.15.jar:11.0.15]
	at org.apache.catalina.valves.ErrorReportValve.invoke(ErrorReportValve.java:83) ~[tomcat-embed-core-11.0.15.jar:11.0.15]
	at org.apache.catalina.core.StandardEngineValve.invoke(StandardEngineValve.java:72) ~[tomcat-embed-core-11.0.15.jar:11.0.15]
	at org.apache.catalina.connector.CoyoteAdapter.service(CoyoteAdapter.java:341) ~[tomcat-embed-core-11.0.15.jar:11.0.15]
	at org.apache.coyote.http11.Http11Processor.service(Http11Processor.java:397) ~[tomcat-embed-core-11.0.15.jar:11.0.15]
	at org.apache.coyote.AbstractProcessorLight.process(AbstractProcessorLight.java:63) ~[tomcat-embed-core-11.0.15.jar:11.0.15]
	at org.apache.coyote.AbstractProtocol$ConnectionHandler.process(AbstractProtocol.java:903) ~[tomcat-embed-core-11.0.15.jar:11.0.15]
	at org.apache.tomcat.util.net.NioEndpoint$SocketProcessor.doRun(NioEndpoint.java:1778) ~[tomcat-embed-core-11.0.15.jar:11.0.15]
	at org.apache.tomcat.util.net.SocketProcessorBase.run(SocketProcessorBase.java:52) ~[tomcat-embed-core-11.0.15.jar:11.0.15]
	at org.apache.tomcat.util.threads.ThreadPoolExecutor.runWorker(ThreadPoolExecutor.java:946) ~[tomcat-embed-core-11.0.15.jar:11.0.15]
	at org.apache.tomcat.util.threads.ThreadPoolExecutor$Worker.run(ThreadPoolExecutor.java:480) ~[tomcat-embed-core-11.0.15.jar:11.0.15]
	at org.apache.tomcat.util.threads.TaskThread$WrappingRunnable.run(TaskThread.java:57) ~[tomcat-embed-core-11.0.15.jar:11.0.15]
	at java.base/java.lang.Thread.run(Thread.java:1583) ~[na:na]

2025-12-28T18:43:02.023-03:00  INFO 37264 --- [MindCash] [SpringApplicationShutdownHook] o.s.boot.tomcat.GracefulShutdown         : Commencing graceful shutdown. Waiting for active requests to complete
2025-12-28T18:43:02.032-03:00  INFO 37264 --- [MindCash] [tomcat-shutdown] o.s.boot.tomcat.GracefulShutdown         : Graceful shutdown complete
2025-12-28T18:43:02.035-03:00  INFO 37264 --- [MindCash] [SpringApplicationShutdownHook] com.zaxxer.hikari.HikariDataSource       : HikariPool-1 - Shutdown initiated...
2025-12-28T18:43:02.040-03:00  INFO 37264 --- [MindCash] [SpringApplicationShutdownHook] com.zaxxer.hikari.HikariDataSource       : HikariPool-1 - Shutdown completed.
2025-12-28T18:44:50.774-03:00  INFO 35044 --- [MindCash] [main] b.c.m.financial.FinancialApplication     : Starting FinancialApplication using Java 21.0.8 with PID 35044 (C:\Users\DIOGO\OneDrive\Desktop\Sandbox\Projetos\Backend\Java\mind-cash-be\financial-account\target\classes started by DIOGO in C:\Users\DIOGO\OneDrive\Desktop\Sandbox\Projetos\Backend\Java\mind-cash-be)
2025-12-28T18:44:50.777-03:00  INFO 35044 --- [MindCash] [main] b.c.m.financial.FinancialApplication     : No active profile set, falling back to 1 default profile: "default"
2025-12-28T18:44:51.442-03:00  INFO 35044 --- [MindCash] [main] o.s.boot.tomcat.TomcatWebServer          : Tomcat initialized with port 8088 (http)
2025-12-28T18:44:51.453-03:00  INFO 35044 --- [MindCash] [main] o.apache.catalina.core.StandardService   : Starting service [Tomcat]
2025-12-28T18:44:51.453-03:00  INFO 35044 --- [MindCash] [main] o.apache.catalina.core.StandardEngine    : Starting Servlet engine: [Apache Tomcat/11.0.15]
2025-12-28T18:44:51.485-03:00  INFO 35044 --- [MindCash] [main] b.w.c.s.WebApplicationContextInitializer : Root WebApplicationContext: initialization completed in 671 ms
2025-12-28T18:44:51.535-03:00  INFO 35044 --- [MindCash] [main] f.a.AutowiredAnnotationBeanPostProcessor : Inconsistent constructor declaration on bean with name 'adapter': single autowire-marked constructor flagged as optional - this constructor is effectively required since there is no default constructor to fall back to: public br.com.mindcash.financial.driven.account.Adapter(org.springframework.jdbc.core.JdbcTemplate)
2025-12-28T18:44:51.858-03:00  INFO 35044 --- [MindCash] [main] o.s.boot.tomcat.TomcatWebServer          : Tomcat started on port 8088 (http) with context path '/'
2025-12-28T18:44:51.861-03:00  INFO 35044 --- [MindCash] [main] b.c.m.financial.FinancialApplication     : Started FinancialApplication in 1.504 seconds (process running for 2.143)
2025-12-28T18:44:58.835-03:00  INFO 35044 --- [MindCash] [http-nio-8088-exec-2] o.a.c.c.C.[Tomcat].[localhost].[/]       : Initializing Spring DispatcherServlet 'dispatcherServlet'
2025-12-28T18:44:58.835-03:00  INFO 35044 --- [MindCash] [http-nio-8088-exec-2] o.s.web.servlet.DispatcherServlet        : Initializing Servlet 'dispatcherServlet'
2025-12-28T18:44:58.836-03:00  INFO 35044 --- [MindCash] [http-nio-8088-exec-2] o.s.web.servlet.DispatcherServlet        : Completed initialization in 1 ms
2025-12-28T18:45:01.474-03:00  INFO 35044 --- [MindCash] [http-nio-8088-exec-2] com.zaxxer.hikari.HikariDataSource       : HikariPool-1 - Starting...
2025-12-28T18:45:01.773-03:00  INFO 35044 --- [MindCash] [http-nio-8088-exec-2] com.zaxxer.hikari.pool.HikariPool        : HikariPool-1 - Added connection com.mysql.cj.jdbc.ConnectionImpl@7ec6c12
2025-12-28T18:45:01.775-03:00  INFO 35044 --- [MindCash] [http-nio-8088-exec-2] com.zaxxer.hikari.HikariDataSource       : HikariPool-1 - Start completed.
2025-12-28T18:45:12.644-03:00 ERROR 35044 --- [MindCash] [http-nio-8088-exec-2] o.a.c.c.C.[.[.[/].[dispatcherServlet]    : Servlet.service() for servlet [dispatcherServlet] in context with path [] threw exception [Request processing failed: org.springframework.dao.TransientDataAccessResourceException: PreparedStatementCallback; SQL [INSERT INTO tb_expense (idt_expense, idt_account, dsc_description, dsc_category, sts_status, vlr_amount, ts_instant) VALUES ('%s', '%s', '%s', '%s', '%s', %s, '%s')]; Parameter index out of range (1 > number of parameters, which is 0).] with root cause

java.sql.SQLException: Parameter index out of range (1 > number of parameters, which is 0).
	at com.mysql.cj.jdbc.exceptions.SQLError.createSQLException(SQLError.java:121) ~[mysql-connector-j-9.5.0.jar:9.5.0]
	at com.mysql.cj.jdbc.exceptions.SQLError.createSQLException(SQLError.java:89) ~[mysql-connector-j-9.5.0.jar:9.5.0]
	at com.mysql.cj.jdbc.exceptions.SQLError.createSQLException(SQLError.java:81) ~[mysql-connector-j-9.5.0.jar:9.5.0]
	at com.mysql.cj.jdbc.exceptions.SQLError.createSQLException(SQLError.java:55) ~[mysql-connector-j-9.5.0.jar:9.5.0]
	at com.mysql.cj.jdbc.ClientPreparedStatement.checkBounds(ClientPreparedStatement.java:1480) ~[mysql-connector-j-9.5.0.jar:9.5.0]
	at com.mysql.cj.jdbc.ClientPreparedStatement.getCoreParameterIndex(ClientPreparedStatement.java:1495) ~[mysql-connector-j-9.5.0.jar:9.5.0]
	at com.mysql.cj.jdbc.ClientPreparedStatement.setObject(ClientPreparedStatement.java:1907) ~[mysql-connector-j-9.5.0.jar:9.5.0]
	at com.zaxxer.hikari.pool.HikariProxyPreparedStatement.setObject(HikariProxyPreparedStatement.java) ~[HikariCP-7.0.2.jar:na]
	at org.springframework.jdbc.core.StatementCreatorUtils.setValue(StatementCreatorUtils.java:447) ~[spring-jdbc-7.0.2.jar:7.0.2]
	at org.springframework.jdbc.core.StatementCreatorUtils.setParameterValueInternal(StatementCreatorUtils.java:241) ~[spring-jdbc-7.0.2.jar:7.0.2]
	at org.springframework.jdbc.core.StatementCreatorUtils.setParameterValue(StatementCreatorUtils.java:173) ~[spring-jdbc-7.0.2.jar:7.0.2]
	at org.springframework.jdbc.core.ArgumentPreparedStatementSetter.doSetValue(ArgumentPreparedStatementSetter.java:71) ~[spring-jdbc-7.0.2.jar:7.0.2]
	at org.springframework.jdbc.core.ArgumentPreparedStatementSetter.setValues(ArgumentPreparedStatementSetter.java:50) ~[spring-jdbc-7.0.2.jar:7.0.2]
	at org.springframework.jdbc.core.JdbcTemplate.lambda$update$0(JdbcTemplate.java:968) ~[spring-jdbc-7.0.2.jar:7.0.2]
	at org.springframework.jdbc.core.JdbcTemplate.execute(JdbcTemplate.java:669) ~[spring-jdbc-7.0.2.jar:7.0.2]
	at org.springframework.jdbc.core.JdbcTemplate.update(JdbcTemplate.java:965) ~[spring-jdbc-7.0.2.jar:7.0.2]
	at org.springframework.jdbc.core.JdbcTemplate.update(JdbcTemplate.java:1009) ~[spring-jdbc-7.0.2.jar:7.0.2]
	at org.springframework.jdbc.core.JdbcTemplate.update(JdbcTemplate.java:1019) ~[spring-jdbc-7.0.2.jar:7.0.2]
	at br.com.mindcash.financial.driven.account.Adapter.save(Adapter.java:42) ~[classes/:na]
	at java.base/jdk.internal.reflect.DirectMethodHandleAccessor.invoke(DirectMethodHandleAccessor.java:103) ~[na:na]
	at java.base/java.lang.reflect.Method.invoke(Method.java:580) ~[na:na]
	at org.springframework.aop.support.AopUtils.invokeJoinpointUsingReflection(AopUtils.java:359) ~[spring-aop-7.0.2.jar:7.0.2]
	at org.springframework.aop.framework.ReflectiveMethodInvocation.invokeJoinpoint(ReflectiveMethodInvocation.java:190) ~[spring-aop-7.0.2.jar:7.0.2]
	at org.springframework.aop.framework.ReflectiveMethodInvocation.proceed(ReflectiveMethodInvocation.java:158) ~[spring-aop-7.0.2.jar:7.0.2]
	at org.springframework.transaction.interceptor.TransactionAspectSupport.invokeWithinTransaction(TransactionAspectSupport.java:370) ~[spring-tx-7.0.2.jar:7.0.2]
	at org.springframework.transaction.interceptor.TransactionInterceptor.invoke(TransactionInterceptor.java:118) ~[spring-tx-7.0.2.jar:7.0.2]
	at org.springframework.aop.framework.ReflectiveMethodInvocation.proceed(ReflectiveMethodInvocation.java:179) ~[spring-aop-7.0.2.jar:7.0.2]
	at org.springframework.aop.framework.CglibAopProxy$DynamicAdvisedInterceptor.intercept(CglibAopProxy.java:719) ~[spring-aop-7.0.2.jar:7.0.2]
	at br.com.mindcash.financial.driven.account.Adapter$$SpringCGLIB$$0.save(<generated>) ~[classes/:na]
	at br.com.mindcash.financial.application.handlers.RegisterExpenseHandler.handler(RegisterExpenseHandler.java:30) ~[classes/:na]
	at br.com.mindcash.financial.driving.http.expense.Endpoint.post(Endpoint.java:28) ~[classes/:na]
	at java.base/jdk.internal.reflect.DirectMethodHandleAccessor.invoke(DirectMethodHandleAccessor.java:103) ~[na:na]
	at java.base/java.lang.reflect.Method.invoke(Method.java:580) ~[na:na]
	at org.springframework.web.method.support.InvocableHandlerMethod.doInvoke(InvocableHandlerMethod.java:258) ~[spring-web-7.0.2.jar:7.0.2]
	at org.springframework.web.method.support.InvocableHandlerMethod.invokeForRequest(InvocableHandlerMethod.java:190) ~[spring-web-7.0.2.jar:7.0.2]
	at org.springframework.web.servlet.mvc.method.annotation.ServletInvocableHandlerMethod.invokeAndHandle(ServletInvocableHandlerMethod.java:117) ~[spring-webmvc-7.0.2.jar:7.0.2]
	at org.springframework.web.servlet.mvc.method.annotation.RequestMappingHandlerAdapter.invokeHandlerMethod(RequestMappingHandlerAdapter.java:934) ~[spring-webmvc-7.0.2.jar:7.0.2]
	at org.springframework.web.servlet.mvc.method.annotation.RequestMappingHandlerAdapter.handleInternal(RequestMappingHandlerAdapter.java:853) ~[spring-webmvc-7.0.2.jar:7.0.2]
	at org.springframework.web.servlet.mvc.method.AbstractHandlerMethodAdapter.handle(AbstractHandlerMethodAdapter.java:86) ~[spring-webmvc-7.0.2.jar:7.0.2]
	at org.springframework.web.servlet.DispatcherServlet.doDispatch(DispatcherServlet.java:963) ~[spring-webmvc-7.0.2.jar:7.0.2]
	at org.springframework.web.servlet.DispatcherServlet.doService(DispatcherServlet.java:866) ~[spring-webmvc-7.0.2.jar:7.0.2]
	at org.springframework.web.servlet.FrameworkServlet.processRequest(FrameworkServlet.java:1003) ~[spring-webmvc-7.0.2.jar:7.0.2]
	at org.springframework.web.servlet.FrameworkServlet.doPost(FrameworkServlet.java:903) ~[spring-webmvc-7.0.2.jar:7.0.2]
	at jakarta.servlet.http.HttpServlet.service(HttpServlet.java:649) ~[tomcat-embed-core-11.0.15.jar:6.1]
	at org.springframework.web.servlet.FrameworkServlet.service(FrameworkServlet.java:874) ~[spring-webmvc-7.0.2.jar:7.0.2]
	at jakarta.servlet.http.HttpServlet.service(HttpServlet.java:710) ~[tomcat-embed-core-11.0.15.jar:6.1]
	at org.apache.catalina.core.ApplicationFilterChain.doFilter(ApplicationFilterChain.java:128) ~[tomcat-embed-core-11.0.15.jar:11.0.15]
	at org.apache.tomcat.websocket.server.WsFilter.doFilter(WsFilter.java:53) ~[tomcat-embed-websocket-11.0.15.jar:11.0.15]
	at org.apache.catalina.core.ApplicationFilterChain.doFilter(ApplicationFilterChain.java:107) ~[tomcat-embed-core-11.0.15.jar:11.0.15]
	at org.springframework.web.filter.RequestContextFilter.doFilterInternal(RequestContextFilter.java:100) ~[spring-web-7.0.2.jar:7.0.2]
	at org.springframework.web.filter.OncePerRequestFilter.doFilter(OncePerRequestFilter.java:116) ~[spring-web-7.0.2.jar:7.0.2]
	at org.apache.catalina.core.ApplicationFilterChain.doFilter(ApplicationFilterChain.java:107) ~[tomcat-embed-core-11.0.15.jar:11.0.15]
	at org.springframework.web.filter.FormContentFilter.doFilterInternal(FormContentFilter.java:93) ~[spring-web-7.0.2.jar:7.0.2]
	at org.springframework.web.filter.OncePerRequestFilter.doFilter(OncePerRequestFilter.java:116) ~[spring-web-7.0.2.jar:7.0.2]
	at org.apache.catalina.core.ApplicationFilterChain.doFilter(ApplicationFilterChain.java:107) ~[tomcat-embed-core-11.0.15.jar:11.0.15]
	at org.springframework.web.filter.CharacterEncodingFilter.doFilterInternal(CharacterEncodingFilter.java:199) ~[spring-web-7.0.2.jar:7.0.2]
	at org.springframework.web.filter.OncePerRequestFilter.doFilter(OncePerRequestFilter.java:116) ~[spring-web-7.0.2.jar:7.0.2]
	at org.apache.catalina.core.ApplicationFilterChain.doFilter(ApplicationFilterChain.java:107) ~[tomcat-embed-core-11.0.15.jar:11.0.15]
	at org.apache.catalina.core.StandardWrapperValve.invoke(StandardWrapperValve.java:165) ~[tomcat-embed-core-11.0.15.jar:11.0.15]
	at org.apache.catalina.core.StandardContextValve.invoke(StandardContextValve.java:77) ~[tomcat-embed-core-11.0.15.jar:11.0.15]
	at org.apache.catalina.authenticator.AuthenticatorBase.invoke(AuthenticatorBase.java:482) ~[tomcat-embed-core-11.0.15.jar:11.0.15]
	at org.apache.catalina.core.StandardHostValve.invoke(StandardHostValve.java:113) ~[tomcat-embed-core-11.0.15.jar:11.0.15]
	at org.apache.catalina.valves.ErrorReportValve.invoke(ErrorReportValve.java:83) ~[tomcat-embed-core-11.0.15.jar:11.0.15]
	at org.apache.catalina.core.StandardEngineValve.invoke(StandardEngineValve.java:72) ~[tomcat-embed-core-11.0.15.jar:11.0.15]
	at org.apache.catalina.connector.CoyoteAdapter.service(CoyoteAdapter.java:341) ~[tomcat-embed-core-11.0.15.jar:11.0.15]
	at org.apache.coyote.http11.Http11Processor.service(Http11Processor.java:397) ~[tomcat-embed-core-11.0.15.jar:11.0.15]
	at org.apache.coyote.AbstractProcessorLight.process(AbstractProcessorLight.java:63) ~[tomcat-embed-core-11.0.15.jar:11.0.15]
	at org.apache.coyote.AbstractProtocol$ConnectionHandler.process(AbstractProtocol.java:903) ~[tomcat-embed-core-11.0.15.jar:11.0.15]
	at org.apache.tomcat.util.net.NioEndpoint$SocketProcessor.doRun(NioEndpoint.java:1778) ~[tomcat-embed-core-11.0.15.jar:11.0.15]
	at org.apache.tomcat.util.net.SocketProcessorBase.run(SocketProcessorBase.java:52) ~[tomcat-embed-core-11.0.15.jar:11.0.15]
	at org.apache.tomcat.util.threads.ThreadPoolExecutor.runWorker(ThreadPoolExecutor.java:946) ~[tomcat-embed-core-11.0.15.jar:11.0.15]
	at org.apache.tomcat.util.threads.ThreadPoolExecutor$Worker.run(ThreadPoolExecutor.java:480) ~[tomcat-embed-core-11.0.15.jar:11.0.15]
	at org.apache.tomcat.util.threads.TaskThread$WrappingRunnable.run(TaskThread.java:57) ~[tomcat-embed-core-11.0.15.jar:11.0.15]
	at java.base/java.lang.Thread.run(Thread.java:1583) ~[na:na]

2025-12-28T18:45:21.018-03:00  INFO 35044 --- [MindCash] [SpringApplicationShutdownHook] o.s.boot.tomcat.GracefulShutdown         : Commencing graceful shutdown. Waiting for active requests to complete
2025-12-28T18:45:21.026-03:00  INFO 35044 --- [MindCash] [tomcat-shutdown] o.s.boot.tomcat.GracefulShutdown         : Graceful shutdown complete
2025-12-28T18:45:21.029-03:00  INFO 35044 --- [MindCash] [SpringApplicationShutdownHook] com.zaxxer.hikari.HikariDataSource       : HikariPool-1 - Shutdown initiated...
2025-12-28T18:45:21.034-03:00  INFO 35044 --- [MindCash] [SpringApplicationShutdownHook] com.zaxxer.hikari.HikariDataSource       : HikariPool-1 - Shutdown completed.
2025-12-28T19:22:10.805-03:00  INFO 19348 --- [MindCash] [main] b.c.m.financial.FinancialApplication     : Starting FinancialApplication using Java 21.0.8 with PID 19348 (C:\Users\DIOGO\OneDrive\Desktop\Sandbox\Projetos\Backend\Java\mind-cash-be\financial-account\target\classes started by DIOGO in C:\Users\DIOGO\OneDrive\Desktop\Sandbox\Projetos\Backend\Java\mind-cash-be)
2025-12-28T19:22:10.808-03:00  INFO 19348 --- [MindCash] [main] b.c.m.financial.FinancialApplication     : No active profile set, falling back to 1 default profile: "default"
2025-12-28T19:22:11.595-03:00  INFO 19348 --- [MindCash] [main] o.s.boot.tomcat.TomcatWebServer          : Tomcat initialized with port 8088 (http)
2025-12-28T19:22:11.606-03:00  INFO 19348 --- [MindCash] [main] o.apache.catalina.core.StandardService   : Starting service [Tomcat]
2025-12-28T19:22:11.606-03:00  INFO 19348 --- [MindCash] [main] o.apache.catalina.core.StandardEngine    : Starting Servlet engine: [Apache Tomcat/11.0.15]
2025-12-28T19:22:11.642-03:00  INFO 19348 --- [MindCash] [main] b.w.c.s.WebApplicationContextInitializer : Root WebApplicationContext: initialization completed in 802 ms
2025-12-28T19:22:11.700-03:00  INFO 19348 --- [MindCash] [main] f.a.AutowiredAnnotationBeanPostProcessor : Inconsistent constructor declaration on bean with name 'adapter': single autowire-marked constructor flagged as optional - this constructor is effectively required since there is no default constructor to fall back to: public br.com.mindcash.financial.driven.account.Adapter(org.springframework.jdbc.core.JdbcTemplate)
2025-12-28T19:22:12.038-03:00  INFO 19348 --- [MindCash] [main] o.s.boot.tomcat.TomcatWebServer          : Tomcat started on port 8088 (http) with context path '/'
2025-12-28T19:22:12.042-03:00  INFO 19348 --- [MindCash] [main] b.c.m.financial.FinancialApplication     : Started FinancialApplication in 1.603 seconds (process running for 3.226)
2025-12-28T19:22:14.701-03:00  INFO 19348 --- [MindCash] [http-nio-8088-exec-2] o.a.c.c.C.[Tomcat].[localhost].[/]       : Initializing Spring DispatcherServlet 'dispatcherServlet'
2025-12-28T19:22:14.701-03:00  INFO 19348 --- [MindCash] [http-nio-8088-exec-2] o.s.web.servlet.DispatcherServlet        : Initializing Servlet 'dispatcherServlet'
2025-12-28T19:22:14.703-03:00  INFO 19348 --- [MindCash] [http-nio-8088-exec-2] o.s.web.servlet.DispatcherServlet        : Completed initialization in 1 ms
2025-12-28T19:22:14.843-03:00  INFO 19348 --- [MindCash] [http-nio-8088-exec-2] com.zaxxer.hikari.HikariDataSource       : HikariPool-1 - Starting...
2025-12-28T19:22:15.118-03:00  INFO 19348 --- [MindCash] [http-nio-8088-exec-2] com.zaxxer.hikari.pool.HikariPool        : HikariPool-1 - Added connection com.mysql.cj.jdbc.ConnectionImpl@74d91f3f
2025-12-28T19:22:15.120-03:00  INFO 19348 --- [MindCash] [http-nio-8088-exec-2] com.zaxxer.hikari.HikariDataSource       : HikariPool-1 - Start completed.
2025-12-28T19:22:30.968-03:00 ERROR 19348 --- [MindCash] [http-nio-8088-exec-2] o.a.c.c.C.[.[.[/].[dispatcherServlet]    : Servlet.service() for servlet [dispatcherServlet] in context with path [] threw exception [Request processing failed: org.springframework.dao.TransientDataAccessResourceException: PreparedStatementCallback; SQL [INSERT INTO tb_expense (idt_expense, idt_account, dsc_description, dsc_category, sts_status, vlr_amount, ts_instant) VALUES ('%s', '%s', '%s', '%s', '%s', %s, '%s')]; Parameter index out of range (1 > number of parameters, which is 0).] with root cause

java.sql.SQLException: Parameter index out of range (1 > number of parameters, which is 0).
	at com.mysql.cj.jdbc.exceptions.SQLError.createSQLException(SQLError.java:121) ~[mysql-connector-j-9.5.0.jar:9.5.0]
	at com.mysql.cj.jdbc.exceptions.SQLError.createSQLException(SQLError.java:89) ~[mysql-connector-j-9.5.0.jar:9.5.0]
	at com.mysql.cj.jdbc.exceptions.SQLError.createSQLException(SQLError.java:81) ~[mysql-connector-j-9.5.0.jar:9.5.0]
	at com.mysql.cj.jdbc.exceptions.SQLError.createSQLException(SQLError.java:55) ~[mysql-connector-j-9.5.0.jar:9.5.0]
	at com.mysql.cj.jdbc.ClientPreparedStatement.checkBounds(ClientPreparedStatement.java:1480) ~[mysql-connector-j-9.5.0.jar:9.5.0]
	at com.mysql.cj.jdbc.ClientPreparedStatement.getCoreParameterIndex(ClientPreparedStatement.java:1495) ~[mysql-connector-j-9.5.0.jar:9.5.0]
	at com.mysql.cj.jdbc.ClientPreparedStatement.setObject(ClientPreparedStatement.java:1907) ~[mysql-connector-j-9.5.0.jar:9.5.0]
	at com.zaxxer.hikari.pool.HikariProxyPreparedStatement.setObject(HikariProxyPreparedStatement.java) ~[HikariCP-7.0.2.jar:na]
	at org.springframework.jdbc.core.StatementCreatorUtils.setValue(StatementCreatorUtils.java:447) ~[spring-jdbc-7.0.2.jar:7.0.2]
	at org.springframework.jdbc.core.StatementCreatorUtils.setParameterValueInternal(StatementCreatorUtils.java:241) ~[spring-jdbc-7.0.2.jar:7.0.2]
	at org.springframework.jdbc.core.StatementCreatorUtils.setParameterValue(StatementCreatorUtils.java:173) ~[spring-jdbc-7.0.2.jar:7.0.2]
	at org.springframework.jdbc.core.ArgumentPreparedStatementSetter.doSetValue(ArgumentPreparedStatementSetter.java:71) ~[spring-jdbc-7.0.2.jar:7.0.2]
	at org.springframework.jdbc.core.ArgumentPreparedStatementSetter.setValues(ArgumentPreparedStatementSetter.java:50) ~[spring-jdbc-7.0.2.jar:7.0.2]
	at org.springframework.jdbc.core.JdbcTemplate.lambda$update$0(JdbcTemplate.java:968) ~[spring-jdbc-7.0.2.jar:7.0.2]
	at org.springframework.jdbc.core.JdbcTemplate.execute(JdbcTemplate.java:669) ~[spring-jdbc-7.0.2.jar:7.0.2]
	at org.springframework.jdbc.core.JdbcTemplate.update(JdbcTemplate.java:965) ~[spring-jdbc-7.0.2.jar:7.0.2]
	at org.springframework.jdbc.core.JdbcTemplate.update(JdbcTemplate.java:1009) ~[spring-jdbc-7.0.2.jar:7.0.2]
	at org.springframework.jdbc.core.JdbcTemplate.update(JdbcTemplate.java:1019) ~[spring-jdbc-7.0.2.jar:7.0.2]
	at br.com.mindcash.financial.driven.account.Adapter.save(Adapter.java:42) ~[classes/:na]
	at java.base/jdk.internal.reflect.DirectMethodHandleAccessor.invoke(DirectMethodHandleAccessor.java:103) ~[na:na]
	at java.base/java.lang.reflect.Method.invoke(Method.java:580) ~[na:na]
	at org.springframework.aop.support.AopUtils.invokeJoinpointUsingReflection(AopUtils.java:359) ~[spring-aop-7.0.2.jar:7.0.2]
	at org.springframework.aop.framework.ReflectiveMethodInvocation.invokeJoinpoint(ReflectiveMethodInvocation.java:190) ~[spring-aop-7.0.2.jar:7.0.2]
	at org.springframework.aop.framework.ReflectiveMethodInvocation.proceed(ReflectiveMethodInvocation.java:158) ~[spring-aop-7.0.2.jar:7.0.2]
	at org.springframework.transaction.interceptor.TransactionAspectSupport.invokeWithinTransaction(TransactionAspectSupport.java:370) ~[spring-tx-7.0.2.jar:7.0.2]
	at org.springframework.transaction.interceptor.TransactionInterceptor.invoke(TransactionInterceptor.java:118) ~[spring-tx-7.0.2.jar:7.0.2]
	at org.springframework.aop.framework.ReflectiveMethodInvocation.proceed(ReflectiveMethodInvocation.java:179) ~[spring-aop-7.0.2.jar:7.0.2]
	at org.springframework.aop.framework.CglibAopProxy$DynamicAdvisedInterceptor.intercept(CglibAopProxy.java:719) ~[spring-aop-7.0.2.jar:7.0.2]
	at br.com.mindcash.financial.driven.account.Adapter$$SpringCGLIB$$0.save(<generated>) ~[classes/:na]
	at br.com.mindcash.financial.application.handlers.RegisterExpenseHandler.handler(RegisterExpenseHandler.java:30) ~[classes/:na]
	at br.com.mindcash.financial.driving.http.expense.Endpoint.post(Endpoint.java:28) ~[classes/:na]
	at java.base/jdk.internal.reflect.DirectMethodHandleAccessor.invoke(DirectMethodHandleAccessor.java:103) ~[na:na]
	at java.base/java.lang.reflect.Method.invoke(Method.java:580) ~[na:na]
	at org.springframework.web.method.support.InvocableHandlerMethod.doInvoke(InvocableHandlerMethod.java:258) ~[spring-web-7.0.2.jar:7.0.2]
	at org.springframework.web.method.support.InvocableHandlerMethod.invokeForRequest(InvocableHandlerMethod.java:190) ~[spring-web-7.0.2.jar:7.0.2]
	at org.springframework.web.servlet.mvc.method.annotation.ServletInvocableHandlerMethod.invokeAndHandle(ServletInvocableHandlerMethod.java:117) ~[spring-webmvc-7.0.2.jar:7.0.2]
	at org.springframework.web.servlet.mvc.method.annotation.RequestMappingHandlerAdapter.invokeHandlerMethod(RequestMappingHandlerAdapter.java:934) ~[spring-webmvc-7.0.2.jar:7.0.2]
	at org.springframework.web.servlet.mvc.method.annotation.RequestMappingHandlerAdapter.handleInternal(RequestMappingHandlerAdapter.java:853) ~[spring-webmvc-7.0.2.jar:7.0.2]
	at org.springframework.web.servlet.mvc.method.AbstractHandlerMethodAdapter.handle(AbstractHandlerMethodAdapter.java:86) ~[spring-webmvc-7.0.2.jar:7.0.2]
	at org.springframework.web.servlet.DispatcherServlet.doDispatch(DispatcherServlet.java:963) ~[spring-webmvc-7.0.2.jar:7.0.2]
	at org.springframework.web.servlet.DispatcherServlet.doService(DispatcherServlet.java:866) ~[spring-webmvc-7.0.2.jar:7.0.2]
	at org.springframework.web.servlet.FrameworkServlet.processRequest(FrameworkServlet.java:1003) ~[spring-webmvc-7.0.2.jar:7.0.2]
	at org.springframework.web.servlet.FrameworkServlet.doPost(FrameworkServlet.java:903) ~[spring-webmvc-7.0.2.jar:7.0.2]
	at jakarta.servlet.http.HttpServlet.service(HttpServlet.java:649) ~[tomcat-embed-core-11.0.15.jar:6.1]
	at org.springframework.web.servlet.FrameworkServlet.service(FrameworkServlet.java:874) ~[spring-webmvc-7.0.2.jar:7.0.2]
	at jakarta.servlet.http.HttpServlet.service(HttpServlet.java:710) ~[tomcat-embed-core-11.0.15.jar:6.1]
	at org.apache.catalina.core.ApplicationFilterChain.doFilter(ApplicationFilterChain.java:128) ~[tomcat-embed-core-11.0.15.jar:11.0.15]
	at org.apache.tomcat.websocket.server.WsFilter.doFilter(WsFilter.java:53) ~[tomcat-embed-websocket-11.0.15.jar:11.0.15]
	at org.apache.catalina.core.ApplicationFilterChain.doFilter(ApplicationFilterChain.java:107) ~[tomcat-embed-core-11.0.15.jar:11.0.15]
	at org.springframework.web.filter.RequestContextFilter.doFilterInternal(RequestContextFilter.java:100) ~[spring-web-7.0.2.jar:7.0.2]
	at org.springframework.web.filter.OncePerRequestFilter.doFilter(OncePerRequestFilter.java:116) ~[spring-web-7.0.2.jar:7.0.2]
	at org.apache.catalina.core.ApplicationFilterChain.doFilter(ApplicationFilterChain.java:107) ~[tomcat-embed-core-11.0.15.jar:11.0.15]
	at org.springframework.web.filter.FormContentFilter.doFilterInternal(FormContentFilter.java:93) ~[spring-web-7.0.2.jar:7.0.2]
	at org.springframework.web.filter.OncePerRequestFilter.doFilter(OncePerRequestFilter.java:116) ~[spring-web-7.0.2.jar:7.0.2]
	at org.apache.catalina.core.ApplicationFilterChain.doFilter(ApplicationFilterChain.java:107) ~[tomcat-embed-core-11.0.15.jar:11.0.15]
	at org.springframework.web.filter.CharacterEncodingFilter.doFilterInternal(CharacterEncodingFilter.java:199) ~[spring-web-7.0.2.jar:7.0.2]
	at org.springframework.web.filter.OncePerRequestFilter.doFilter(OncePerRequestFilter.java:116) ~[spring-web-7.0.2.jar:7.0.2]
	at org.apache.catalina.core.ApplicationFilterChain.doFilter(ApplicationFilterChain.java:107) ~[tomcat-embed-core-11.0.15.jar:11.0.15]
	at org.apache.catalina.core.StandardWrapperValve.invoke(StandardWrapperValve.java:165) ~[tomcat-embed-core-11.0.15.jar:11.0.15]
	at org.apache.catalina.core.StandardContextValve.invoke(StandardContextValve.java:77) ~[tomcat-embed-core-11.0.15.jar:11.0.15]
	at org.apache.catalina.authenticator.AuthenticatorBase.invoke(AuthenticatorBase.java:482) ~[tomcat-embed-core-11.0.15.jar:11.0.15]
	at org.apache.catalina.core.StandardHostValve.invoke(StandardHostValve.java:113) ~[tomcat-embed-core-11.0.15.jar:11.0.15]
	at org.apache.catalina.valves.ErrorReportValve.invoke(ErrorReportValve.java:83) ~[tomcat-embed-core-11.0.15.jar:11.0.15]
	at org.apache.catalina.core.StandardEngineValve.invoke(StandardEngineValve.java:72) ~[tomcat-embed-core-11.0.15.jar:11.0.15]
	at org.apache.catalina.connector.CoyoteAdapter.service(CoyoteAdapter.java:341) ~[tomcat-embed-core-11.0.15.jar:11.0.15]
	at org.apache.coyote.http11.Http11Processor.service(Http11Processor.java:397) ~[tomcat-embed-core-11.0.15.jar:11.0.15]
	at org.apache.coyote.AbstractProcessorLight.process(AbstractProcessorLight.java:63) ~[tomcat-embed-core-11.0.15.jar:11.0.15]
	at org.apache.coyote.AbstractProtocol$ConnectionHandler.process(AbstractProtocol.java:903) ~[tomcat-embed-core-11.0.15.jar:11.0.15]
	at org.apache.tomcat.util.net.NioEndpoint$SocketProcessor.doRun(NioEndpoint.java:1778) ~[tomcat-embed-core-11.0.15.jar:11.0.15]
	at org.apache.tomcat.util.net.SocketProcessorBase.run(SocketProcessorBase.java:52) ~[tomcat-embed-core-11.0.15.jar:11.0.15]
	at org.apache.tomcat.util.threads.ThreadPoolExecutor.runWorker(ThreadPoolExecutor.java:946) ~[tomcat-embed-core-11.0.15.jar:11.0.15]
	at org.apache.tomcat.util.threads.ThreadPoolExecutor$Worker.run(ThreadPoolExecutor.java:480) ~[tomcat-embed-core-11.0.15.jar:11.0.15]
	at org.apache.tomcat.util.threads.TaskThread$WrappingRunnable.run(TaskThread.java:57) ~[tomcat-embed-core-11.0.15.jar:11.0.15]
	at java.base/java.lang.Thread.run(Thread.java:1583) ~[na:na]

2025-12-28T19:22:30.977-03:00  INFO 19348 --- [MindCash] [SpringApplicationShutdownHook] o.s.boot.tomcat.GracefulShutdown         : Commencing graceful shutdown. Waiting for active requests to complete
2025-12-28T19:22:31.047-03:00  INFO 19348 --- [MindCash] [tomcat-shutdown] o.s.boot.tomcat.GracefulShutdown         : Graceful shutdown complete
2025-12-28T19:22:31.051-03:00  INFO 19348 --- [MindCash] [SpringApplicationShutdownHook] com.zaxxer.hikari.HikariDataSource       : HikariPool-1 - Shutdown initiated...
2025-12-28T19:22:31.079-03:00  INFO 19348 --- [MindCash] [SpringApplicationShutdownHook] com.zaxxer.hikari.HikariDataSource       : HikariPool-1 - Shutdown completed.
2025-12-28T19:23:17.957-03:00  INFO 35268 --- [MindCash] [main] b.c.m.financial.FinancialApplication     : Starting FinancialApplication using Java 21.0.8 with PID 35268 (C:\Users\DIOGO\OneDrive\Desktop\Sandbox\Projetos\Backend\Java\mind-cash-be\financial-account\target\classes started by DIOGO in C:\Users\DIOGO\OneDrive\Desktop\Sandbox\Projetos\Backend\Java\mind-cash-be)
2025-12-28T19:23:17.960-03:00  INFO 35268 --- [MindCash] [main] b.c.m.financial.FinancialApplication     : No active profile set, falling back to 1 default profile: "default"
2025-12-28T19:23:18.615-03:00  INFO 35268 --- [MindCash] [main] o.s.boot.tomcat.TomcatWebServer          : Tomcat initialized with port 8088 (http)
2025-12-28T19:23:18.626-03:00  INFO 35268 --- [MindCash] [main] o.apache.catalina.core.StandardService   : Starting service [Tomcat]
2025-12-28T19:23:18.626-03:00  INFO 35268 --- [MindCash] [main] o.apache.catalina.core.StandardEngine    : Starting Servlet engine: [Apache Tomcat/11.0.15]
2025-12-28T19:23:18.658-03:00  INFO 35268 --- [MindCash] [main] b.w.c.s.WebApplicationContextInitializer : Root WebApplicationContext: initialization completed in 662 ms
2025-12-28T19:23:18.712-03:00  INFO 35268 --- [MindCash] [main] f.a.AutowiredAnnotationBeanPostProcessor : Inconsistent constructor declaration on bean with name 'adapter': single autowire-marked constructor flagged as optional - this constructor is effectively required since there is no default constructor to fall back to: public br.com.mindcash.financial.driven.account.Adapter(org.springframework.jdbc.core.JdbcTemplate)
2025-12-28T19:23:19.078-03:00  INFO 35268 --- [MindCash] [main] o.s.boot.tomcat.TomcatWebServer          : Tomcat started on port 8088 (http) with context path '/'
2025-12-28T19:23:19.083-03:00  INFO 35268 --- [MindCash] [main] b.c.m.financial.FinancialApplication     : Started FinancialApplication in 1.612 seconds (process running for 2.287)
2025-12-28T19:23:21.745-03:00  INFO 35268 --- [MindCash] [http-nio-8088-exec-3] o.a.c.c.C.[Tomcat].[localhost].[/]       : Initializing Spring DispatcherServlet 'dispatcherServlet'
2025-12-28T19:23:21.745-03:00  INFO 35268 --- [MindCash] [http-nio-8088-exec-3] o.s.web.servlet.DispatcherServlet        : Initializing Servlet 'dispatcherServlet'
2025-12-28T19:23:21.747-03:00  INFO 35268 --- [MindCash] [http-nio-8088-exec-3] o.s.web.servlet.DispatcherServlet        : Completed initialization in 2 ms
2025-12-28T19:23:21.883-03:00  INFO 35268 --- [MindCash] [http-nio-8088-exec-3] com.zaxxer.hikari.HikariDataSource       : HikariPool-1 - Starting...
2025-12-28T19:23:22.179-03:00  INFO 35268 --- [MindCash] [http-nio-8088-exec-3] com.zaxxer.hikari.pool.HikariPool        : HikariPool-1 - Added connection com.mysql.cj.jdbc.ConnectionImpl@70cec81b
2025-12-28T19:23:22.183-03:00  INFO 35268 --- [MindCash] [http-nio-8088-exec-3] com.zaxxer.hikari.HikariDataSource       : HikariPool-1 - Start completed.
2025-12-28T19:23:59.307-03:00 ERROR 35268 --- [MindCash] [http-nio-8088-exec-3] o.a.c.c.C.[.[.[/].[dispatcherServlet]    : Servlet.service() for servlet [dispatcherServlet] in context with path [] threw exception [Request processing failed: org.springframework.dao.TransientDataAccessResourceException: PreparedStatementCallback; SQL [INSERT INTO expense (idt_expense, idt_account, dsc_description, dsc_category, sts_status, vlr_amount, ts_instant) VALUES ('%s', '%s', '%s', '%s', '%s', %s, '%s')]; Parameter index out of range (1 > number of parameters, which is 0).] with root cause

java.sql.SQLException: Parameter index out of range (1 > number of parameters, which is 0).
	at com.mysql.cj.jdbc.exceptions.SQLError.createSQLException(SQLError.java:121) ~[mysql-connector-j-9.5.0.jar:9.5.0]
	at com.mysql.cj.jdbc.exceptions.SQLError.createSQLException(SQLError.java:89) ~[mysql-connector-j-9.5.0.jar:9.5.0]
	at com.mysql.cj.jdbc.exceptions.SQLError.createSQLException(SQLError.java:81) ~[mysql-connector-j-9.5.0.jar:9.5.0]
	at com.mysql.cj.jdbc.exceptions.SQLError.createSQLException(SQLError.java:55) ~[mysql-connector-j-9.5.0.jar:9.5.0]
	at com.mysql.cj.jdbc.ClientPreparedStatement.checkBounds(ClientPreparedStatement.java:1480) ~[mysql-connector-j-9.5.0.jar:9.5.0]
	at com.mysql.cj.jdbc.ClientPreparedStatement.getCoreParameterIndex(ClientPreparedStatement.java:1495) ~[mysql-connector-j-9.5.0.jar:9.5.0]
	at com.mysql.cj.jdbc.ClientPreparedStatement.setObject(ClientPreparedStatement.java:1907) ~[mysql-connector-j-9.5.0.jar:9.5.0]
	at com.zaxxer.hikari.pool.HikariProxyPreparedStatement.setObject(HikariProxyPreparedStatement.java) ~[HikariCP-7.0.2.jar:na]
	at org.springframework.jdbc.core.StatementCreatorUtils.setValue(StatementCreatorUtils.java:447) ~[spring-jdbc-7.0.2.jar:7.0.2]
	at org.springframework.jdbc.core.StatementCreatorUtils.setParameterValueInternal(StatementCreatorUtils.java:241) ~[spring-jdbc-7.0.2.jar:7.0.2]
	at org.springframework.jdbc.core.StatementCreatorUtils.setParameterValue(StatementCreatorUtils.java:173) ~[spring-jdbc-7.0.2.jar:7.0.2]
	at org.springframework.jdbc.core.ArgumentPreparedStatementSetter.doSetValue(ArgumentPreparedStatementSetter.java:71) ~[spring-jdbc-7.0.2.jar:7.0.2]
	at org.springframework.jdbc.core.ArgumentPreparedStatementSetter.setValues(ArgumentPreparedStatementSetter.java:50) ~[spring-jdbc-7.0.2.jar:7.0.2]
	at org.springframework.jdbc.core.JdbcTemplate.lambda$update$0(JdbcTemplate.java:968) ~[spring-jdbc-7.0.2.jar:7.0.2]
	at org.springframework.jdbc.core.JdbcTemplate.execute(JdbcTemplate.java:669) ~[spring-jdbc-7.0.2.jar:7.0.2]
	at org.springframework.jdbc.core.JdbcTemplate.update(JdbcTemplate.java:965) ~[spring-jdbc-7.0.2.jar:7.0.2]
	at org.springframework.jdbc.core.JdbcTemplate.update(JdbcTemplate.java:1009) ~[spring-jdbc-7.0.2.jar:7.0.2]
	at org.springframework.jdbc.core.JdbcTemplate.update(JdbcTemplate.java:1019) ~[spring-jdbc-7.0.2.jar:7.0.2]
	at br.com.mindcash.financial.driven.account.Adapter.save(Adapter.java:42) ~[classes/:na]
	at java.base/jdk.internal.reflect.DirectMethodHandleAccessor.invoke(DirectMethodHandleAccessor.java:103) ~[na:na]
	at java.base/java.lang.reflect.Method.invoke(Method.java:580) ~[na:na]
	at org.springframework.aop.support.AopUtils.invokeJoinpointUsingReflection(AopUtils.java:359) ~[spring-aop-7.0.2.jar:7.0.2]
	at org.springframework.aop.framework.ReflectiveMethodInvocation.invokeJoinpoint(ReflectiveMethodInvocation.java:190) ~[spring-aop-7.0.2.jar:7.0.2]
	at org.springframework.aop.framework.ReflectiveMethodInvocation.proceed(ReflectiveMethodInvocation.java:158) ~[spring-aop-7.0.2.jar:7.0.2]
	at org.springframework.transaction.interceptor.TransactionAspectSupport.invokeWithinTransaction(TransactionAspectSupport.java:370) ~[spring-tx-7.0.2.jar:7.0.2]
	at org.springframework.transaction.interceptor.TransactionInterceptor.invoke(TransactionInterceptor.java:118) ~[spring-tx-7.0.2.jar:7.0.2]
	at org.springframework.aop.framework.ReflectiveMethodInvocation.proceed(ReflectiveMethodInvocation.java:179) ~[spring-aop-7.0.2.jar:7.0.2]
	at org.springframework.aop.framework.CglibAopProxy$DynamicAdvisedInterceptor.intercept(CglibAopProxy.java:719) ~[spring-aop-7.0.2.jar:7.0.2]
	at br.com.mindcash.financial.driven.account.Adapter$$SpringCGLIB$$0.save(<generated>) ~[classes/:na]
	at br.com.mindcash.financial.application.handlers.RegisterExpenseHandler.handler(RegisterExpenseHandler.java:30) ~[classes/:na]
	at br.com.mindcash.financial.driving.http.expense.Endpoint.post(Endpoint.java:28) ~[classes/:na]
	at java.base/jdk.internal.reflect.DirectMethodHandleAccessor.invoke(DirectMethodHandleAccessor.java:103) ~[na:na]
	at java.base/java.lang.reflect.Method.invoke(Method.java:580) ~[na:na]
	at org.springframework.web.method.support.InvocableHandlerMethod.doInvoke(InvocableHandlerMethod.java:258) ~[spring-web-7.0.2.jar:7.0.2]
	at org.springframework.web.method.support.InvocableHandlerMethod.invokeForRequest(InvocableHandlerMethod.java:190) ~[spring-web-7.0.2.jar:7.0.2]
	at org.springframework.web.servlet.mvc.method.annotation.ServletInvocableHandlerMethod.invokeAndHandle(ServletInvocableHandlerMethod.java:117) ~[spring-webmvc-7.0.2.jar:7.0.2]
	at org.springframework.web.servlet.mvc.method.annotation.RequestMappingHandlerAdapter.invokeHandlerMethod(RequestMappingHandlerAdapter.java:934) ~[spring-webmvc-7.0.2.jar:7.0.2]
	at org.springframework.web.servlet.mvc.method.annotation.RequestMappingHandlerAdapter.handleInternal(RequestMappingHandlerAdapter.java:853) ~[spring-webmvc-7.0.2.jar:7.0.2]
	at org.springframework.web.servlet.mvc.method.AbstractHandlerMethodAdapter.handle(AbstractHandlerMethodAdapter.java:86) ~[spring-webmvc-7.0.2.jar:7.0.2]
	at org.springframework.web.servlet.DispatcherServlet.doDispatch(DispatcherServlet.java:963) ~[spring-webmvc-7.0.2.jar:7.0.2]
	at org.springframework.web.servlet.DispatcherServlet.doService(DispatcherServlet.java:866) ~[spring-webmvc-7.0.2.jar:7.0.2]
	at org.springframework.web.servlet.FrameworkServlet.processRequest(FrameworkServlet.java:1003) ~[spring-webmvc-7.0.2.jar:7.0.2]
	at org.springframework.web.servlet.FrameworkServlet.doPost(FrameworkServlet.java:903) ~[spring-webmvc-7.0.2.jar:7.0.2]
	at jakarta.servlet.http.HttpServlet.service(HttpServlet.java:649) ~[tomcat-embed-core-11.0.15.jar:6.1]
	at org.springframework.web.servlet.FrameworkServlet.service(FrameworkServlet.java:874) ~[spring-webmvc-7.0.2.jar:7.0.2]
	at jakarta.servlet.http.HttpServlet.service(HttpServlet.java:710) ~[tomcat-embed-core-11.0.15.jar:6.1]
	at org.apache.catalina.core.ApplicationFilterChain.doFilter(ApplicationFilterChain.java:128) ~[tomcat-embed-core-11.0.15.jar:11.0.15]
	at org.apache.tomcat.websocket.server.WsFilter.doFilter(WsFilter.java:53) ~[tomcat-embed-websocket-11.0.15.jar:11.0.15]
	at org.apache.catalina.core.ApplicationFilterChain.doFilter(ApplicationFilterChain.java:107) ~[tomcat-embed-core-11.0.15.jar:11.0.15]
	at org.springframework.web.filter.RequestContextFilter.doFilterInternal(RequestContextFilter.java:100) ~[spring-web-7.0.2.jar:7.0.2]
	at org.springframework.web.filter.OncePerRequestFilter.doFilter(OncePerRequestFilter.java:116) ~[spring-web-7.0.2.jar:7.0.2]
	at org.apache.catalina.core.ApplicationFilterChain.doFilter(ApplicationFilterChain.java:107) ~[tomcat-embed-core-11.0.15.jar:11.0.15]
	at org.springframework.web.filter.FormContentFilter.doFilterInternal(FormContentFilter.java:93) ~[spring-web-7.0.2.jar:7.0.2]
	at org.springframework.web.filter.OncePerRequestFilter.doFilter(OncePerRequestFilter.java:116) ~[spring-web-7.0.2.jar:7.0.2]
	at org.apache.catalina.core.ApplicationFilterChain.doFilter(ApplicationFilterChain.java:107) ~[tomcat-embed-core-11.0.15.jar:11.0.15]
	at org.springframework.web.filter.CharacterEncodingFilter.doFilterInternal(CharacterEncodingFilter.java:199) ~[spring-web-7.0.2.jar:7.0.2]
	at org.springframework.web.filter.OncePerRequestFilter.doFilter(OncePerRequestFilter.java:116) ~[spring-web-7.0.2.jar:7.0.2]
	at org.apache.catalina.core.ApplicationFilterChain.doFilter(ApplicationFilterChain.java:107) ~[tomcat-embed-core-11.0.15.jar:11.0.15]
	at org.apache.catalina.core.StandardWrapperValve.invoke(StandardWrapperValve.java:165) ~[tomcat-embed-core-11.0.15.jar:11.0.15]
	at org.apache.catalina.core.StandardContextValve.invoke(StandardContextValve.java:77) ~[tomcat-embed-core-11.0.15.jar:11.0.15]
	at org.apache.catalina.authenticator.AuthenticatorBase.invoke(AuthenticatorBase.java:482) ~[tomcat-embed-core-11.0.15.jar:11.0.15]
	at org.apache.catalina.core.StandardHostValve.invoke(StandardHostValve.java:113) ~[tomcat-embed-core-11.0.15.jar:11.0.15]
	at org.apache.catalina.valves.ErrorReportValve.invoke(ErrorReportValve.java:83) ~[tomcat-embed-core-11.0.15.jar:11.0.15]
	at org.apache.catalina.core.StandardEngineValve.invoke(StandardEngineValve.java:72) ~[tomcat-embed-core-11.0.15.jar:11.0.15]
	at org.apache.catalina.connector.CoyoteAdapter.service(CoyoteAdapter.java:341) ~[tomcat-embed-core-11.0.15.jar:11.0.15]
	at org.apache.coyote.http11.Http11Processor.service(Http11Processor.java:397) ~[tomcat-embed-core-11.0.15.jar:11.0.15]
	at org.apache.coyote.AbstractProcessorLight.process(AbstractProcessorLight.java:63) ~[tomcat-embed-core-11.0.15.jar:11.0.15]
	at org.apache.coyote.AbstractProtocol$ConnectionHandler.process(AbstractProtocol.java:903) ~[tomcat-embed-core-11.0.15.jar:11.0.15]
	at org.apache.tomcat.util.net.NioEndpoint$SocketProcessor.doRun(NioEndpoint.java:1778) ~[tomcat-embed-core-11.0.15.jar:11.0.15]
	at org.apache.tomcat.util.net.SocketProcessorBase.run(SocketProcessorBase.java:52) ~[tomcat-embed-core-11.0.15.jar:11.0.15]
	at org.apache.tomcat.util.threads.ThreadPoolExecutor.runWorker(ThreadPoolExecutor.java:946) ~[tomcat-embed-core-11.0.15.jar:11.0.15]
	at org.apache.tomcat.util.threads.ThreadPoolExecutor$Worker.run(ThreadPoolExecutor.java:480) ~[tomcat-embed-core-11.0.15.jar:11.0.15]
	at org.apache.tomcat.util.threads.TaskThread$WrappingRunnable.run(TaskThread.java:57) ~[tomcat-embed-core-11.0.15.jar:11.0.15]
	at java.base/java.lang.Thread.run(Thread.java:1583) ~[na:na]

2025-12-28T19:24:04.122-03:00  INFO 35268 --- [MindCash] [SpringApplicationShutdownHook] o.s.boot.tomcat.GracefulShutdown         : Commencing graceful shutdown. Waiting for active requests to complete
2025-12-28T19:24:04.131-03:00  INFO 35268 --- [MindCash] [tomcat-shutdown] o.s.boot.tomcat.GracefulShutdown         : Graceful shutdown complete
2025-12-28T19:24:04.133-03:00  INFO 35268 --- [MindCash] [SpringApplicationShutdownHook] com.zaxxer.hikari.HikariDataSource       : HikariPool-1 - Shutdown initiated...
2025-12-28T19:24:04.139-03:00  INFO 35268 --- [MindCash] [SpringApplicationShutdownHook] com.zaxxer.hikari.HikariDataSource       : HikariPool-1 - Shutdown completed.
2025-12-28T19:27:17.513-03:00  INFO 11252 --- [MindCash] [main] b.c.m.financial.FinancialApplication     : Starting FinancialApplication using Java 21.0.8 with PID 11252 (C:\Users\DIOGO\OneDrive\Desktop\Sandbox\Projetos\Backend\Java\mind-cash-be\financial-account\target\classes started by DIOGO in C:\Users\DIOGO\OneDrive\Desktop\Sandbox\Projetos\Backend\Java\mind-cash-be)
2025-12-28T19:27:17.516-03:00  INFO 11252 --- [MindCash] [main] b.c.m.financial.FinancialApplication     : No active profile set, falling back to 1 default profile: "default"
2025-12-28T19:27:18.098-03:00  INFO 11252 --- [MindCash] [main] o.s.boot.tomcat.TomcatWebServer          : Tomcat initialized with port 8088 (http)
2025-12-28T19:27:18.107-03:00  INFO 11252 --- [MindCash] [main] o.apache.catalina.core.StandardService   : Starting service [Tomcat]
2025-12-28T19:27:18.108-03:00  INFO 11252 --- [MindCash] [main] o.apache.catalina.core.StandardEngine    : Starting Servlet engine: [Apache Tomcat/11.0.15]
2025-12-28T19:27:18.136-03:00  INFO 11252 --- [MindCash] [main] b.w.c.s.WebApplicationContextInitializer : Root WebApplicationContext: initialization completed in 578 ms
2025-12-28T19:27:18.182-03:00  INFO 11252 --- [MindCash] [main] f.a.AutowiredAnnotationBeanPostProcessor : Inconsistent constructor declaration on bean with name 'adapter': single autowire-marked constructor flagged as optional - this constructor is effectively required since there is no default constructor to fall back to: public br.com.mindcash.financial.driven.account.Adapter(org.springframework.jdbc.core.JdbcTemplate)
2025-12-28T19:27:18.480-03:00  INFO 11252 --- [MindCash] [main] o.s.boot.tomcat.TomcatWebServer          : Tomcat started on port 8088 (http) with context path '/'
2025-12-28T19:27:18.484-03:00  INFO 11252 --- [MindCash] [main] b.c.m.financial.FinancialApplication     : Started FinancialApplication in 1.307 seconds (process running for 1.783)
2025-12-28T19:27:21.092-03:00  INFO 11252 --- [MindCash] [http-nio-8088-exec-1] o.a.c.c.C.[Tomcat].[localhost].[/]       : Initializing Spring DispatcherServlet 'dispatcherServlet'
2025-12-28T19:27:21.092-03:00  INFO 11252 --- [MindCash] [http-nio-8088-exec-1] o.s.web.servlet.DispatcherServlet        : Initializing Servlet 'dispatcherServlet'
2025-12-28T19:27:21.093-03:00  INFO 11252 --- [MindCash] [http-nio-8088-exec-1] o.s.web.servlet.DispatcherServlet        : Completed initialization in 0 ms
2025-12-28T19:27:21.213-03:00  INFO 11252 --- [MindCash] [http-nio-8088-exec-1] com.zaxxer.hikari.HikariDataSource       : HikariPool-1 - Starting...
2025-12-28T19:27:21.463-03:00  INFO 11252 --- [MindCash] [http-nio-8088-exec-1] com.zaxxer.hikari.pool.HikariPool        : HikariPool-1 - Added connection com.mysql.cj.jdbc.ConnectionImpl@1e75a1fe
2025-12-28T19:27:21.465-03:00  INFO 11252 --- [MindCash] [http-nio-8088-exec-1] com.zaxxer.hikari.HikariDataSource       : HikariPool-1 - Start completed.
2025-12-28T19:27:21.848-03:00 ERROR 11252 --- [MindCash] [http-nio-8088-exec-1] o.a.c.c.C.[.[.[/].[dispatcherServlet]    : Servlet.service() for servlet [dispatcherServlet] in context with path [] threw exception [Request processing failed: java.lang.IllegalStateException: Failed to execute statement: INSERT INTO expense (idt_expense, idt_account, dsc_description, dsc_category, sts_status, vlr_amount, ts_instant) VALUES ('%s', '%s', '%s', '%s', '%s', %s, '%s')] with root cause

java.sql.SQLSyntaxErrorException: You have an error in your SQL syntax; check the manual that corresponds to your MySQL server version for the right syntax to use near '[value=120.50, currency=BRL], 'Instant[value=2025-12-28T22:27:21.496124Z]')' at line 1
	at com.mysql.cj.jdbc.exceptions.SQLError.createSQLException(SQLError.java:112) ~[mysql-connector-j-9.5.0.jar:9.5.0]
	at com.mysql.cj.jdbc.exceptions.SQLExceptionsMapping.translateException(SQLExceptionsMapping.java:114) ~[mysql-connector-j-9.5.0.jar:9.5.0]
	at com.mysql.cj.jdbc.StatementImpl.executeUpdateInternal(StatementImpl.java:1499) ~[mysql-connector-j-9.5.0.jar:9.5.0]
	at com.mysql.cj.jdbc.StatementImpl.executeLargeUpdate(StatementImpl.java:2321) ~[mysql-connector-j-9.5.0.jar:9.5.0]
	at com.mysql.cj.jdbc.StatementImpl.executeUpdate(StatementImpl.java:1369) ~[mysql-connector-j-9.5.0.jar:9.5.0]
	at com.zaxxer.hikari.pool.ProxyStatement.executeUpdate(ProxyStatement.java:120) ~[HikariCP-7.0.2.jar:na]
	at com.zaxxer.hikari.pool.HikariProxyStatement.executeUpdate(HikariProxyStatement.java) ~[HikariCP-7.0.2.jar:na]
	at org.springframework.jdbc.core.JdbcTemplate$1UpdateStatementCallback.doInStatement(JdbcTemplate.java:569) ~[spring-jdbc-7.0.2.jar:7.0.2]
	at org.springframework.jdbc.core.JdbcTemplate$1UpdateStatementCallback.doInStatement(JdbcTemplate.java:566) ~[spring-jdbc-7.0.2.jar:7.0.2]
	at org.springframework.jdbc.core.JdbcTemplate.execute(JdbcTemplate.java:413) ~[spring-jdbc-7.0.2.jar:7.0.2]
	at org.springframework.jdbc.core.JdbcTemplate.update(JdbcTemplate.java:581) ~[spring-jdbc-7.0.2.jar:7.0.2]
	at br.com.mindcash.financial.driven.account.Adapter.save(Adapter.java:42) ~[classes/:na]
	at java.base/jdk.internal.reflect.DirectMethodHandleAccessor.invoke(DirectMethodHandleAccessor.java:103) ~[na:na]
	at java.base/java.lang.reflect.Method.invoke(Method.java:580) ~[na:na]
	at org.springframework.aop.support.AopUtils.invokeJoinpointUsingReflection(AopUtils.java:359) ~[spring-aop-7.0.2.jar:7.0.2]
	at org.springframework.aop.framework.ReflectiveMethodInvocation.invokeJoinpoint(ReflectiveMethodInvocation.java:190) ~[spring-aop-7.0.2.jar:7.0.2]
	at org.springframework.aop.framework.ReflectiveMethodInvocation.proceed(ReflectiveMethodInvocation.java:158) ~[spring-aop-7.0.2.jar:7.0.2]
	at org.springframework.transaction.interceptor.TransactionAspectSupport.invokeWithinTransaction(TransactionAspectSupport.java:370) ~[spring-tx-7.0.2.jar:7.0.2]
	at org.springframework.transaction.interceptor.TransactionInterceptor.invoke(TransactionInterceptor.java:118) ~[spring-tx-7.0.2.jar:7.0.2]
	at org.springframework.aop.framework.ReflectiveMethodInvocation.proceed(ReflectiveMethodInvocation.java:179) ~[spring-aop-7.0.2.jar:7.0.2]
	at org.springframework.aop.framework.CglibAopProxy$DynamicAdvisedInterceptor.intercept(CglibAopProxy.java:719) ~[spring-aop-7.0.2.jar:7.0.2]
	at br.com.mindcash.financial.driven.account.Adapter$$SpringCGLIB$$0.save(<generated>) ~[classes/:na]
	at br.com.mindcash.financial.application.handlers.RegisterExpenseHandler.handler(RegisterExpenseHandler.java:30) ~[classes/:na]
	at br.com.mindcash.financial.driving.http.expense.Endpoint.post(Endpoint.java:28) ~[classes/:na]
	at java.base/jdk.internal.reflect.DirectMethodHandleAccessor.invoke(DirectMethodHandleAccessor.java:103) ~[na:na]
	at java.base/java.lang.reflect.Method.invoke(Method.java:580) ~[na:na]
	at org.springframework.web.method.support.InvocableHandlerMethod.doInvoke(InvocableHandlerMethod.java:258) ~[spring-web-7.0.2.jar:7.0.2]
	at org.springframework.web.method.support.InvocableHandlerMethod.invokeForRequest(InvocableHandlerMethod.java:190) ~[spring-web-7.0.2.jar:7.0.2]
	at org.springframework.web.servlet.mvc.method.annotation.ServletInvocableHandlerMethod.invokeAndHandle(ServletInvocableHandlerMethod.java:117) ~[spring-webmvc-7.0.2.jar:7.0.2]
	at org.springframework.web.servlet.mvc.method.annotation.RequestMappingHandlerAdapter.invokeHandlerMethod(RequestMappingHandlerAdapter.java:934) ~[spring-webmvc-7.0.2.jar:7.0.2]
	at org.springframework.web.servlet.mvc.method.annotation.RequestMappingHandlerAdapter.handleInternal(RequestMappingHandlerAdapter.java:853) ~[spring-webmvc-7.0.2.jar:7.0.2]
	at org.springframework.web.servlet.mvc.method.AbstractHandlerMethodAdapter.handle(AbstractHandlerMethodAdapter.java:86) ~[spring-webmvc-7.0.2.jar:7.0.2]
	at org.springframework.web.servlet.DispatcherServlet.doDispatch(DispatcherServlet.java:963) ~[spring-webmvc-7.0.2.jar:7.0.2]
	at org.springframework.web.servlet.DispatcherServlet.doService(DispatcherServlet.java:866) ~[spring-webmvc-7.0.2.jar:7.0.2]
	at org.springframework.web.servlet.FrameworkServlet.processRequest(FrameworkServlet.java:1003) ~[spring-webmvc-7.0.2.jar:7.0.2]
	at org.springframework.web.servlet.FrameworkServlet.doPost(FrameworkServlet.java:903) ~[spring-webmvc-7.0.2.jar:7.0.2]
	at jakarta.servlet.http.HttpServlet.service(HttpServlet.java:649) ~[tomcat-embed-core-11.0.15.jar:6.1]
	at org.springframework.web.servlet.FrameworkServlet.service(FrameworkServlet.java:874) ~[spring-webmvc-7.0.2.jar:7.0.2]
	at jakarta.servlet.http.HttpServlet.service(HttpServlet.java:710) ~[tomcat-embed-core-11.0.15.jar:6.1]
	at org.apache.catalina.core.ApplicationFilterChain.doFilter(ApplicationFilterChain.java:128) ~[tomcat-embed-core-11.0.15.jar:11.0.15]
	at org.apache.tomcat.websocket.server.WsFilter.doFilter(WsFilter.java:53) ~[tomcat-embed-websocket-11.0.15.jar:11.0.15]
	at org.apache.catalina.core.ApplicationFilterChain.doFilter(ApplicationFilterChain.java:107) ~[tomcat-embed-core-11.0.15.jar:11.0.15]
	at org.springframework.web.filter.RequestContextFilter.doFilterInternal(RequestContextFilter.java:100) ~[spring-web-7.0.2.jar:7.0.2]
	at org.springframework.web.filter.OncePerRequestFilter.doFilter(OncePerRequestFilter.java:116) ~[spring-web-7.0.2.jar:7.0.2]
	at org.apache.catalina.core.ApplicationFilterChain.doFilter(ApplicationFilterChain.java:107) ~[tomcat-embed-core-11.0.15.jar:11.0.15]
	at org.springframework.web.filter.FormContentFilter.doFilterInternal(FormContentFilter.java:93) ~[spring-web-7.0.2.jar:7.0.2]
	at org.springframework.web.filter.OncePerRequestFilter.doFilter(OncePerRequestFilter.java:116) ~[spring-web-7.0.2.jar:7.0.2]
	at org.apache.catalina.core.ApplicationFilterChain.doFilter(ApplicationFilterChain.java:107) ~[tomcat-embed-core-11.0.15.jar:11.0.15]
	at org.springframework.web.filter.CharacterEncodingFilter.doFilterInternal(CharacterEncodingFilter.java:199) ~[spring-web-7.0.2.jar:7.0.2]
	at org.springframework.web.filter.OncePerRequestFilter.doFilter(OncePerRequestFilter.java:116) ~[spring-web-7.0.2.jar:7.0.2]
	at org.apache.catalina.core.ApplicationFilterChain.doFilter(ApplicationFilterChain.java:107) ~[tomcat-embed-core-11.0.15.jar:11.0.15]
	at org.apache.catalina.core.StandardWrapperValve.invoke(StandardWrapperValve.java:165) ~[tomcat-embed-core-11.0.15.jar:11.0.15]
	at org.apache.catalina.core.StandardContextValve.invoke(StandardContextValve.java:77) ~[tomcat-embed-core-11.0.15.jar:11.0.15]
	at org.apache.catalina.authenticator.AuthenticatorBase.invoke(AuthenticatorBase.java:482) ~[tomcat-embed-core-11.0.15.jar:11.0.15]
	at org.apache.catalina.core.StandardHostValve.invoke(StandardHostValve.java:113) ~[tomcat-embed-core-11.0.15.jar:11.0.15]
	at org.apache.catalina.valves.ErrorReportValve.invoke(ErrorReportValve.java:83) ~[tomcat-embed-core-11.0.15.jar:11.0.15]
	at org.apache.catalina.core.StandardEngineValve.invoke(StandardEngineValve.java:72) ~[tomcat-embed-core-11.0.15.jar:11.0.15]
	at org.apache.catalina.connector.CoyoteAdapter.service(CoyoteAdapter.java:341) ~[tomcat-embed-core-11.0.15.jar:11.0.15]
	at org.apache.coyote.http11.Http11Processor.service(Http11Processor.java:397) ~[tomcat-embed-core-11.0.15.jar:11.0.15]
	at org.apache.coyote.AbstractProcessorLight.process(AbstractProcessorLight.java:63) ~[tomcat-embed-core-11.0.15.jar:11.0.15]
	at org.apache.coyote.AbstractProtocol$ConnectionHandler.process(AbstractProtocol.java:903) ~[tomcat-embed-core-11.0.15.jar:11.0.15]
	at org.apache.tomcat.util.net.NioEndpoint$SocketProcessor.doRun(NioEndpoint.java:1778) ~[tomcat-embed-core-11.0.15.jar:11.0.15]
	at org.apache.tomcat.util.net.SocketProcessorBase.run(SocketProcessorBase.java:52) ~[tomcat-embed-core-11.0.15.jar:11.0.15]
	at org.apache.tomcat.util.threads.ThreadPoolExecutor.runWorker(ThreadPoolExecutor.java:946) ~[tomcat-embed-core-11.0.15.jar:11.0.15]
	at org.apache.tomcat.util.threads.ThreadPoolExecutor$Worker.run(ThreadPoolExecutor.java:480) ~[tomcat-embed-core-11.0.15.jar:11.0.15]
	at org.apache.tomcat.util.threads.TaskThread$WrappingRunnable.run(TaskThread.java:57) ~[tomcat-embed-core-11.0.15.jar:11.0.15]
	at java.base/java.lang.Thread.run(Thread.java:1583) ~[na:na]

2025-12-28T19:34:54.818-03:00  INFO 11252 --- [MindCash] [SpringApplicationShutdownHook] o.s.boot.tomcat.GracefulShutdown         : Commencing graceful shutdown. Waiting for active requests to complete
2025-12-28T19:34:54.827-03:00  INFO 11252 --- [MindCash] [tomcat-shutdown] o.s.boot.tomcat.GracefulShutdown         : Graceful shutdown complete
2025-12-28T19:34:54.836-03:00  INFO 11252 --- [MindCash] [SpringApplicationShutdownHook] com.zaxxer.hikari.HikariDataSource       : HikariPool-1 - Shutdown initiated...
2025-12-28T19:34:54.842-03:00  INFO 11252 --- [MindCash] [SpringApplicationShutdownHook] com.zaxxer.hikari.HikariDataSource       : HikariPool-1 - Shutdown completed.
2025-12-28T19:35:49.381-03:00  INFO 36084 --- [MindCash] [main] b.c.m.financial.FinancialApplication     : Starting FinancialApplication using Java 21.0.8 with PID 36084 (C:\Users\DIOGO\OneDrive\Desktop\Sandbox\Projetos\Backend\Java\mind-cash-be\financial-account\target\classes started by DIOGO in C:\Users\DIOGO\OneDrive\Desktop\Sandbox\Projetos\Backend\Java\mind-cash-be)
2025-12-28T19:35:49.383-03:00  INFO 36084 --- [MindCash] [main] b.c.m.financial.FinancialApplication     : No active profile set, falling back to 1 default profile: "default"
2025-12-28T19:35:49.959-03:00  INFO 36084 --- [MindCash] [main] o.s.boot.tomcat.TomcatWebServer          : Tomcat initialized with port 8088 (http)
2025-12-28T19:35:49.969-03:00  INFO 36084 --- [MindCash] [main] o.apache.catalina.core.StandardService   : Starting service [Tomcat]
2025-12-28T19:35:49.969-03:00  INFO 36084 --- [MindCash] [main] o.apache.catalina.core.StandardEngine    : Starting Servlet engine: [Apache Tomcat/11.0.15]
2025-12-28T19:35:49.997-03:00  INFO 36084 --- [MindCash] [main] b.w.c.s.WebApplicationContextInitializer : Root WebApplicationContext: initialization completed in 580 ms
2025-12-28T19:35:50.042-03:00  INFO 36084 --- [MindCash] [main] f.a.AutowiredAnnotationBeanPostProcessor : Inconsistent constructor declaration on bean with name 'adapter': single autowire-marked constructor flagged as optional - this constructor is effectively required since there is no default constructor to fall back to: public br.com.mindcash.financial.driven.account.Adapter(org.springframework.jdbc.core.JdbcTemplate)
2025-12-28T19:35:50.323-03:00  INFO 36084 --- [MindCash] [main] o.s.boot.tomcat.TomcatWebServer          : Tomcat started on port 8088 (http) with context path '/'
2025-12-28T19:35:50.326-03:00  INFO 36084 --- [MindCash] [main] b.c.m.financial.FinancialApplication     : Started FinancialApplication in 1.281 seconds (process running for 1.709)
2025-12-28T19:35:52.100-03:00  INFO 36084 --- [MindCash] [http-nio-8088-exec-2] o.a.c.c.C.[Tomcat].[localhost].[/]       : Initializing Spring DispatcherServlet 'dispatcherServlet'
2025-12-28T19:35:52.101-03:00  INFO 36084 --- [MindCash] [http-nio-8088-exec-2] o.s.web.servlet.DispatcherServlet        : Initializing Servlet 'dispatcherServlet'
2025-12-28T19:35:52.102-03:00  INFO 36084 --- [MindCash] [http-nio-8088-exec-2] o.s.web.servlet.DispatcherServlet        : Completed initialization in 1 ms
2025-12-28T19:35:52.230-03:00  INFO 36084 --- [MindCash] [http-nio-8088-exec-2] com.zaxxer.hikari.HikariDataSource       : HikariPool-1 - Starting...
2025-12-28T19:35:52.484-03:00  INFO 36084 --- [MindCash] [http-nio-8088-exec-2] com.zaxxer.hikari.pool.HikariPool        : HikariPool-1 - Added connection com.mysql.cj.jdbc.ConnectionImpl@5d45b78a
2025-12-28T19:35:52.485-03:00  INFO 36084 --- [MindCash] [http-nio-8088-exec-2] com.zaxxer.hikari.HikariDataSource       : HikariPool-1 - Start completed.
2025-12-28T19:35:52.897-03:00 ERROR 36084 --- [MindCash] [http-nio-8088-exec-2] o.a.c.c.C.[.[.[/].[dispatcherServlet]    : Servlet.service() for servlet [dispatcherServlet] in context with path [] threw exception [Request processing failed: java.lang.IllegalStateException: Failed to execute statement: INSERT INTO expense (idt_expense, idt_account, dat_expense, des_expense, ind_category, ind_status, val_amount, cod_currency) VALUES (UUID_TO_BIN(?), UUID_TO_BIN(?), ?, ?, ?, ?, ?, ?)] with root cause

java.sql.SQLException: Incorrect string value: '\xAC\xED\x00\x05sr\x00\x0Ejava.util.UUID\xBC\x99\x03\xF7\x98m\x85/\x02\x00\x02J\x00\x0CleastSigBitsJ\x00\x0BmostSigBitsxp\xA9\x0' for function uuid_to_bin
	at com.mysql.cj.jdbc.exceptions.SQLError.createSQLException(SQLError.java:121) ~[mysql-connector-j-9.5.0.jar:9.5.0]
	at com.mysql.cj.jdbc.exceptions.SQLExceptionsMapping.translateException(SQLExceptionsMapping.java:114) ~[mysql-connector-j-9.5.0.jar:9.5.0]
	at com.mysql.cj.jdbc.ClientPreparedStatement.executeInternal(ClientPreparedStatement.java:988) ~[mysql-connector-j-9.5.0.jar:9.5.0]
	at com.mysql.cj.jdbc.ClientPreparedStatement.executeUpdateInternal(ClientPreparedStatement.java:1166) ~[mysql-connector-j-9.5.0.jar:9.5.0]
	at com.mysql.cj.jdbc.ClientPreparedStatement.executeUpdateInternal(ClientPreparedStatement.java:1101) ~[mysql-connector-j-9.5.0.jar:9.5.0]
	at com.mysql.cj.jdbc.ClientPreparedStatement.executeLargeUpdate(ClientPreparedStatement.java:1448) ~[mysql-connector-j-9.5.0.jar:9.5.0]
	at com.mysql.cj.jdbc.ClientPreparedStatement.executeUpdate(ClientPreparedStatement.java:1084) ~[mysql-connector-j-9.5.0.jar:9.5.0]
	at com.zaxxer.hikari.pool.ProxyPreparedStatement.executeUpdate(ProxyPreparedStatement.java:61) ~[HikariCP-7.0.2.jar:na]
	at com.zaxxer.hikari.pool.HikariProxyPreparedStatement.executeUpdate(HikariProxyPreparedStatement.java) ~[HikariCP-7.0.2.jar:na]
	at org.springframework.jdbc.core.JdbcTemplate.lambda$update$0(JdbcTemplate.java:970) ~[spring-jdbc-7.0.2.jar:7.0.2]
	at org.springframework.jdbc.core.JdbcTemplate.execute(JdbcTemplate.java:669) ~[spring-jdbc-7.0.2.jar:7.0.2]
	at org.springframework.jdbc.core.JdbcTemplate.update(JdbcTemplate.java:965) ~[spring-jdbc-7.0.2.jar:7.0.2]
	at org.springframework.jdbc.core.JdbcTemplate.update(JdbcTemplate.java:1009) ~[spring-jdbc-7.0.2.jar:7.0.2]
	at org.springframework.jdbc.core.JdbcTemplate.update(JdbcTemplate.java:1019) ~[spring-jdbc-7.0.2.jar:7.0.2]
	at br.com.mindcash.financial.driven.account.Adapter.save(Adapter.java:48) ~[classes/:na]
	at java.base/jdk.internal.reflect.DirectMethodHandleAccessor.invoke(DirectMethodHandleAccessor.java:103) ~[na:na]
	at java.base/java.lang.reflect.Method.invoke(Method.java:580) ~[na:na]
	at org.springframework.aop.support.AopUtils.invokeJoinpointUsingReflection(AopUtils.java:359) ~[spring-aop-7.0.2.jar:7.0.2]
	at org.springframework.aop.framework.ReflectiveMethodInvocation.invokeJoinpoint(ReflectiveMethodInvocation.java:190) ~[spring-aop-7.0.2.jar:7.0.2]
	at org.springframework.aop.framework.ReflectiveMethodInvocation.proceed(ReflectiveMethodInvocation.java:158) ~[spring-aop-7.0.2.jar:7.0.2]
	at org.springframework.transaction.interceptor.TransactionAspectSupport.invokeWithinTransaction(TransactionAspectSupport.java:370) ~[spring-tx-7.0.2.jar:7.0.2]
	at org.springframework.transaction.interceptor.TransactionInterceptor.invoke(TransactionInterceptor.java:118) ~[spring-tx-7.0.2.jar:7.0.2]
	at org.springframework.aop.framework.ReflectiveMethodInvocation.proceed(ReflectiveMethodInvocation.java:179) ~[spring-aop-7.0.2.jar:7.0.2]
	at org.springframework.aop.framework.CglibAopProxy$DynamicAdvisedInterceptor.intercept(CglibAopProxy.java:719) ~[spring-aop-7.0.2.jar:7.0.2]
	at br.com.mindcash.financial.driven.account.Adapter$$SpringCGLIB$$0.save(<generated>) ~[classes/:na]
	at br.com.mindcash.financial.application.handlers.RegisterExpenseHandler.handler(RegisterExpenseHandler.java:30) ~[classes/:na]
	at br.com.mindcash.financial.driving.http.expense.Endpoint.post(Endpoint.java:28) ~[classes/:na]
	at java.base/jdk.internal.reflect.DirectMethodHandleAccessor.invoke(DirectMethodHandleAccessor.java:103) ~[na:na]
	at java.base/java.lang.reflect.Method.invoke(Method.java:580) ~[na:na]
	at org.springframework.web.method.support.InvocableHandlerMethod.doInvoke(InvocableHandlerMethod.java:258) ~[spring-web-7.0.2.jar:7.0.2]
	at org.springframework.web.method.support.InvocableHandlerMethod.invokeForRequest(InvocableHandlerMethod.java:190) ~[spring-web-7.0.2.jar:7.0.2]
	at org.springframework.web.servlet.mvc.method.annotation.ServletInvocableHandlerMethod.invokeAndHandle(ServletInvocableHandlerMethod.java:117) ~[spring-webmvc-7.0.2.jar:7.0.2]
	at org.springframework.web.servlet.mvc.method.annotation.RequestMappingHandlerAdapter.invokeHandlerMethod(RequestMappingHandlerAdapter.java:934) ~[spring-webmvc-7.0.2.jar:7.0.2]
	at org.springframework.web.servlet.mvc.method.annotation.RequestMappingHandlerAdapter.handleInternal(RequestMappingHandlerAdapter.java:853) ~[spring-webmvc-7.0.2.jar:7.0.2]
	at org.springframework.web.servlet.mvc.method.AbstractHandlerMethodAdapter.handle(AbstractHandlerMethodAdapter.java:86) ~[spring-webmvc-7.0.2.jar:7.0.2]
	at org.springframework.web.servlet.DispatcherServlet.doDispatch(DispatcherServlet.java:963) ~[spring-webmvc-7.0.2.jar:7.0.2]
	at org.springframework.web.servlet.DispatcherServlet.doService(DispatcherServlet.java:866) ~[spring-webmvc-7.0.2.jar:7.0.2]
	at org.springframework.web.servlet.FrameworkServlet.processRequest(FrameworkServlet.java:1003) ~[spring-webmvc-7.0.2.jar:7.0.2]
	at org.springframework.web.servlet.FrameworkServlet.doPost(FrameworkServlet.java:903) ~[spring-webmvc-7.0.2.jar:7.0.2]
	at jakarta.servlet.http.HttpServlet.service(HttpServlet.java:649) ~[tomcat-embed-core-11.0.15.jar:6.1]
	at org.springframework.web.servlet.FrameworkServlet.service(FrameworkServlet.java:874) ~[spring-webmvc-7.0.2.jar:7.0.2]
	at jakarta.servlet.http.HttpServlet.service(HttpServlet.java:710) ~[tomcat-embed-core-11.0.15.jar:6.1]
	at org.apache.catalina.core.ApplicationFilterChain.doFilter(ApplicationFilterChain.java:128) ~[tomcat-embed-core-11.0.15.jar:11.0.15]
	at org.apache.tomcat.websocket.server.WsFilter.doFilter(WsFilter.java:53) ~[tomcat-embed-websocket-11.0.15.jar:11.0.15]
	at org.apache.catalina.core.ApplicationFilterChain.doFilter(ApplicationFilterChain.java:107) ~[tomcat-embed-core-11.0.15.jar:11.0.15]
	at org.springframework.web.filter.RequestContextFilter.doFilterInternal(RequestContextFilter.java:100) ~[spring-web-7.0.2.jar:7.0.2]
	at org.springframework.web.filter.OncePerRequestFilter.doFilter(OncePerRequestFilter.java:116) ~[spring-web-7.0.2.jar:7.0.2]
	at org.apache.catalina.core.ApplicationFilterChain.doFilter(ApplicationFilterChain.java:107) ~[tomcat-embed-core-11.0.15.jar:11.0.15]
	at org.springframework.web.filter.FormContentFilter.doFilterInternal(FormContentFilter.java:93) ~[spring-web-7.0.2.jar:7.0.2]
	at org.springframework.web.filter.OncePerRequestFilter.doFilter(OncePerRequestFilter.java:116) ~[spring-web-7.0.2.jar:7.0.2]
	at org.apache.catalina.core.ApplicationFilterChain.doFilter(ApplicationFilterChain.java:107) ~[tomcat-embed-core-11.0.15.jar:11.0.15]
	at org.springframework.web.filter.CharacterEncodingFilter.doFilterInternal(CharacterEncodingFilter.java:199) ~[spring-web-7.0.2.jar:7.0.2]
	at org.springframework.web.filter.OncePerRequestFilter.doFilter(OncePerRequestFilter.java:116) ~[spring-web-7.0.2.jar:7.0.2]
	at org.apache.catalina.core.ApplicationFilterChain.doFilter(ApplicationFilterChain.java:107) ~[tomcat-embed-core-11.0.15.jar:11.0.15]
	at org.apache.catalina.core.StandardWrapperValve.invoke(StandardWrapperValve.java:165) ~[tomcat-embed-core-11.0.15.jar:11.0.15]
	at org.apache.catalina.core.StandardContextValve.invoke(StandardContextValve.java:77) ~[tomcat-embed-core-11.0.15.jar:11.0.15]
	at org.apache.catalina.authenticator.AuthenticatorBase.invoke(AuthenticatorBase.java:482) ~[tomcat-embed-core-11.0.15.jar:11.0.15]
	at org.apache.catalina.core.StandardHostValve.invoke(StandardHostValve.java:113) ~[tomcat-embed-core-11.0.15.jar:11.0.15]
	at org.apache.catalina.valves.ErrorReportValve.invoke(ErrorReportValve.java:83) ~[tomcat-embed-core-11.0.15.jar:11.0.15]
	at org.apache.catalina.core.StandardEngineValve.invoke(StandardEngineValve.java:72) ~[tomcat-embed-core-11.0.15.jar:11.0.15]
	at org.apache.catalina.connector.CoyoteAdapter.service(CoyoteAdapter.java:341) ~[tomcat-embed-core-11.0.15.jar:11.0.15]
	at org.apache.coyote.http11.Http11Processor.service(Http11Processor.java:397) ~[tomcat-embed-core-11.0.15.jar:11.0.15]
	at org.apache.coyote.AbstractProcessorLight.process(AbstractProcessorLight.java:63) ~[tomcat-embed-core-11.0.15.jar:11.0.15]
	at org.apache.coyote.AbstractProtocol$ConnectionHandler.process(AbstractProtocol.java:903) ~[tomcat-embed-core-11.0.15.jar:11.0.15]
	at org.apache.tomcat.util.net.NioEndpoint$SocketProcessor.doRun(NioEndpoint.java:1778) ~[tomcat-embed-core-11.0.15.jar:11.0.15]
	at org.apache.tomcat.util.net.SocketProcessorBase.run(SocketProcessorBase.java:52) ~[tomcat-embed-core-11.0.15.jar:11.0.15]
	at org.apache.tomcat.util.threads.ThreadPoolExecutor.runWorker(ThreadPoolExecutor.java:946) ~[tomcat-embed-core-11.0.15.jar:11.0.15]
	at org.apache.tomcat.util.threads.ThreadPoolExecutor$Worker.run(ThreadPoolExecutor.java:480) ~[tomcat-embed-core-11.0.15.jar:11.0.15]
	at org.apache.tomcat.util.threads.TaskThread$WrappingRunnable.run(TaskThread.java:57) ~[tomcat-embed-core-11.0.15.jar:11.0.15]
	at java.base/java.lang.Thread.run(Thread.java:1583) ~[na:na]

2025-12-28T19:36:19.498-03:00  INFO 36084 --- [MindCash] [SpringApplicationShutdownHook] o.s.boot.tomcat.GracefulShutdown         : Commencing graceful shutdown. Waiting for active requests to complete
2025-12-28T19:36:19.508-03:00  INFO 36084 --- [MindCash] [tomcat-shutdown] o.s.boot.tomcat.GracefulShutdown         : Graceful shutdown complete
2025-12-28T19:36:19.510-03:00  INFO 36084 --- [MindCash] [SpringApplicationShutdownHook] com.zaxxer.hikari.HikariDataSource       : HikariPool-1 - Shutdown initiated...
2025-12-28T19:36:19.515-03:00  INFO 36084 --- [MindCash] [SpringApplicationShutdownHook] com.zaxxer.hikari.HikariDataSource       : HikariPool-1 - Shutdown completed.
2025-12-28T19:36:24.793-03:00  INFO 36080 --- [MindCash] [main] b.c.m.financial.FinancialApplication     : Starting FinancialApplication using Java 21.0.8 with PID 36080 (C:\Users\DIOGO\OneDrive\Desktop\Sandbox\Projetos\Backend\Java\mind-cash-be\financial-account\target\classes started by DIOGO in C:\Users\DIOGO\OneDrive\Desktop\Sandbox\Projetos\Backend\Java\mind-cash-be)
2025-12-28T19:36:24.795-03:00  INFO 36080 --- [MindCash] [main] b.c.m.financial.FinancialApplication     : No active profile set, falling back to 1 default profile: "default"
2025-12-28T19:36:25.375-03:00  INFO 36080 --- [MindCash] [main] o.s.boot.tomcat.TomcatWebServer          : Tomcat initialized with port 8088 (http)
2025-12-28T19:36:25.384-03:00  INFO 36080 --- [MindCash] [main] o.apache.catalina.core.StandardService   : Starting service [Tomcat]
2025-12-28T19:36:25.384-03:00  INFO 36080 --- [MindCash] [main] o.apache.catalina.core.StandardEngine    : Starting Servlet engine: [Apache Tomcat/11.0.15]
2025-12-28T19:36:25.416-03:00  INFO 36080 --- [MindCash] [main] b.w.c.s.WebApplicationContextInitializer : Root WebApplicationContext: initialization completed in 587 ms
2025-12-28T19:36:25.462-03:00  INFO 36080 --- [MindCash] [main] f.a.AutowiredAnnotationBeanPostProcessor : Inconsistent constructor declaration on bean with name 'adapter': single autowire-marked constructor flagged as optional - this constructor is effectively required since there is no default constructor to fall back to: public br.com.mindcash.financial.driven.account.Adapter(org.springframework.jdbc.core.JdbcTemplate)
2025-12-28T19:36:25.745-03:00  INFO 36080 --- [MindCash] [main] o.s.boot.tomcat.TomcatWebServer          : Tomcat started on port 8088 (http) with context path '/'
2025-12-28T19:36:25.748-03:00  INFO 36080 --- [MindCash] [main] b.c.m.financial.FinancialApplication     : Started FinancialApplication in 1.291 seconds (process running for 1.728)
2025-12-28T19:36:27.807-03:00  INFO 36080 --- [MindCash] [http-nio-8088-exec-3] o.a.c.c.C.[Tomcat].[localhost].[/]       : Initializing Spring DispatcherServlet 'dispatcherServlet'
2025-12-28T19:36:27.807-03:00  INFO 36080 --- [MindCash] [http-nio-8088-exec-3] o.s.web.servlet.DispatcherServlet        : Initializing Servlet 'dispatcherServlet'
2025-12-28T19:36:27.808-03:00  INFO 36080 --- [MindCash] [http-nio-8088-exec-3] o.s.web.servlet.DispatcherServlet        : Completed initialization in 1 ms
2025-12-28T19:36:27.934-03:00  INFO 36080 --- [MindCash] [http-nio-8088-exec-3] com.zaxxer.hikari.HikariDataSource       : HikariPool-1 - Starting...
2025-12-28T19:36:28.180-03:00  INFO 36080 --- [MindCash] [http-nio-8088-exec-3] com.zaxxer.hikari.pool.HikariPool        : HikariPool-1 - Added connection com.mysql.cj.jdbc.ConnectionImpl@56f04f71
2025-12-28T19:36:28.181-03:00  INFO 36080 --- [MindCash] [http-nio-8088-exec-3] com.zaxxer.hikari.HikariDataSource       : HikariPool-1 - Start completed.
2025-12-28T19:36:28.577-03:00 ERROR 36080 --- [MindCash] [http-nio-8088-exec-3] o.a.c.c.C.[.[.[/].[dispatcherServlet]    : Servlet.service() for servlet [dispatcherServlet] in context with path [] threw exception [Request processing failed: java.lang.IllegalStateException: Failed to execute statement: INSERT INTO expense (idt_expense, idt_account, dat_expense, des_expense, ind_category, ind_status, val_amount, cod_currency) VALUES (?, UUID_TO_BIN(?), ?, ?, ?, ?, ?, ?)] with root cause

com.mysql.cj.jdbc.exceptions.MysqlDataTruncation: Data truncation: Data too long for column 'idt_expense' at row 1
	at com.mysql.cj.jdbc.exceptions.SQLExceptionsMapping.translateException(SQLExceptionsMapping.java:96) ~[mysql-connector-j-9.5.0.jar:9.5.0]
	at com.mysql.cj.jdbc.ClientPreparedStatement.executeInternal(ClientPreparedStatement.java:988) ~[mysql-connector-j-9.5.0.jar:9.5.0]
	at com.mysql.cj.jdbc.ClientPreparedStatement.executeUpdateInternal(ClientPreparedStatement.java:1166) ~[mysql-connector-j-9.5.0.jar:9.5.0]
	at com.mysql.cj.jdbc.ClientPreparedStatement.executeUpdateInternal(ClientPreparedStatement.java:1101) ~[mysql-connector-j-9.5.0.jar:9.5.0]
	at com.mysql.cj.jdbc.ClientPreparedStatement.executeLargeUpdate(ClientPreparedStatement.java:1448) ~[mysql-connector-j-9.5.0.jar:9.5.0]
	at com.mysql.cj.jdbc.ClientPreparedStatement.executeUpdate(ClientPreparedStatement.java:1084) ~[mysql-connector-j-9.5.0.jar:9.5.0]
	at com.zaxxer.hikari.pool.ProxyPreparedStatement.executeUpdate(ProxyPreparedStatement.java:61) ~[HikariCP-7.0.2.jar:na]
	at com.zaxxer.hikari.pool.HikariProxyPreparedStatement.executeUpdate(HikariProxyPreparedStatement.java) ~[HikariCP-7.0.2.jar:na]
	at org.springframework.jdbc.core.JdbcTemplate.lambda$update$0(JdbcTemplate.java:970) ~[spring-jdbc-7.0.2.jar:7.0.2]
	at org.springframework.jdbc.core.JdbcTemplate.execute(JdbcTemplate.java:669) ~[spring-jdbc-7.0.2.jar:7.0.2]
	at org.springframework.jdbc.core.JdbcTemplate.update(JdbcTemplate.java:965) ~[spring-jdbc-7.0.2.jar:7.0.2]
	at org.springframework.jdbc.core.JdbcTemplate.update(JdbcTemplate.java:1009) ~[spring-jdbc-7.0.2.jar:7.0.2]
	at org.springframework.jdbc.core.JdbcTemplate.update(JdbcTemplate.java:1019) ~[spring-jdbc-7.0.2.jar:7.0.2]
	at br.com.mindcash.financial.driven.account.Adapter.save(Adapter.java:48) ~[classes/:na]
	at java.base/jdk.internal.reflect.DirectMethodHandleAccessor.invoke(DirectMethodHandleAccessor.java:103) ~[na:na]
	at java.base/java.lang.reflect.Method.invoke(Method.java:580) ~[na:na]
	at org.springframework.aop.support.AopUtils.invokeJoinpointUsingReflection(AopUtils.java:359) ~[spring-aop-7.0.2.jar:7.0.2]
	at org.springframework.aop.framework.ReflectiveMethodInvocation.invokeJoinpoint(ReflectiveMethodInvocation.java:190) ~[spring-aop-7.0.2.jar:7.0.2]
	at org.springframework.aop.framework.ReflectiveMethodInvocation.proceed(ReflectiveMethodInvocation.java:158) ~[spring-aop-7.0.2.jar:7.0.2]
	at org.springframework.transaction.interceptor.TransactionAspectSupport.invokeWithinTransaction(TransactionAspectSupport.java:370) ~[spring-tx-7.0.2.jar:7.0.2]
	at org.springframework.transaction.interceptor.TransactionInterceptor.invoke(TransactionInterceptor.java:118) ~[spring-tx-7.0.2.jar:7.0.2]
	at org.springframework.aop.framework.ReflectiveMethodInvocation.proceed(ReflectiveMethodInvocation.java:179) ~[spring-aop-7.0.2.jar:7.0.2]
	at org.springframework.aop.framework.CglibAopProxy$DynamicAdvisedInterceptor.intercept(CglibAopProxy.java:719) ~[spring-aop-7.0.2.jar:7.0.2]
	at br.com.mindcash.financial.driven.account.Adapter$$SpringCGLIB$$0.save(<generated>) ~[classes/:na]
	at br.com.mindcash.financial.application.handlers.RegisterExpenseHandler.handler(RegisterExpenseHandler.java:30) ~[classes/:na]
	at br.com.mindcash.financial.driving.http.expense.Endpoint.post(Endpoint.java:28) ~[classes/:na]
	at java.base/jdk.internal.reflect.DirectMethodHandleAccessor.invoke(DirectMethodHandleAccessor.java:103) ~[na:na]
	at java.base/java.lang.reflect.Method.invoke(Method.java:580) ~[na:na]
	at org.springframework.web.method.support.InvocableHandlerMethod.doInvoke(InvocableHandlerMethod.java:258) ~[spring-web-7.0.2.jar:7.0.2]
	at org.springframework.web.method.support.InvocableHandlerMethod.invokeForRequest(InvocableHandlerMethod.java:190) ~[spring-web-7.0.2.jar:7.0.2]
	at org.springframework.web.servlet.mvc.method.annotation.ServletInvocableHandlerMethod.invokeAndHandle(ServletInvocableHandlerMethod.java:117) ~[spring-webmvc-7.0.2.jar:7.0.2]
	at org.springframework.web.servlet.mvc.method.annotation.RequestMappingHandlerAdapter.invokeHandlerMethod(RequestMappingHandlerAdapter.java:934) ~[spring-webmvc-7.0.2.jar:7.0.2]
	at org.springframework.web.servlet.mvc.method.annotation.RequestMappingHandlerAdapter.handleInternal(RequestMappingHandlerAdapter.java:853) ~[spring-webmvc-7.0.2.jar:7.0.2]
	at org.springframework.web.servlet.mvc.method.AbstractHandlerMethodAdapter.handle(AbstractHandlerMethodAdapter.java:86) ~[spring-webmvc-7.0.2.jar:7.0.2]
	at org.springframework.web.servlet.DispatcherServlet.doDispatch(DispatcherServlet.java:963) ~[spring-webmvc-7.0.2.jar:7.0.2]
	at org.springframework.web.servlet.DispatcherServlet.doService(DispatcherServlet.java:866) ~[spring-webmvc-7.0.2.jar:7.0.2]
	at org.springframework.web.servlet.FrameworkServlet.processRequest(FrameworkServlet.java:1003) ~[spring-webmvc-7.0.2.jar:7.0.2]
	at org.springframework.web.servlet.FrameworkServlet.doPost(FrameworkServlet.java:903) ~[spring-webmvc-7.0.2.jar:7.0.2]
	at jakarta.servlet.http.HttpServlet.service(HttpServlet.java:649) ~[tomcat-embed-core-11.0.15.jar:6.1]
	at org.springframework.web.servlet.FrameworkServlet.service(FrameworkServlet.java:874) ~[spring-webmvc-7.0.2.jar:7.0.2]
	at jakarta.servlet.http.HttpServlet.service(HttpServlet.java:710) ~[tomcat-embed-core-11.0.15.jar:6.1]
	at org.apache.catalina.core.ApplicationFilterChain.doFilter(ApplicationFilterChain.java:128) ~[tomcat-embed-core-11.0.15.jar:11.0.15]
	at org.apache.tomcat.websocket.server.WsFilter.doFilter(WsFilter.java:53) ~[tomcat-embed-websocket-11.0.15.jar:11.0.15]
	at org.apache.catalina.core.ApplicationFilterChain.doFilter(ApplicationFilterChain.java:107) ~[tomcat-embed-core-11.0.15.jar:11.0.15]
	at org.springframework.web.filter.RequestContextFilter.doFilterInternal(RequestContextFilter.java:100) ~[spring-web-7.0.2.jar:7.0.2]
	at org.springframework.web.filter.OncePerRequestFilter.doFilter(OncePerRequestFilter.java:116) ~[spring-web-7.0.2.jar:7.0.2]
	at org.apache.catalina.core.ApplicationFilterChain.doFilter(ApplicationFilterChain.java:107) ~[tomcat-embed-core-11.0.15.jar:11.0.15]
	at org.springframework.web.filter.FormContentFilter.doFilterInternal(FormContentFilter.java:93) ~[spring-web-7.0.2.jar:7.0.2]
	at org.springframework.web.filter.OncePerRequestFilter.doFilter(OncePerRequestFilter.java:116) ~[spring-web-7.0.2.jar:7.0.2]
	at org.apache.catalina.core.ApplicationFilterChain.doFilter(ApplicationFilterChain.java:107) ~[tomcat-embed-core-11.0.15.jar:11.0.15]
	at org.springframework.web.filter.CharacterEncodingFilter.doFilterInternal(CharacterEncodingFilter.java:199) ~[spring-web-7.0.2.jar:7.0.2]
	at org.springframework.web.filter.OncePerRequestFilter.doFilter(OncePerRequestFilter.java:116) ~[spring-web-7.0.2.jar:7.0.2]
	at org.apache.catalina.core.ApplicationFilterChain.doFilter(ApplicationFilterChain.java:107) ~[tomcat-embed-core-11.0.15.jar:11.0.15]
	at org.apache.catalina.core.StandardWrapperValve.invoke(StandardWrapperValve.java:165) ~[tomcat-embed-core-11.0.15.jar:11.0.15]
	at org.apache.catalina.core.StandardContextValve.invoke(StandardContextValve.java:77) ~[tomcat-embed-core-11.0.15.jar:11.0.15]
	at org.apache.catalina.authenticator.AuthenticatorBase.invoke(AuthenticatorBase.java:482) ~[tomcat-embed-core-11.0.15.jar:11.0.15]
	at org.apache.catalina.core.StandardHostValve.invoke(StandardHostValve.java:113) ~[tomcat-embed-core-11.0.15.jar:11.0.15]
	at org.apache.catalina.valves.ErrorReportValve.invoke(ErrorReportValve.java:83) ~[tomcat-embed-core-11.0.15.jar:11.0.15]
	at org.apache.catalina.core.StandardEngineValve.invoke(StandardEngineValve.java:72) ~[tomcat-embed-core-11.0.15.jar:11.0.15]
	at org.apache.catalina.connector.CoyoteAdapter.service(CoyoteAdapter.java:341) ~[tomcat-embed-core-11.0.15.jar:11.0.15]
	at org.apache.coyote.http11.Http11Processor.service(Http11Processor.java:397) ~[tomcat-embed-core-11.0.15.jar:11.0.15]
	at org.apache.coyote.AbstractProcessorLight.process(AbstractProcessorLight.java:63) ~[tomcat-embed-core-11.0.15.jar:11.0.15]
	at org.apache.coyote.AbstractProtocol$ConnectionHandler.process(AbstractProtocol.java:903) ~[tomcat-embed-core-11.0.15.jar:11.0.15]
	at org.apache.tomcat.util.net.NioEndpoint$SocketProcessor.doRun(NioEndpoint.java:1778) ~[tomcat-embed-core-11.0.15.jar:11.0.15]
	at org.apache.tomcat.util.net.SocketProcessorBase.run(SocketProcessorBase.java:52) ~[tomcat-embed-core-11.0.15.jar:11.0.15]
	at org.apache.tomcat.util.threads.ThreadPoolExecutor.runWorker(ThreadPoolExecutor.java:946) ~[tomcat-embed-core-11.0.15.jar:11.0.15]
	at org.apache.tomcat.util.threads.ThreadPoolExecutor$Worker.run(ThreadPoolExecutor.java:480) ~[tomcat-embed-core-11.0.15.jar:11.0.15]
	at org.apache.tomcat.util.threads.TaskThread$WrappingRunnable.run(TaskThread.java:57) ~[tomcat-embed-core-11.0.15.jar:11.0.15]
	at java.base/java.lang.Thread.run(Thread.java:1583) ~[na:na]

2025-12-28T19:36:49.609-03:00  INFO 36080 --- [MindCash] [SpringApplicationShutdownHook] o.s.boot.tomcat.GracefulShutdown         : Commencing graceful shutdown. Waiting for active requests to complete
2025-12-28T19:36:49.618-03:00  INFO 36080 --- [MindCash] [tomcat-shutdown] o.s.boot.tomcat.GracefulShutdown         : Graceful shutdown complete
2025-12-28T19:36:49.620-03:00  INFO 36080 --- [MindCash] [SpringApplicationShutdownHook] com.zaxxer.hikari.HikariDataSource       : HikariPool-1 - Shutdown initiated...
2025-12-28T19:36:49.626-03:00  INFO 36080 --- [MindCash] [SpringApplicationShutdownHook] com.zaxxer.hikari.HikariDataSource       : HikariPool-1 - Shutdown completed.
2025-12-28T19:36:53.138-03:00  INFO 35556 --- [MindCash] [main] b.c.m.financial.FinancialApplication     : Starting FinancialApplication using Java 21.0.8 with PID 35556 (C:\Users\DIOGO\OneDrive\Desktop\Sandbox\Projetos\Backend\Java\mind-cash-be\financial-account\target\classes started by DIOGO in C:\Users\DIOGO\OneDrive\Desktop\Sandbox\Projetos\Backend\Java\mind-cash-be)
2025-12-28T19:36:53.142-03:00  INFO 35556 --- [MindCash] [main] b.c.m.financial.FinancialApplication     : No active profile set, falling back to 1 default profile: "default"
2025-12-28T19:36:53.779-03:00  INFO 35556 --- [MindCash] [main] o.s.boot.tomcat.TomcatWebServer          : Tomcat initialized with port 8088 (http)
2025-12-28T19:36:53.789-03:00  INFO 35556 --- [MindCash] [main] o.apache.catalina.core.StandardService   : Starting service [Tomcat]
2025-12-28T19:36:53.789-03:00  INFO 35556 --- [MindCash] [main] o.apache.catalina.core.StandardEngine    : Starting Servlet engine: [Apache Tomcat/11.0.15]
2025-12-28T19:36:53.821-03:00  INFO 35556 --- [MindCash] [main] b.w.c.s.WebApplicationContextInitializer : Root WebApplicationContext: initialization completed in 643 ms
2025-12-28T19:36:53.871-03:00  INFO 35556 --- [MindCash] [main] f.a.AutowiredAnnotationBeanPostProcessor : Inconsistent constructor declaration on bean with name 'adapter': single autowire-marked constructor flagged as optional - this constructor is effectively required since there is no default constructor to fall back to: public br.com.mindcash.financial.driven.account.Adapter(org.springframework.jdbc.core.JdbcTemplate)
2025-12-28T19:36:54.184-03:00  INFO 35556 --- [MindCash] [main] o.s.boot.tomcat.TomcatWebServer          : Tomcat started on port 8088 (http) with context path '/'
2025-12-28T19:36:54.188-03:00  INFO 35556 --- [MindCash] [main] b.c.m.financial.FinancialApplication     : Started FinancialApplication in 1.459 seconds (process running for 2.092)
2025-12-28T19:36:56.311-03:00  INFO 35556 --- [MindCash] [SpringApplicationShutdownHook] o.s.boot.tomcat.GracefulShutdown         : Commencing graceful shutdown. Waiting for active requests to complete
2025-12-28T19:36:56.321-03:00  INFO 35556 --- [MindCash] [tomcat-shutdown] o.s.boot.tomcat.GracefulShutdown         : Graceful shutdown complete
2025-12-28T19:36:59.282-03:00  INFO 32844 --- [MindCash] [main] b.c.m.financial.FinancialApplication     : Starting FinancialApplication using Java 21.0.8 with PID 32844 (C:\Users\DIOGO\OneDrive\Desktop\Sandbox\Projetos\Backend\Java\mind-cash-be\financial-account\target\classes started by DIOGO in C:\Users\DIOGO\OneDrive\Desktop\Sandbox\Projetos\Backend\Java\mind-cash-be)
2025-12-28T19:36:59.284-03:00  INFO 32844 --- [MindCash] [main] b.c.m.financial.FinancialApplication     : No active profile set, falling back to 1 default profile: "default"
2025-12-28T19:36:59.852-03:00  INFO 32844 --- [MindCash] [main] o.s.boot.tomcat.TomcatWebServer          : Tomcat initialized with port 8088 (http)
2025-12-28T19:36:59.861-03:00  INFO 32844 --- [MindCash] [main] o.apache.catalina.core.StandardService   : Starting service [Tomcat]
2025-12-28T19:36:59.861-03:00  INFO 32844 --- [MindCash] [main] o.apache.catalina.core.StandardEngine    : Starting Servlet engine: [Apache Tomcat/11.0.15]
2025-12-28T19:36:59.888-03:00  INFO 32844 --- [MindCash] [main] b.w.c.s.WebApplicationContextInitializer : Root WebApplicationContext: initialization completed in 571 ms
2025-12-28T19:36:59.931-03:00  INFO 32844 --- [MindCash] [main] f.a.AutowiredAnnotationBeanPostProcessor : Inconsistent constructor declaration on bean with name 'adapter': single autowire-marked constructor flagged as optional - this constructor is effectively required since there is no default constructor to fall back to: public br.com.mindcash.financial.driven.account.Adapter(org.springframework.jdbc.core.JdbcTemplate)
2025-12-28T19:37:00.214-03:00  INFO 32844 --- [MindCash] [main] o.s.boot.tomcat.TomcatWebServer          : Tomcat started on port 8088 (http) with context path '/'
2025-12-28T19:37:00.218-03:00  INFO 32844 --- [MindCash] [main] b.c.m.financial.FinancialApplication     : Started FinancialApplication in 1.271 seconds (process running for 1.706)
2025-12-28T19:37:10.505-03:00  INFO 32844 --- [MindCash] [http-nio-8088-exec-2] o.a.c.c.C.[Tomcat].[localhost].[/]       : Initializing Spring DispatcherServlet 'dispatcherServlet'
2025-12-28T19:37:10.505-03:00  INFO 32844 --- [MindCash] [http-nio-8088-exec-2] o.s.web.servlet.DispatcherServlet        : Initializing Servlet 'dispatcherServlet'
2025-12-28T19:37:10.506-03:00  INFO 32844 --- [MindCash] [http-nio-8088-exec-2] o.s.web.servlet.DispatcherServlet        : Completed initialization in 1 ms
2025-12-28T19:37:10.638-03:00  INFO 32844 --- [MindCash] [http-nio-8088-exec-2] com.zaxxer.hikari.HikariDataSource       : HikariPool-1 - Starting...
2025-12-28T19:37:10.889-03:00  INFO 32844 --- [MindCash] [http-nio-8088-exec-2] com.zaxxer.hikari.pool.HikariPool        : HikariPool-1 - Added connection com.mysql.cj.jdbc.ConnectionImpl@3869f478
2025-12-28T19:37:10.890-03:00  INFO 32844 --- [MindCash] [http-nio-8088-exec-2] com.zaxxer.hikari.HikariDataSource       : HikariPool-1 - Start completed.
2025-12-28T19:37:11.262-03:00 ERROR 32844 --- [MindCash] [http-nio-8088-exec-2] o.a.c.c.C.[.[.[/].[dispatcherServlet]    : Servlet.service() for servlet [dispatcherServlet] in context with path [] threw exception [Request processing failed: java.lang.IllegalStateException: Failed to execute statement: INSERT INTO expense (idt_expense, idt_account, dat_expense, des_expense, ind_category, ind_status, val_amount, cod_currency) VALUES (UUID_TO_BIN(?), UUID_TO_BIN(?), ?, ?, ?, ?, ?, ?)] with root cause

java.sql.SQLException: Incorrect string value: '\xAC\xED\x00\x05sr\x00\x0Ejava.util.UUID\xBC\x99\x03\xF7\x98m\x85/\x02\x00\x02J\x00\x0CleastSigBitsJ\x00\x0BmostSigBitsxp\x99xE\' for function uuid_to_bin
	at com.mysql.cj.jdbc.exceptions.SQLError.createSQLException(SQLError.java:121) ~[mysql-connector-j-9.5.0.jar:9.5.0]
	at com.mysql.cj.jdbc.exceptions.SQLExceptionsMapping.translateException(SQLExceptionsMapping.java:114) ~[mysql-connector-j-9.5.0.jar:9.5.0]
	at com.mysql.cj.jdbc.ClientPreparedStatement.executeInternal(ClientPreparedStatement.java:988) ~[mysql-connector-j-9.5.0.jar:9.5.0]
	at com.mysql.cj.jdbc.ClientPreparedStatement.executeUpdateInternal(ClientPreparedStatement.java:1166) ~[mysql-connector-j-9.5.0.jar:9.5.0]
	at com.mysql.cj.jdbc.ClientPreparedStatement.executeUpdateInternal(ClientPreparedStatement.java:1101) ~[mysql-connector-j-9.5.0.jar:9.5.0]
	at com.mysql.cj.jdbc.ClientPreparedStatement.executeLargeUpdate(ClientPreparedStatement.java:1448) ~[mysql-connector-j-9.5.0.jar:9.5.0]
	at com.mysql.cj.jdbc.ClientPreparedStatement.executeUpdate(ClientPreparedStatement.java:1084) ~[mysql-connector-j-9.5.0.jar:9.5.0]
	at com.zaxxer.hikari.pool.ProxyPreparedStatement.executeUpdate(ProxyPreparedStatement.java:61) ~[HikariCP-7.0.2.jar:na]
	at com.zaxxer.hikari.pool.HikariProxyPreparedStatement.executeUpdate(HikariProxyPreparedStatement.java) ~[HikariCP-7.0.2.jar:na]
	at org.springframework.jdbc.core.JdbcTemplate.lambda$update$0(JdbcTemplate.java:970) ~[spring-jdbc-7.0.2.jar:7.0.2]
	at org.springframework.jdbc.core.JdbcTemplate.execute(JdbcTemplate.java:669) ~[spring-jdbc-7.0.2.jar:7.0.2]
	at org.springframework.jdbc.core.JdbcTemplate.update(JdbcTemplate.java:965) ~[spring-jdbc-7.0.2.jar:7.0.2]
	at org.springframework.jdbc.core.JdbcTemplate.update(JdbcTemplate.java:1009) ~[spring-jdbc-7.0.2.jar:7.0.2]
	at org.springframework.jdbc.core.JdbcTemplate.update(JdbcTemplate.java:1019) ~[spring-jdbc-7.0.2.jar:7.0.2]
	at br.com.mindcash.financial.driven.account.Adapter.save(Adapter.java:48) ~[classes/:na]
	at java.base/jdk.internal.reflect.DirectMethodHandleAccessor.invoke(DirectMethodHandleAccessor.java:103) ~[na:na]
	at java.base/java.lang.reflect.Method.invoke(Method.java:580) ~[na:na]
	at org.springframework.aop.support.AopUtils.invokeJoinpointUsingReflection(AopUtils.java:359) ~[spring-aop-7.0.2.jar:7.0.2]
	at org.springframework.aop.framework.ReflectiveMethodInvocation.invokeJoinpoint(ReflectiveMethodInvocation.java:190) ~[spring-aop-7.0.2.jar:7.0.2]
	at org.springframework.aop.framework.ReflectiveMethodInvocation.proceed(ReflectiveMethodInvocation.java:158) ~[spring-aop-7.0.2.jar:7.0.2]
	at org.springframework.transaction.interceptor.TransactionAspectSupport.invokeWithinTransaction(TransactionAspectSupport.java:370) ~[spring-tx-7.0.2.jar:7.0.2]
	at org.springframework.transaction.interceptor.TransactionInterceptor.invoke(TransactionInterceptor.java:118) ~[spring-tx-7.0.2.jar:7.0.2]
	at org.springframework.aop.framework.ReflectiveMethodInvocation.proceed(ReflectiveMethodInvocation.java:179) ~[spring-aop-7.0.2.jar:7.0.2]
	at org.springframework.aop.framework.CglibAopProxy$DynamicAdvisedInterceptor.intercept(CglibAopProxy.java:719) ~[spring-aop-7.0.2.jar:7.0.2]
	at br.com.mindcash.financial.driven.account.Adapter$$SpringCGLIB$$0.save(<generated>) ~[classes/:na]
	at br.com.mindcash.financial.application.handlers.RegisterExpenseHandler.handler(RegisterExpenseHandler.java:30) ~[classes/:na]
	at br.com.mindcash.financial.driving.http.expense.Endpoint.post(Endpoint.java:28) ~[classes/:na]
	at java.base/jdk.internal.reflect.DirectMethodHandleAccessor.invoke(DirectMethodHandleAccessor.java:103) ~[na:na]
	at java.base/java.lang.reflect.Method.invoke(Method.java:580) ~[na:na]
	at org.springframework.web.method.support.InvocableHandlerMethod.doInvoke(InvocableHandlerMethod.java:258) ~[spring-web-7.0.2.jar:7.0.2]
	at org.springframework.web.method.support.InvocableHandlerMethod.invokeForRequest(InvocableHandlerMethod.java:190) ~[spring-web-7.0.2.jar:7.0.2]
	at org.springframework.web.servlet.mvc.method.annotation.ServletInvocableHandlerMethod.invokeAndHandle(ServletInvocableHandlerMethod.java:117) ~[spring-webmvc-7.0.2.jar:7.0.2]
	at org.springframework.web.servlet.mvc.method.annotation.RequestMappingHandlerAdapter.invokeHandlerMethod(RequestMappingHandlerAdapter.java:934) ~[spring-webmvc-7.0.2.jar:7.0.2]
	at org.springframework.web.servlet.mvc.method.annotation.RequestMappingHandlerAdapter.handleInternal(RequestMappingHandlerAdapter.java:853) ~[spring-webmvc-7.0.2.jar:7.0.2]
	at org.springframework.web.servlet.mvc.method.AbstractHandlerMethodAdapter.handle(AbstractHandlerMethodAdapter.java:86) ~[spring-webmvc-7.0.2.jar:7.0.2]
	at org.springframework.web.servlet.DispatcherServlet.doDispatch(DispatcherServlet.java:963) ~[spring-webmvc-7.0.2.jar:7.0.2]
	at org.springframework.web.servlet.DispatcherServlet.doService(DispatcherServlet.java:866) ~[spring-webmvc-7.0.2.jar:7.0.2]
	at org.springframework.web.servlet.FrameworkServlet.processRequest(FrameworkServlet.java:1003) ~[spring-webmvc-7.0.2.jar:7.0.2]
	at org.springframework.web.servlet.FrameworkServlet.doPost(FrameworkServlet.java:903) ~[spring-webmvc-7.0.2.jar:7.0.2]
	at jakarta.servlet.http.HttpServlet.service(HttpServlet.java:649) ~[tomcat-embed-core-11.0.15.jar:6.1]
	at org.springframework.web.servlet.FrameworkServlet.service(FrameworkServlet.java:874) ~[spring-webmvc-7.0.2.jar:7.0.2]
	at jakarta.servlet.http.HttpServlet.service(HttpServlet.java:710) ~[tomcat-embed-core-11.0.15.jar:6.1]
	at org.apache.catalina.core.ApplicationFilterChain.doFilter(ApplicationFilterChain.java:128) ~[tomcat-embed-core-11.0.15.jar:11.0.15]
	at org.apache.tomcat.websocket.server.WsFilter.doFilter(WsFilter.java:53) ~[tomcat-embed-websocket-11.0.15.jar:11.0.15]
	at org.apache.catalina.core.ApplicationFilterChain.doFilter(ApplicationFilterChain.java:107) ~[tomcat-embed-core-11.0.15.jar:11.0.15]
	at org.springframework.web.filter.RequestContextFilter.doFilterInternal(RequestContextFilter.java:100) ~[spring-web-7.0.2.jar:7.0.2]
	at org.springframework.web.filter.OncePerRequestFilter.doFilter(OncePerRequestFilter.java:116) ~[spring-web-7.0.2.jar:7.0.2]
	at org.apache.catalina.core.ApplicationFilterChain.doFilter(ApplicationFilterChain.java:107) ~[tomcat-embed-core-11.0.15.jar:11.0.15]
	at org.springframework.web.filter.FormContentFilter.doFilterInternal(FormContentFilter.java:93) ~[spring-web-7.0.2.jar:7.0.2]
	at org.springframework.web.filter.OncePerRequestFilter.doFilter(OncePerRequestFilter.java:116) ~[spring-web-7.0.2.jar:7.0.2]
	at org.apache.catalina.core.ApplicationFilterChain.doFilter(ApplicationFilterChain.java:107) ~[tomcat-embed-core-11.0.15.jar:11.0.15]
	at org.springframework.web.filter.CharacterEncodingFilter.doFilterInternal(CharacterEncodingFilter.java:199) ~[spring-web-7.0.2.jar:7.0.2]
	at org.springframework.web.filter.OncePerRequestFilter.doFilter(OncePerRequestFilter.java:116) ~[spring-web-7.0.2.jar:7.0.2]
	at org.apache.catalina.core.ApplicationFilterChain.doFilter(ApplicationFilterChain.java:107) ~[tomcat-embed-core-11.0.15.jar:11.0.15]
	at org.apache.catalina.core.StandardWrapperValve.invoke(StandardWrapperValve.java:165) ~[tomcat-embed-core-11.0.15.jar:11.0.15]
	at org.apache.catalina.core.StandardContextValve.invoke(StandardContextValve.java:77) ~[tomcat-embed-core-11.0.15.jar:11.0.15]
	at org.apache.catalina.authenticator.AuthenticatorBase.invoke(AuthenticatorBase.java:482) ~[tomcat-embed-core-11.0.15.jar:11.0.15]
	at org.apache.catalina.core.StandardHostValve.invoke(StandardHostValve.java:113) ~[tomcat-embed-core-11.0.15.jar:11.0.15]
	at org.apache.catalina.valves.ErrorReportValve.invoke(ErrorReportValve.java:83) ~[tomcat-embed-core-11.0.15.jar:11.0.15]
	at org.apache.catalina.core.StandardEngineValve.invoke(StandardEngineValve.java:72) ~[tomcat-embed-core-11.0.15.jar:11.0.15]
	at org.apache.catalina.connector.CoyoteAdapter.service(CoyoteAdapter.java:341) ~[tomcat-embed-core-11.0.15.jar:11.0.15]
	at org.apache.coyote.http11.Http11Processor.service(Http11Processor.java:397) ~[tomcat-embed-core-11.0.15.jar:11.0.15]
	at org.apache.coyote.AbstractProcessorLight.process(AbstractProcessorLight.java:63) ~[tomcat-embed-core-11.0.15.jar:11.0.15]
	at org.apache.coyote.AbstractProtocol$ConnectionHandler.process(AbstractProtocol.java:903) ~[tomcat-embed-core-11.0.15.jar:11.0.15]
	at org.apache.tomcat.util.net.NioEndpoint$SocketProcessor.doRun(NioEndpoint.java:1778) ~[tomcat-embed-core-11.0.15.jar:11.0.15]
	at org.apache.tomcat.util.net.SocketProcessorBase.run(SocketProcessorBase.java:52) ~[tomcat-embed-core-11.0.15.jar:11.0.15]
	at org.apache.tomcat.util.threads.ThreadPoolExecutor.runWorker(ThreadPoolExecutor.java:946) ~[tomcat-embed-core-11.0.15.jar:11.0.15]
	at org.apache.tomcat.util.threads.ThreadPoolExecutor$Worker.run(ThreadPoolExecutor.java:480) ~[tomcat-embed-core-11.0.15.jar:11.0.15]
	at org.apache.tomcat.util.threads.TaskThread$WrappingRunnable.run(TaskThread.java:57) ~[tomcat-embed-core-11.0.15.jar:11.0.15]
	at java.base/java.lang.Thread.run(Thread.java:1583) ~[na:na]

2025-12-28T19:39:03.790-03:00  INFO 32844 --- [MindCash] [SpringApplicationShutdownHook] o.s.boot.tomcat.GracefulShutdown         : Commencing graceful shutdown. Waiting for active requests to complete
2025-12-28T19:39:03.798-03:00  INFO 32844 --- [MindCash] [tomcat-shutdown] o.s.boot.tomcat.GracefulShutdown         : Graceful shutdown complete
2025-12-28T19:39:03.800-03:00  INFO 32844 --- [MindCash] [SpringApplicationShutdownHook] com.zaxxer.hikari.HikariDataSource       : HikariPool-1 - Shutdown initiated...
2025-12-28T19:39:03.806-03:00  INFO 32844 --- [MindCash] [SpringApplicationShutdownHook] com.zaxxer.hikari.HikariDataSource       : HikariPool-1 - Shutdown completed.
2025-12-28T19:39:09.226-03:00  INFO 15448 --- [MindCash] [main] b.c.m.financial.FinancialApplication     : Starting FinancialApplication using Java 21.0.8 with PID 15448 (C:\Users\DIOGO\OneDrive\Desktop\Sandbox\Projetos\Backend\Java\mind-cash-be\financial-account\target\classes started by DIOGO in C:\Users\DIOGO\OneDrive\Desktop\Sandbox\Projetos\Backend\Java\mind-cash-be)
2025-12-28T19:39:09.229-03:00  INFO 15448 --- [MindCash] [main] b.c.m.financial.FinancialApplication     : No active profile set, falling back to 1 default profile: "default"
2025-12-28T19:39:09.771-03:00  INFO 15448 --- [MindCash] [main] o.s.boot.tomcat.TomcatWebServer          : Tomcat initialized with port 8088 (http)
2025-12-28T19:39:09.781-03:00  INFO 15448 --- [MindCash] [main] o.apache.catalina.core.StandardService   : Starting service [Tomcat]
2025-12-28T19:39:09.781-03:00  INFO 15448 --- [MindCash] [main] o.apache.catalina.core.StandardEngine    : Starting Servlet engine: [Apache Tomcat/11.0.15]
2025-12-28T19:39:09.808-03:00  INFO 15448 --- [MindCash] [main] b.w.c.s.WebApplicationContextInitializer : Root WebApplicationContext: initialization completed in 550 ms
2025-12-28T19:39:09.852-03:00  INFO 15448 --- [MindCash] [main] f.a.AutowiredAnnotationBeanPostProcessor : Inconsistent constructor declaration on bean with name 'adapter': single autowire-marked constructor flagged as optional - this constructor is effectively required since there is no default constructor to fall back to: public br.com.mindcash.financial.driven.account.Adapter(org.springframework.jdbc.core.JdbcTemplate)
2025-12-28T19:39:10.125-03:00  INFO 15448 --- [MindCash] [main] o.s.boot.tomcat.TomcatWebServer          : Tomcat started on port 8088 (http) with context path '/'
2025-12-28T19:39:10.129-03:00  INFO 15448 --- [MindCash] [main] b.c.m.financial.FinancialApplication     : Started FinancialApplication in 1.231 seconds (process running for 1.649)
2025-12-28T19:39:13.563-03:00  INFO 15448 --- [MindCash] [http-nio-8088-exec-2] o.a.c.c.C.[Tomcat].[localhost].[/]       : Initializing Spring DispatcherServlet 'dispatcherServlet'
2025-12-28T19:39:13.564-03:00  INFO 15448 --- [MindCash] [http-nio-8088-exec-2] o.s.web.servlet.DispatcherServlet        : Initializing Servlet 'dispatcherServlet'
2025-12-28T19:39:13.565-03:00  INFO 15448 --- [MindCash] [http-nio-8088-exec-2] o.s.web.servlet.DispatcherServlet        : Completed initialization in 1 ms
2025-12-28T19:39:13.695-03:00  INFO 15448 --- [MindCash] [http-nio-8088-exec-2] com.zaxxer.hikari.HikariDataSource       : HikariPool-1 - Starting...
2025-12-28T19:39:13.939-03:00  INFO 15448 --- [MindCash] [http-nio-8088-exec-2] com.zaxxer.hikari.pool.HikariPool        : HikariPool-1 - Added connection com.mysql.cj.jdbc.ConnectionImpl@581ee4cf
2025-12-28T19:39:13.940-03:00  INFO 15448 --- [MindCash] [http-nio-8088-exec-2] com.zaxxer.hikari.HikariDataSource       : HikariPool-1 - Start completed.
2025-12-28T19:41:27.610-03:00  INFO 15448 --- [MindCash] [SpringApplicationShutdownHook] o.s.boot.tomcat.GracefulShutdown         : Commencing graceful shutdown. Waiting for active requests to complete
2025-12-28T19:41:27.619-03:00  INFO 15448 --- [MindCash] [tomcat-shutdown] o.s.boot.tomcat.GracefulShutdown         : Graceful shutdown complete
2025-12-28T19:41:27.622-03:00  INFO 15448 --- [MindCash] [SpringApplicationShutdownHook] com.zaxxer.hikari.HikariDataSource       : HikariPool-1 - Shutdown initiated...
2025-12-28T19:41:27.628-03:00  INFO 15448 --- [MindCash] [SpringApplicationShutdownHook] com.zaxxer.hikari.HikariDataSource       : HikariPool-1 - Shutdown completed.
2025-12-28T19:52:12.361-03:00  INFO 29052 --- [MindCash] [main] b.c.m.financial.FinancialApplication     : Starting FinancialApplication using Java 21.0.8 with PID 29052 (C:\Users\DIOGO\OneDrive\Desktop\Sandbox\Projetos\Backend\Java\mind-cash-be\financial-account\target\classes started by DIOGO in C:\Users\DIOGO\OneDrive\Desktop\Sandbox\Projetos\Backend\Java\mind-cash-be)
2025-12-28T19:52:12.364-03:00  INFO 29052 --- [MindCash] [main] b.c.m.financial.FinancialApplication     : No active profile set, falling back to 1 default profile: "default"
2025-12-28T19:52:12.972-03:00  INFO 29052 --- [MindCash] [main] o.s.boot.tomcat.TomcatWebServer          : Tomcat initialized with port 8088 (http)
2025-12-28T19:52:12.982-03:00  INFO 29052 --- [MindCash] [main] o.apache.catalina.core.StandardService   : Starting service [Tomcat]
2025-12-28T19:52:12.982-03:00  INFO 29052 --- [MindCash] [main] o.apache.catalina.core.StandardEngine    : Starting Servlet engine: [Apache Tomcat/11.0.15]
2025-12-28T19:52:13.014-03:00  INFO 29052 --- [MindCash] [main] b.w.c.s.WebApplicationContextInitializer : Root WebApplicationContext: initialization completed in 618 ms
2025-12-28T19:52:13.068-03:00  INFO 29052 --- [MindCash] [main] f.a.AutowiredAnnotationBeanPostProcessor : Inconsistent constructor declaration on bean with name 'adapter': single autowire-marked constructor flagged as optional - this constructor is effectively required since there is no default constructor to fall back to: public br.com.mindcash.financial.driven.account.Adapter(org.springframework.jdbc.core.JdbcTemplate)
2025-12-28T19:52:13.377-03:00  INFO 29052 --- [MindCash] [main] o.s.boot.tomcat.TomcatWebServer          : Tomcat started on port 8088 (http) with context path '/'
2025-12-28T19:52:13.382-03:00  INFO 29052 --- [MindCash] [main] b.c.m.financial.FinancialApplication     : Started FinancialApplication in 1.426 seconds (process running for 2.106)
2025-12-28T19:52:15.591-03:00  INFO 29052 --- [MindCash] [http-nio-8088-exec-2] o.a.c.c.C.[Tomcat].[localhost].[/]       : Initializing Spring DispatcherServlet 'dispatcherServlet'
2025-12-28T19:52:15.592-03:00  INFO 29052 --- [MindCash] [http-nio-8088-exec-2] o.s.web.servlet.DispatcherServlet        : Initializing Servlet 'dispatcherServlet'
2025-12-28T19:52:15.593-03:00  INFO 29052 --- [MindCash] [http-nio-8088-exec-2] o.s.web.servlet.DispatcherServlet        : Completed initialization in 1 ms
2025-12-28T19:52:18.124-03:00  INFO 29052 --- [MindCash] [http-nio-8088-exec-2] com.zaxxer.hikari.HikariDataSource       : HikariPool-1 - Starting...
2025-12-28T19:52:19.870-03:00  INFO 29052 --- [MindCash] [http-nio-8088-exec-2] com.zaxxer.hikari.pool.HikariPool        : HikariPool-1 - Added connection com.mysql.cj.jdbc.ConnectionImpl@5e539eb5
2025-12-28T19:52:19.875-03:00  INFO 29052 --- [MindCash] [http-nio-8088-exec-2] com.zaxxer.hikari.HikariDataSource       : HikariPool-1 - Start completed.
2025-12-28T19:52:21.777-03:00 ERROR 29052 --- [MindCash] [http-nio-8088-exec-2] o.a.c.c.C.[.[.[/].[dispatcherServlet]    : Servlet.service() for servlet [dispatcherServlet] in context with path [] threw exception [Request processing failed: org.springframework.dao.TransientDataAccessResourceException: PreparedStatementCallback; SQL [SELECT BIN_TO_UUID(idt_account) AS idt_account FROM account WHERE UUID_TO_BIN(idt_account) = ?]; Cannot convert class br.com.mindcash.financial.application.domain.models.account.AccountId to SQL type requested due to com.mysql.cj.exceptions.WrongArgumentException - Invalid argument value: java.io.NotSerializableException] with root cause

java.io.NotSerializableException: br.com.mindcash.financial.application.domain.models.account.AccountId
	at java.base/java.io.ObjectOutputStream.writeObject0(ObjectOutputStream.java:1200) ~[na:na]
	at java.base/java.io.ObjectOutputStream.writeObject(ObjectOutputStream.java:358) ~[na:na]
	at com.mysql.cj.NativeQueryBindings.setSerializableObject(NativeQueryBindings.java:572) ~[mysql-connector-j-9.5.0.jar:9.5.0]
	at com.mysql.cj.NativeQueryBindings.setObject(NativeQueryBindings.java:541) ~[mysql-connector-j-9.5.0.jar:9.5.0]
	at com.mysql.cj.NativeQueryBindings.setObject(NativeQueryBindings.java:511) ~[mysql-connector-j-9.5.0.jar:9.5.0]
	at com.mysql.cj.jdbc.ClientPreparedStatement.setObject(ClientPreparedStatement.java:1907) ~[mysql-connector-j-9.5.0.jar:9.5.0]
	at com.zaxxer.hikari.pool.HikariProxyPreparedStatement.setObject(HikariProxyPreparedStatement.java) ~[HikariCP-7.0.2.jar:na]
	at org.springframework.jdbc.core.StatementCreatorUtils.setValue(StatementCreatorUtils.java:447) ~[spring-jdbc-7.0.2.jar:7.0.2]
	at org.springframework.jdbc.core.StatementCreatorUtils.setParameterValueInternal(StatementCreatorUtils.java:241) ~[spring-jdbc-7.0.2.jar:7.0.2]
	at org.springframework.jdbc.core.StatementCreatorUtils.setParameterValue(StatementCreatorUtils.java:173) ~[spring-jdbc-7.0.2.jar:7.0.2]
	at org.springframework.jdbc.core.ArgumentPreparedStatementSetter.doSetValue(ArgumentPreparedStatementSetter.java:71) ~[spring-jdbc-7.0.2.jar:7.0.2]
	at org.springframework.jdbc.core.ArgumentPreparedStatementSetter.setValues(ArgumentPreparedStatementSetter.java:50) ~[spring-jdbc-7.0.2.jar:7.0.2]
	at org.springframework.jdbc.core.JdbcTemplate.lambda$query$0(JdbcTemplate.java:735) ~[spring-jdbc-7.0.2.jar:7.0.2]
	at org.springframework.jdbc.core.JdbcTemplate.execute(JdbcTemplate.java:669) ~[spring-jdbc-7.0.2.jar:7.0.2]
	at org.springframework.jdbc.core.JdbcTemplate.query(JdbcTemplate.java:731) ~[spring-jdbc-7.0.2.jar:7.0.2]
	at org.springframework.jdbc.core.JdbcTemplate.query(JdbcTemplate.java:756) ~[spring-jdbc-7.0.2.jar:7.0.2]
	at org.springframework.jdbc.core.JdbcTemplate.queryForObject(JdbcTemplate.java:892) ~[spring-jdbc-7.0.2.jar:7.0.2]
	at org.springframework.jdbc.core.JdbcTemplate.queryForObject(JdbcTemplate.java:911) ~[spring-jdbc-7.0.2.jar:7.0.2]
	at br.com.mindcash.financial.driven.account.Adapter.find(Adapter.java:63) ~[classes/:na]
	at java.base/jdk.internal.reflect.DirectMethodHandleAccessor.invoke(DirectMethodHandleAccessor.java:103) ~[na:na]
	at java.base/java.lang.reflect.Method.invoke(Method.java:580) ~[na:na]
	at org.springframework.aop.support.AopUtils.invokeJoinpointUsingReflection(AopUtils.java:359) ~[spring-aop-7.0.2.jar:7.0.2]
	at org.springframework.aop.framework.CglibAopProxy$DynamicAdvisedInterceptor.intercept(CglibAopProxy.java:715) ~[spring-aop-7.0.2.jar:7.0.2]
	at br.com.mindcash.financial.driven.account.Adapter$$SpringCGLIB$$0.find(<generated>) ~[classes/:na]
	at br.com.mindcash.financial.application.handlers.RegisterExpenseHandler.handler(RegisterExpenseHandler.java:21) ~[classes/:na]
	at br.com.mindcash.financial.driving.http.expense.Endpoint.post(Endpoint.java:28) ~[classes/:na]
	at java.base/jdk.internal.reflect.DirectMethodHandleAccessor.invoke(DirectMethodHandleAccessor.java:103) ~[na:na]
	at java.base/java.lang.reflect.Method.invoke(Method.java:580) ~[na:na]
	at org.springframework.web.method.support.InvocableHandlerMethod.doInvoke(InvocableHandlerMethod.java:258) ~[spring-web-7.0.2.jar:7.0.2]
	at org.springframework.web.method.support.InvocableHandlerMethod.invokeForRequest(InvocableHandlerMethod.java:190) ~[spring-web-7.0.2.jar:7.0.2]
	at org.springframework.web.servlet.mvc.method.annotation.ServletInvocableHandlerMethod.invokeAndHandle(ServletInvocableHandlerMethod.java:117) ~[spring-webmvc-7.0.2.jar:7.0.2]
	at org.springframework.web.servlet.mvc.method.annotation.RequestMappingHandlerAdapter.invokeHandlerMethod(RequestMappingHandlerAdapter.java:934) ~[spring-webmvc-7.0.2.jar:7.0.2]
	at org.springframework.web.servlet.mvc.method.annotation.RequestMappingHandlerAdapter.handleInternal(RequestMappingHandlerAdapter.java:853) ~[spring-webmvc-7.0.2.jar:7.0.2]
	at org.springframework.web.servlet.mvc.method.AbstractHandlerMethodAdapter.handle(AbstractHandlerMethodAdapter.java:86) ~[spring-webmvc-7.0.2.jar:7.0.2]
	at org.springframework.web.servlet.DispatcherServlet.doDispatch(DispatcherServlet.java:963) ~[spring-webmvc-7.0.2.jar:7.0.2]
	at org.springframework.web.servlet.DispatcherServlet.doService(DispatcherServlet.java:866) ~[spring-webmvc-7.0.2.jar:7.0.2]
	at org.springframework.web.servlet.FrameworkServlet.processRequest(FrameworkServlet.java:1003) ~[spring-webmvc-7.0.2.jar:7.0.2]
	at org.springframework.web.servlet.FrameworkServlet.doPost(FrameworkServlet.java:903) ~[spring-webmvc-7.0.2.jar:7.0.2]
	at jakarta.servlet.http.HttpServlet.service(HttpServlet.java:649) ~[tomcat-embed-core-11.0.15.jar:6.1]
	at org.springframework.web.servlet.FrameworkServlet.service(FrameworkServlet.java:874) ~[spring-webmvc-7.0.2.jar:7.0.2]
	at jakarta.servlet.http.HttpServlet.service(HttpServlet.java:710) ~[tomcat-embed-core-11.0.15.jar:6.1]
	at org.apache.catalina.core.ApplicationFilterChain.doFilter(ApplicationFilterChain.java:128) ~[tomcat-embed-core-11.0.15.jar:11.0.15]
	at org.apache.tomcat.websocket.server.WsFilter.doFilter(WsFilter.java:53) ~[tomcat-embed-websocket-11.0.15.jar:11.0.15]
	at org.apache.catalina.core.ApplicationFilterChain.doFilter(ApplicationFilterChain.java:107) ~[tomcat-embed-core-11.0.15.jar:11.0.15]
	at org.springframework.web.filter.RequestContextFilter.doFilterInternal(RequestContextFilter.java:100) ~[spring-web-7.0.2.jar:7.0.2]
	at org.springframework.web.filter.OncePerRequestFilter.doFilter(OncePerRequestFilter.java:116) ~[spring-web-7.0.2.jar:7.0.2]
	at org.apache.catalina.core.ApplicationFilterChain.doFilter(ApplicationFilterChain.java:107) ~[tomcat-embed-core-11.0.15.jar:11.0.15]
	at org.springframework.web.filter.FormContentFilter.doFilterInternal(FormContentFilter.java:93) ~[spring-web-7.0.2.jar:7.0.2]
	at org.springframework.web.filter.OncePerRequestFilter.doFilter(OncePerRequestFilter.java:116) ~[spring-web-7.0.2.jar:7.0.2]
	at org.apache.catalina.core.ApplicationFilterChain.doFilter(ApplicationFilterChain.java:107) ~[tomcat-embed-core-11.0.15.jar:11.0.15]
	at org.springframework.web.filter.CharacterEncodingFilter.doFilterInternal(CharacterEncodingFilter.java:199) ~[spring-web-7.0.2.jar:7.0.2]
	at org.springframework.web.filter.OncePerRequestFilter.doFilter(OncePerRequestFilter.java:116) ~[spring-web-7.0.2.jar:7.0.2]
	at org.apache.catalina.core.ApplicationFilterChain.doFilter(ApplicationFilterChain.java:107) ~[tomcat-embed-core-11.0.15.jar:11.0.15]
	at org.apache.catalina.core.StandardWrapperValve.invoke(StandardWrapperValve.java:165) ~[tomcat-embed-core-11.0.15.jar:11.0.15]
	at org.apache.catalina.core.StandardContextValve.invoke(StandardContextValve.java:77) ~[tomcat-embed-core-11.0.15.jar:11.0.15]
	at org.apache.catalina.authenticator.AuthenticatorBase.invoke(AuthenticatorBase.java:482) ~[tomcat-embed-core-11.0.15.jar:11.0.15]
	at org.apache.catalina.core.StandardHostValve.invoke(StandardHostValve.java:113) ~[tomcat-embed-core-11.0.15.jar:11.0.15]
	at org.apache.catalina.valves.ErrorReportValve.invoke(ErrorReportValve.java:83) ~[tomcat-embed-core-11.0.15.jar:11.0.15]
	at org.apache.catalina.core.StandardEngineValve.invoke(StandardEngineValve.java:72) ~[tomcat-embed-core-11.0.15.jar:11.0.15]
	at org.apache.catalina.connector.CoyoteAdapter.service(CoyoteAdapter.java:341) ~[tomcat-embed-core-11.0.15.jar:11.0.15]
	at org.apache.coyote.http11.Http11Processor.service(Http11Processor.java:397) ~[tomcat-embed-core-11.0.15.jar:11.0.15]
	at org.apache.coyote.AbstractProcessorLight.process(AbstractProcessorLight.java:63) ~[tomcat-embed-core-11.0.15.jar:11.0.15]
	at org.apache.coyote.AbstractProtocol$ConnectionHandler.process(AbstractProtocol.java:903) ~[tomcat-embed-core-11.0.15.jar:11.0.15]
	at org.apache.tomcat.util.net.NioEndpoint$SocketProcessor.doRun(NioEndpoint.java:1778) ~[tomcat-embed-core-11.0.15.jar:11.0.15]
	at org.apache.tomcat.util.net.SocketProcessorBase.run(SocketProcessorBase.java:52) ~[tomcat-embed-core-11.0.15.jar:11.0.15]
	at org.apache.tomcat.util.threads.ThreadPoolExecutor.runWorker(ThreadPoolExecutor.java:946) ~[tomcat-embed-core-11.0.15.jar:11.0.15]
	at org.apache.tomcat.util.threads.ThreadPoolExecutor$Worker.run(ThreadPoolExecutor.java:480) ~[tomcat-embed-core-11.0.15.jar:11.0.15]
	at org.apache.tomcat.util.threads.TaskThread$WrappingRunnable.run(TaskThread.java:57) ~[tomcat-embed-core-11.0.15.jar:11.0.15]
	at java.base/java.lang.Thread.run(Thread.java:1583) ~[na:na]

2025-12-28T19:52:27.040-03:00  INFO 29052 --- [MindCash] [SpringApplicationShutdownHook] o.s.boot.tomcat.GracefulShutdown         : Commencing graceful shutdown. Waiting for active requests to complete
2025-12-28T19:52:27.050-03:00  INFO 29052 --- [MindCash] [tomcat-shutdown] o.s.boot.tomcat.GracefulShutdown         : Graceful shutdown complete
2025-12-28T19:52:27.053-03:00  INFO 29052 --- [MindCash] [SpringApplicationShutdownHook] com.zaxxer.hikari.HikariDataSource       : HikariPool-1 - Shutdown initiated...
2025-12-28T19:52:27.058-03:00  INFO 29052 --- [MindCash] [SpringApplicationShutdownHook] com.zaxxer.hikari.HikariDataSource       : HikariPool-1 - Shutdown completed.
2025-12-28T19:55:53.816-03:00  INFO 35564 --- [MindCash] [main] b.c.m.financial.FinancialApplication     : Starting FinancialApplication using Java 21.0.8 with PID 35564 (C:\Users\DIOGO\OneDrive\Desktop\Sandbox\Projetos\Backend\Java\mind-cash-be\financial-account\target\classes started by DIOGO in C:\Users\DIOGO\OneDrive\Desktop\Sandbox\Projetos\Backend\Java\mind-cash-be)
2025-12-28T19:55:53.819-03:00  INFO 35564 --- [MindCash] [main] b.c.m.financial.FinancialApplication     : No active profile set, falling back to 1 default profile: "default"
2025-12-28T19:55:54.384-03:00  INFO 35564 --- [MindCash] [main] o.s.boot.tomcat.TomcatWebServer          : Tomcat initialized with port 8088 (http)
2025-12-28T19:55:54.394-03:00  INFO 35564 --- [MindCash] [main] o.apache.catalina.core.StandardService   : Starting service [Tomcat]
2025-12-28T19:55:54.394-03:00  INFO 35564 --- [MindCash] [main] o.apache.catalina.core.StandardEngine    : Starting Servlet engine: [Apache Tomcat/11.0.15]
2025-12-28T19:55:54.422-03:00  INFO 35564 --- [MindCash] [main] b.w.c.s.WebApplicationContextInitializer : Root WebApplicationContext: initialization completed in 570 ms
2025-12-28T19:55:54.464-03:00  INFO 35564 --- [MindCash] [main] f.a.AutowiredAnnotationBeanPostProcessor : Inconsistent constructor declaration on bean with name 'adapter': single autowire-marked constructor flagged as optional - this constructor is effectively required since there is no default constructor to fall back to: public br.com.mindcash.financial.driven.account.Adapter(org.springframework.jdbc.core.JdbcTemplate)
2025-12-28T19:55:54.743-03:00  INFO 35564 --- [MindCash] [main] o.s.boot.tomcat.TomcatWebServer          : Tomcat started on port 8088 (http) with context path '/'
2025-12-28T19:55:54.746-03:00  INFO 35564 --- [MindCash] [main] b.c.m.financial.FinancialApplication     : Started FinancialApplication in 1.259 seconds (process running for 1.724)
2025-12-28T19:55:57.312-03:00  INFO 35564 --- [MindCash] [http-nio-8088-exec-2] o.a.c.c.C.[Tomcat].[localhost].[/]       : Initializing Spring DispatcherServlet 'dispatcherServlet'
2025-12-28T19:55:57.312-03:00  INFO 35564 --- [MindCash] [http-nio-8088-exec-2] o.s.web.servlet.DispatcherServlet        : Initializing Servlet 'dispatcherServlet'
2025-12-28T19:55:57.313-03:00  INFO 35564 --- [MindCash] [http-nio-8088-exec-2] o.s.web.servlet.DispatcherServlet        : Completed initialization in 1 ms
2025-12-28T19:55:57.443-03:00  INFO 35564 --- [MindCash] [http-nio-8088-exec-2] com.zaxxer.hikari.HikariDataSource       : HikariPool-1 - Starting...
2025-12-28T19:55:57.690-03:00  INFO 35564 --- [MindCash] [http-nio-8088-exec-2] com.zaxxer.hikari.pool.HikariPool        : HikariPool-1 - Added connection com.mysql.cj.jdbc.ConnectionImpl@20da99d2
2025-12-28T19:55:57.692-03:00  INFO 35564 --- [MindCash] [http-nio-8088-exec-2] com.zaxxer.hikari.HikariDataSource       : HikariPool-1 - Start completed.
2025-12-28T19:55:57.721-03:00 ERROR 35564 --- [MindCash] [http-nio-8088-exec-2] o.a.c.c.C.[.[.[/].[dispatcherServlet]    : Servlet.service() for servlet [dispatcherServlet] in context with path [] threw exception [Request processing failed: org.springframework.dao.TransientDataAccessResourceException: PreparedStatementCallback; SQL [SELECT BIN_TO_UUID(idt_account) AS idt_account FROM account WHERE UUID_TO_BIN(idt_account) = ?]; Cannot convert class br.com.mindcash.financial.application.domain.models.account.AccountId to SQL type requested due to com.mysql.cj.exceptions.WrongArgumentException - Invalid argument value: java.io.NotSerializableException] with root cause

java.io.NotSerializableException: br.com.mindcash.financial.application.domain.models.account.AccountId
	at java.base/java.io.ObjectOutputStream.writeObject0(ObjectOutputStream.java:1200) ~[na:na]
	at java.base/java.io.ObjectOutputStream.writeObject(ObjectOutputStream.java:358) ~[na:na]
	at com.mysql.cj.NativeQueryBindings.setSerializableObject(NativeQueryBindings.java:572) ~[mysql-connector-j-9.5.0.jar:9.5.0]
	at com.mysql.cj.NativeQueryBindings.setObject(NativeQueryBindings.java:541) ~[mysql-connector-j-9.5.0.jar:9.5.0]
	at com.mysql.cj.NativeQueryBindings.setObject(NativeQueryBindings.java:511) ~[mysql-connector-j-9.5.0.jar:9.5.0]
	at com.mysql.cj.jdbc.ClientPreparedStatement.setObject(ClientPreparedStatement.java:1907) ~[mysql-connector-j-9.5.0.jar:9.5.0]
	at com.zaxxer.hikari.pool.HikariProxyPreparedStatement.setObject(HikariProxyPreparedStatement.java) ~[HikariCP-7.0.2.jar:na]
	at org.springframework.jdbc.core.StatementCreatorUtils.setValue(StatementCreatorUtils.java:447) ~[spring-jdbc-7.0.2.jar:7.0.2]
	at org.springframework.jdbc.core.StatementCreatorUtils.setParameterValueInternal(StatementCreatorUtils.java:241) ~[spring-jdbc-7.0.2.jar:7.0.2]
	at org.springframework.jdbc.core.StatementCreatorUtils.setParameterValue(StatementCreatorUtils.java:173) ~[spring-jdbc-7.0.2.jar:7.0.2]
	at org.springframework.jdbc.core.ArgumentPreparedStatementSetter.doSetValue(ArgumentPreparedStatementSetter.java:71) ~[spring-jdbc-7.0.2.jar:7.0.2]
	at org.springframework.jdbc.core.ArgumentPreparedStatementSetter.setValues(ArgumentPreparedStatementSetter.java:50) ~[spring-jdbc-7.0.2.jar:7.0.2]
	at org.springframework.jdbc.core.JdbcTemplate.lambda$query$0(JdbcTemplate.java:735) ~[spring-jdbc-7.0.2.jar:7.0.2]
	at org.springframework.jdbc.core.JdbcTemplate.execute(JdbcTemplate.java:669) ~[spring-jdbc-7.0.2.jar:7.0.2]
	at org.springframework.jdbc.core.JdbcTemplate.query(JdbcTemplate.java:731) ~[spring-jdbc-7.0.2.jar:7.0.2]
	at org.springframework.jdbc.core.JdbcTemplate.query(JdbcTemplate.java:756) ~[spring-jdbc-7.0.2.jar:7.0.2]
	at org.springframework.jdbc.core.JdbcTemplate.queryForObject(JdbcTemplate.java:892) ~[spring-jdbc-7.0.2.jar:7.0.2]
	at org.springframework.jdbc.core.JdbcTemplate.queryForObject(JdbcTemplate.java:906) ~[spring-jdbc-7.0.2.jar:7.0.2]
	at br.com.mindcash.financial.driven.account.Adapter.find(Adapter.java:63) ~[classes/:na]
	at java.base/jdk.internal.reflect.DirectMethodHandleAccessor.invoke(DirectMethodHandleAccessor.java:103) ~[na:na]
	at java.base/java.lang.reflect.Method.invoke(Method.java:580) ~[na:na]
	at org.springframework.aop.support.AopUtils.invokeJoinpointUsingReflection(AopUtils.java:359) ~[spring-aop-7.0.2.jar:7.0.2]
	at org.springframework.aop.framework.CglibAopProxy$DynamicAdvisedInterceptor.intercept(CglibAopProxy.java:715) ~[spring-aop-7.0.2.jar:7.0.2]
	at br.com.mindcash.financial.driven.account.Adapter$$SpringCGLIB$$0.find(<generated>) ~[classes/:na]
	at br.com.mindcash.financial.application.handlers.RegisterExpenseHandler.handler(RegisterExpenseHandler.java:21) ~[classes/:na]
	at br.com.mindcash.financial.driving.http.expense.Endpoint.post(Endpoint.java:28) ~[classes/:na]
	at java.base/jdk.internal.reflect.DirectMethodHandleAccessor.invoke(DirectMethodHandleAccessor.java:103) ~[na:na]
	at java.base/java.lang.reflect.Method.invoke(Method.java:580) ~[na:na]
	at org.springframework.web.method.support.InvocableHandlerMethod.doInvoke(InvocableHandlerMethod.java:258) ~[spring-web-7.0.2.jar:7.0.2]
	at org.springframework.web.method.support.InvocableHandlerMethod.invokeForRequest(InvocableHandlerMethod.java:190) ~[spring-web-7.0.2.jar:7.0.2]
	at org.springframework.web.servlet.mvc.method.annotation.ServletInvocableHandlerMethod.invokeAndHandle(ServletInvocableHandlerMethod.java:117) ~[spring-webmvc-7.0.2.jar:7.0.2]
	at org.springframework.web.servlet.mvc.method.annotation.RequestMappingHandlerAdapter.invokeHandlerMethod(RequestMappingHandlerAdapter.java:934) ~[spring-webmvc-7.0.2.jar:7.0.2]
	at org.springframework.web.servlet.mvc.method.annotation.RequestMappingHandlerAdapter.handleInternal(RequestMappingHandlerAdapter.java:853) ~[spring-webmvc-7.0.2.jar:7.0.2]
	at org.springframework.web.servlet.mvc.method.AbstractHandlerMethodAdapter.handle(AbstractHandlerMethodAdapter.java:86) ~[spring-webmvc-7.0.2.jar:7.0.2]
	at org.springframework.web.servlet.DispatcherServlet.doDispatch(DispatcherServlet.java:963) ~[spring-webmvc-7.0.2.jar:7.0.2]
	at org.springframework.web.servlet.DispatcherServlet.doService(DispatcherServlet.java:866) ~[spring-webmvc-7.0.2.jar:7.0.2]
	at org.springframework.web.servlet.FrameworkServlet.processRequest(FrameworkServlet.java:1003) ~[spring-webmvc-7.0.2.jar:7.0.2]
	at org.springframework.web.servlet.FrameworkServlet.doPost(FrameworkServlet.java:903) ~[spring-webmvc-7.0.2.jar:7.0.2]
	at jakarta.servlet.http.HttpServlet.service(HttpServlet.java:649) ~[tomcat-embed-core-11.0.15.jar:6.1]
	at org.springframework.web.servlet.FrameworkServlet.service(FrameworkServlet.java:874) ~[spring-webmvc-7.0.2.jar:7.0.2]
	at jakarta.servlet.http.HttpServlet.service(HttpServlet.java:710) ~[tomcat-embed-core-11.0.15.jar:6.1]
	at org.apache.catalina.core.ApplicationFilterChain.doFilter(ApplicationFilterChain.java:128) ~[tomcat-embed-core-11.0.15.jar:11.0.15]
	at org.apache.tomcat.websocket.server.WsFilter.doFilter(WsFilter.java:53) ~[tomcat-embed-websocket-11.0.15.jar:11.0.15]
	at org.apache.catalina.core.ApplicationFilterChain.doFilter(ApplicationFilterChain.java:107) ~[tomcat-embed-core-11.0.15.jar:11.0.15]
	at org.springframework.web.filter.RequestContextFilter.doFilterInternal(RequestContextFilter.java:100) ~[spring-web-7.0.2.jar:7.0.2]
	at org.springframework.web.filter.OncePerRequestFilter.doFilter(OncePerRequestFilter.java:116) ~[spring-web-7.0.2.jar:7.0.2]
	at org.apache.catalina.core.ApplicationFilterChain.doFilter(ApplicationFilterChain.java:107) ~[tomcat-embed-core-11.0.15.jar:11.0.15]
	at org.springframework.web.filter.FormContentFilter.doFilterInternal(FormContentFilter.java:93) ~[spring-web-7.0.2.jar:7.0.2]
	at org.springframework.web.filter.OncePerRequestFilter.doFilter(OncePerRequestFilter.java:116) ~[spring-web-7.0.2.jar:7.0.2]
	at org.apache.catalina.core.ApplicationFilterChain.doFilter(ApplicationFilterChain.java:107) ~[tomcat-embed-core-11.0.15.jar:11.0.15]
	at org.springframework.web.filter.CharacterEncodingFilter.doFilterInternal(CharacterEncodingFilter.java:199) ~[spring-web-7.0.2.jar:7.0.2]
	at org.springframework.web.filter.OncePerRequestFilter.doFilter(OncePerRequestFilter.java:116) ~[spring-web-7.0.2.jar:7.0.2]
	at org.apache.catalina.core.ApplicationFilterChain.doFilter(ApplicationFilterChain.java:107) ~[tomcat-embed-core-11.0.15.jar:11.0.15]
	at org.apache.catalina.core.StandardWrapperValve.invoke(StandardWrapperValve.java:165) ~[tomcat-embed-core-11.0.15.jar:11.0.15]
	at org.apache.catalina.core.StandardContextValve.invoke(StandardContextValve.java:77) ~[tomcat-embed-core-11.0.15.jar:11.0.15]
	at org.apache.catalina.authenticator.AuthenticatorBase.invoke(AuthenticatorBase.java:482) ~[tomcat-embed-core-11.0.15.jar:11.0.15]
	at org.apache.catalina.core.StandardHostValve.invoke(StandardHostValve.java:113) ~[tomcat-embed-core-11.0.15.jar:11.0.15]
	at org.apache.catalina.valves.ErrorReportValve.invoke(ErrorReportValve.java:83) ~[tomcat-embed-core-11.0.15.jar:11.0.15]
	at org.apache.catalina.core.StandardEngineValve.invoke(StandardEngineValve.java:72) ~[tomcat-embed-core-11.0.15.jar:11.0.15]
	at org.apache.catalina.connector.CoyoteAdapter.service(CoyoteAdapter.java:341) ~[tomcat-embed-core-11.0.15.jar:11.0.15]
	at org.apache.coyote.http11.Http11Processor.service(Http11Processor.java:397) ~[tomcat-embed-core-11.0.15.jar:11.0.15]
	at org.apache.coyote.AbstractProcessorLight.process(AbstractProcessorLight.java:63) ~[tomcat-embed-core-11.0.15.jar:11.0.15]
	at org.apache.coyote.AbstractProtocol$ConnectionHandler.process(AbstractProtocol.java:903) ~[tomcat-embed-core-11.0.15.jar:11.0.15]
	at org.apache.tomcat.util.net.NioEndpoint$SocketProcessor.doRun(NioEndpoint.java:1778) ~[tomcat-embed-core-11.0.15.jar:11.0.15]
	at org.apache.tomcat.util.net.SocketProcessorBase.run(SocketProcessorBase.java:52) ~[tomcat-embed-core-11.0.15.jar:11.0.15]
	at org.apache.tomcat.util.threads.ThreadPoolExecutor.runWorker(ThreadPoolExecutor.java:946) ~[tomcat-embed-core-11.0.15.jar:11.0.15]
	at org.apache.tomcat.util.threads.ThreadPoolExecutor$Worker.run(ThreadPoolExecutor.java:480) ~[tomcat-embed-core-11.0.15.jar:11.0.15]
	at org.apache.tomcat.util.threads.TaskThread$WrappingRunnable.run(TaskThread.java:57) ~[tomcat-embed-core-11.0.15.jar:11.0.15]
	at java.base/java.lang.Thread.run(Thread.java:1583) ~[na:na]

2025-12-28T19:56:21.880-03:00  INFO 35564 --- [MindCash] [SpringApplicationShutdownHook] o.s.boot.tomcat.GracefulShutdown         : Commencing graceful shutdown. Waiting for active requests to complete
2025-12-28T19:56:21.888-03:00  INFO 35564 --- [MindCash] [tomcat-shutdown] o.s.boot.tomcat.GracefulShutdown         : Graceful shutdown complete
2025-12-28T19:56:21.891-03:00  INFO 35564 --- [MindCash] [SpringApplicationShutdownHook] com.zaxxer.hikari.HikariDataSource       : HikariPool-1 - Shutdown initiated...
2025-12-28T19:56:21.897-03:00  INFO 35564 --- [MindCash] [SpringApplicationShutdownHook] com.zaxxer.hikari.HikariDataSource       : HikariPool-1 - Shutdown completed.
2025-12-28T19:56:25.317-03:00  INFO 36828 --- [MindCash] [main] b.c.m.financial.FinancialApplication     : Starting FinancialApplication using Java 21.0.8 with PID 36828 (C:\Users\DIOGO\OneDrive\Desktop\Sandbox\Projetos\Backend\Java\mind-cash-be\financial-account\target\classes started by DIOGO in C:\Users\DIOGO\OneDrive\Desktop\Sandbox\Projetos\Backend\Java\mind-cash-be)
2025-12-28T19:56:25.319-03:00  INFO 36828 --- [MindCash] [main] b.c.m.financial.FinancialApplication     : No active profile set, falling back to 1 default profile: "default"
2025-12-28T19:56:25.900-03:00  INFO 36828 --- [MindCash] [main] o.s.boot.tomcat.TomcatWebServer          : Tomcat initialized with port 8088 (http)
2025-12-28T19:56:25.910-03:00  INFO 36828 --- [MindCash] [main] o.apache.catalina.core.StandardService   : Starting service [Tomcat]
2025-12-28T19:56:25.910-03:00  INFO 36828 --- [MindCash] [main] o.apache.catalina.core.StandardEngine    : Starting Servlet engine: [Apache Tomcat/11.0.15]
2025-12-28T19:56:25.938-03:00  INFO 36828 --- [MindCash] [main] b.w.c.s.WebApplicationContextInitializer : Root WebApplicationContext: initialization completed in 580 ms
2025-12-28T19:56:25.985-03:00  INFO 36828 --- [MindCash] [main] f.a.AutowiredAnnotationBeanPostProcessor : Inconsistent constructor declaration on bean with name 'adapter': single autowire-marked constructor flagged as optional - this constructor is effectively required since there is no default constructor to fall back to: public br.com.mindcash.financial.driven.account.Adapter(org.springframework.jdbc.core.JdbcTemplate)
2025-12-28T19:56:26.294-03:00  INFO 36828 --- [MindCash] [main] o.s.boot.tomcat.TomcatWebServer          : Tomcat started on port 8088 (http) with context path '/'
2025-12-28T19:56:26.298-03:00  INFO 36828 --- [MindCash] [main] b.c.m.financial.FinancialApplication     : Started FinancialApplication in 1.319 seconds (process running for 1.754)
2025-12-28T19:56:27.816-03:00  INFO 36828 --- [MindCash] [http-nio-8088-exec-2] o.a.c.c.C.[Tomcat].[localhost].[/]       : Initializing Spring DispatcherServlet 'dispatcherServlet'
2025-12-28T19:56:27.816-03:00  INFO 36828 --- [MindCash] [http-nio-8088-exec-2] o.s.web.servlet.DispatcherServlet        : Initializing Servlet 'dispatcherServlet'
2025-12-28T19:56:27.817-03:00  INFO 36828 --- [MindCash] [http-nio-8088-exec-2] o.s.web.servlet.DispatcherServlet        : Completed initialization in 1 ms
2025-12-28T19:56:27.935-03:00  INFO 36828 --- [MindCash] [http-nio-8088-exec-2] com.zaxxer.hikari.HikariDataSource       : HikariPool-1 - Starting...
2025-12-28T19:56:28.179-03:00  INFO 36828 --- [MindCash] [http-nio-8088-exec-2] com.zaxxer.hikari.pool.HikariPool        : HikariPool-1 - Added connection com.mysql.cj.jdbc.ConnectionImpl@3c75e7d8
2025-12-28T19:56:28.181-03:00  INFO 36828 --- [MindCash] [http-nio-8088-exec-2] com.zaxxer.hikari.HikariDataSource       : HikariPool-1 - Start completed.
2025-12-28T19:56:28.210-03:00 ERROR 36828 --- [MindCash] [http-nio-8088-exec-2] o.a.c.c.C.[.[.[/].[dispatcherServlet]    : Servlet.service() for servlet [dispatcherServlet] in context with path [] threw exception [Request processing failed: org.springframework.dao.TransientDataAccessResourceException: PreparedStatementCallback; SQL [SELECT BIN_TO_UUID(idt_account) AS idt_account FROM account WHERE UUID_TO_BIN(idt_account) = ?]; Cannot convert class br.com.mindcash.financial.application.domain.models.account.AccountId to SQL type requested due to com.mysql.cj.exceptions.WrongArgumentException - Invalid argument value: java.io.NotSerializableException] with root cause

java.io.NotSerializableException: br.com.mindcash.financial.application.domain.models.account.AccountId
	at java.base/java.io.ObjectOutputStream.writeObject0(ObjectOutputStream.java:1200) ~[na:na]
	at java.base/java.io.ObjectOutputStream.writeObject(ObjectOutputStream.java:358) ~[na:na]
	at com.mysql.cj.NativeQueryBindings.setSerializableObject(NativeQueryBindings.java:572) ~[mysql-connector-j-9.5.0.jar:9.5.0]
	at com.mysql.cj.NativeQueryBindings.setObject(NativeQueryBindings.java:541) ~[mysql-connector-j-9.5.0.jar:9.5.0]
	at com.mysql.cj.NativeQueryBindings.setObject(NativeQueryBindings.java:511) ~[mysql-connector-j-9.5.0.jar:9.5.0]
	at com.mysql.cj.jdbc.ClientPreparedStatement.setObject(ClientPreparedStatement.java:1907) ~[mysql-connector-j-9.5.0.jar:9.5.0]
	at com.zaxxer.hikari.pool.HikariProxyPreparedStatement.setObject(HikariProxyPreparedStatement.java) ~[HikariCP-7.0.2.jar:na]
	at org.springframework.jdbc.core.StatementCreatorUtils.setValue(StatementCreatorUtils.java:447) ~[spring-jdbc-7.0.2.jar:7.0.2]
	at org.springframework.jdbc.core.StatementCreatorUtils.setParameterValueInternal(StatementCreatorUtils.java:241) ~[spring-jdbc-7.0.2.jar:7.0.2]
	at org.springframework.jdbc.core.StatementCreatorUtils.setParameterValue(StatementCreatorUtils.java:173) ~[spring-jdbc-7.0.2.jar:7.0.2]
	at org.springframework.jdbc.core.ArgumentPreparedStatementSetter.doSetValue(ArgumentPreparedStatementSetter.java:71) ~[spring-jdbc-7.0.2.jar:7.0.2]
	at org.springframework.jdbc.core.ArgumentPreparedStatementSetter.setValues(ArgumentPreparedStatementSetter.java:50) ~[spring-jdbc-7.0.2.jar:7.0.2]
	at org.springframework.jdbc.core.JdbcTemplate.lambda$query$0(JdbcTemplate.java:735) ~[spring-jdbc-7.0.2.jar:7.0.2]
	at org.springframework.jdbc.core.JdbcTemplate.execute(JdbcTemplate.java:669) ~[spring-jdbc-7.0.2.jar:7.0.2]
	at org.springframework.jdbc.core.JdbcTemplate.query(JdbcTemplate.java:731) ~[spring-jdbc-7.0.2.jar:7.0.2]
	at org.springframework.jdbc.core.JdbcTemplate.query(JdbcTemplate.java:756) ~[spring-jdbc-7.0.2.jar:7.0.2]
	at org.springframework.jdbc.core.JdbcTemplate.queryForObject(JdbcTemplate.java:892) ~[spring-jdbc-7.0.2.jar:7.0.2]
	at org.springframework.jdbc.core.JdbcTemplate.queryForObject(JdbcTemplate.java:906) ~[spring-jdbc-7.0.2.jar:7.0.2]
	at br.com.mindcash.financial.driven.account.Adapter.find(Adapter.java:63) ~[classes/:na]
	at java.base/jdk.internal.reflect.DirectMethodHandleAccessor.invoke(DirectMethodHandleAccessor.java:103) ~[na:na]
	at java.base/java.lang.reflect.Method.invoke(Method.java:580) ~[na:na]
	at org.springframework.aop.support.AopUtils.invokeJoinpointUsingReflection(AopUtils.java:359) ~[spring-aop-7.0.2.jar:7.0.2]
	at org.springframework.aop.framework.CglibAopProxy$DynamicAdvisedInterceptor.intercept(CglibAopProxy.java:715) ~[spring-aop-7.0.2.jar:7.0.2]
	at br.com.mindcash.financial.driven.account.Adapter$$SpringCGLIB$$0.find(<generated>) ~[classes/:na]
	at br.com.mindcash.financial.application.handlers.RegisterExpenseHandler.handler(RegisterExpenseHandler.java:21) ~[classes/:na]
	at br.com.mindcash.financial.driving.http.expense.Endpoint.post(Endpoint.java:28) ~[classes/:na]
	at java.base/jdk.internal.reflect.DirectMethodHandleAccessor.invoke(DirectMethodHandleAccessor.java:103) ~[na:na]
	at java.base/java.lang.reflect.Method.invoke(Method.java:580) ~[na:na]
	at org.springframework.web.method.support.InvocableHandlerMethod.doInvoke(InvocableHandlerMethod.java:258) ~[spring-web-7.0.2.jar:7.0.2]
	at org.springframework.web.method.support.InvocableHandlerMethod.invokeForRequest(InvocableHandlerMethod.java:190) ~[spring-web-7.0.2.jar:7.0.2]
	at org.springframework.web.servlet.mvc.method.annotation.ServletInvocableHandlerMethod.invokeAndHandle(ServletInvocableHandlerMethod.java:117) ~[spring-webmvc-7.0.2.jar:7.0.2]
	at org.springframework.web.servlet.mvc.method.annotation.RequestMappingHandlerAdapter.invokeHandlerMethod(RequestMappingHandlerAdapter.java:934) ~[spring-webmvc-7.0.2.jar:7.0.2]
	at org.springframework.web.servlet.mvc.method.annotation.RequestMappingHandlerAdapter.handleInternal(RequestMappingHandlerAdapter.java:853) ~[spring-webmvc-7.0.2.jar:7.0.2]
	at org.springframework.web.servlet.mvc.method.AbstractHandlerMethodAdapter.handle(AbstractHandlerMethodAdapter.java:86) ~[spring-webmvc-7.0.2.jar:7.0.2]
	at org.springframework.web.servlet.DispatcherServlet.doDispatch(DispatcherServlet.java:963) ~[spring-webmvc-7.0.2.jar:7.0.2]
	at org.springframework.web.servlet.DispatcherServlet.doService(DispatcherServlet.java:866) ~[spring-webmvc-7.0.2.jar:7.0.2]
	at org.springframework.web.servlet.FrameworkServlet.processRequest(FrameworkServlet.java:1003) ~[spring-webmvc-7.0.2.jar:7.0.2]
	at org.springframework.web.servlet.FrameworkServlet.doPost(FrameworkServlet.java:903) ~[spring-webmvc-7.0.2.jar:7.0.2]
	at jakarta.servlet.http.HttpServlet.service(HttpServlet.java:649) ~[tomcat-embed-core-11.0.15.jar:6.1]
	at org.springframework.web.servlet.FrameworkServlet.service(FrameworkServlet.java:874) ~[spring-webmvc-7.0.2.jar:7.0.2]
	at jakarta.servlet.http.HttpServlet.service(HttpServlet.java:710) ~[tomcat-embed-core-11.0.15.jar:6.1]
	at org.apache.catalina.core.ApplicationFilterChain.doFilter(ApplicationFilterChain.java:128) ~[tomcat-embed-core-11.0.15.jar:11.0.15]
	at org.apache.tomcat.websocket.server.WsFilter.doFilter(WsFilter.java:53) ~[tomcat-embed-websocket-11.0.15.jar:11.0.15]
	at org.apache.catalina.core.ApplicationFilterChain.doFilter(ApplicationFilterChain.java:107) ~[tomcat-embed-core-11.0.15.jar:11.0.15]
	at org.springframework.web.filter.RequestContextFilter.doFilterInternal(RequestContextFilter.java:100) ~[spring-web-7.0.2.jar:7.0.2]
	at org.springframework.web.filter.OncePerRequestFilter.doFilter(OncePerRequestFilter.java:116) ~[spring-web-7.0.2.jar:7.0.2]
	at org.apache.catalina.core.ApplicationFilterChain.doFilter(ApplicationFilterChain.java:107) ~[tomcat-embed-core-11.0.15.jar:11.0.15]
	at org.springframework.web.filter.FormContentFilter.doFilterInternal(FormContentFilter.java:93) ~[spring-web-7.0.2.jar:7.0.2]
	at org.springframework.web.filter.OncePerRequestFilter.doFilter(OncePerRequestFilter.java:116) ~[spring-web-7.0.2.jar:7.0.2]
	at org.apache.catalina.core.ApplicationFilterChain.doFilter(ApplicationFilterChain.java:107) ~[tomcat-embed-core-11.0.15.jar:11.0.15]
	at org.springframework.web.filter.CharacterEncodingFilter.doFilterInternal(CharacterEncodingFilter.java:199) ~[spring-web-7.0.2.jar:7.0.2]
	at org.springframework.web.filter.OncePerRequestFilter.doFilter(OncePerRequestFilter.java:116) ~[spring-web-7.0.2.jar:7.0.2]
	at org.apache.catalina.core.ApplicationFilterChain.doFilter(ApplicationFilterChain.java:107) ~[tomcat-embed-core-11.0.15.jar:11.0.15]
	at org.apache.catalina.core.StandardWrapperValve.invoke(StandardWrapperValve.java:165) ~[tomcat-embed-core-11.0.15.jar:11.0.15]
	at org.apache.catalina.core.StandardContextValve.invoke(StandardContextValve.java:77) ~[tomcat-embed-core-11.0.15.jar:11.0.15]
	at org.apache.catalina.authenticator.AuthenticatorBase.invoke(AuthenticatorBase.java:482) ~[tomcat-embed-core-11.0.15.jar:11.0.15]
	at org.apache.catalina.core.StandardHostValve.invoke(StandardHostValve.java:113) ~[tomcat-embed-core-11.0.15.jar:11.0.15]
	at org.apache.catalina.valves.ErrorReportValve.invoke(ErrorReportValve.java:83) ~[tomcat-embed-core-11.0.15.jar:11.0.15]
	at org.apache.catalina.core.StandardEngineValve.invoke(StandardEngineValve.java:72) ~[tomcat-embed-core-11.0.15.jar:11.0.15]
	at org.apache.catalina.connector.CoyoteAdapter.service(CoyoteAdapter.java:341) ~[tomcat-embed-core-11.0.15.jar:11.0.15]
	at org.apache.coyote.http11.Http11Processor.service(Http11Processor.java:397) ~[tomcat-embed-core-11.0.15.jar:11.0.15]
	at org.apache.coyote.AbstractProcessorLight.process(AbstractProcessorLight.java:63) ~[tomcat-embed-core-11.0.15.jar:11.0.15]
	at org.apache.coyote.AbstractProtocol$ConnectionHandler.process(AbstractProtocol.java:903) ~[tomcat-embed-core-11.0.15.jar:11.0.15]
	at org.apache.tomcat.util.net.NioEndpoint$SocketProcessor.doRun(NioEndpoint.java:1778) ~[tomcat-embed-core-11.0.15.jar:11.0.15]
	at org.apache.tomcat.util.net.SocketProcessorBase.run(SocketProcessorBase.java:52) ~[tomcat-embed-core-11.0.15.jar:11.0.15]
	at org.apache.tomcat.util.threads.ThreadPoolExecutor.runWorker(ThreadPoolExecutor.java:946) ~[tomcat-embed-core-11.0.15.jar:11.0.15]
	at org.apache.tomcat.util.threads.ThreadPoolExecutor$Worker.run(ThreadPoolExecutor.java:480) ~[tomcat-embed-core-11.0.15.jar:11.0.15]
	at org.apache.tomcat.util.threads.TaskThread$WrappingRunnable.run(TaskThread.java:57) ~[tomcat-embed-core-11.0.15.jar:11.0.15]
	at java.base/java.lang.Thread.run(Thread.java:1583) ~[na:na]

2025-12-28T20:01:35.758-03:00  INFO 36828 --- [MindCash] [SpringApplicationShutdownHook] o.s.boot.tomcat.GracefulShutdown         : Commencing graceful shutdown. Waiting for active requests to complete
2025-12-28T20:01:35.767-03:00  INFO 36828 --- [MindCash] [tomcat-shutdown] o.s.boot.tomcat.GracefulShutdown         : Graceful shutdown complete
2025-12-28T20:01:35.769-03:00  INFO 36828 --- [MindCash] [SpringApplicationShutdownHook] com.zaxxer.hikari.HikariDataSource       : HikariPool-1 - Shutdown initiated...
2025-12-28T20:01:35.775-03:00  INFO 36828 --- [MindCash] [SpringApplicationShutdownHook] com.zaxxer.hikari.HikariDataSource       : HikariPool-1 - Shutdown completed.
2025-12-28T20:01:43.063-03:00  INFO 27180 --- [MindCash] [main] b.c.m.financial.FinancialApplication     : Starting FinancialApplication using Java 21.0.8 with PID 27180 (C:\Users\DIOGO\OneDrive\Desktop\Sandbox\Projetos\Backend\Java\mind-cash-be\financial-account\target\classes started by DIOGO in C:\Users\DIOGO\OneDrive\Desktop\Sandbox\Projetos\Backend\Java\mind-cash-be)
2025-12-28T20:01:43.065-03:00  INFO 27180 --- [MindCash] [main] b.c.m.financial.FinancialApplication     : No active profile set, falling back to 1 default profile: "default"
2025-12-28T20:01:43.633-03:00  INFO 27180 --- [MindCash] [main] o.s.boot.tomcat.TomcatWebServer          : Tomcat initialized with port 8088 (http)
2025-12-28T20:01:43.642-03:00  INFO 27180 --- [MindCash] [main] o.apache.catalina.core.StandardService   : Starting service [Tomcat]
2025-12-28T20:01:43.642-03:00  INFO 27180 --- [MindCash] [main] o.apache.catalina.core.StandardEngine    : Starting Servlet engine: [Apache Tomcat/11.0.15]
2025-12-28T20:01:43.672-03:00  INFO 27180 --- [MindCash] [main] b.w.c.s.WebApplicationContextInitializer : Root WebApplicationContext: initialization completed in 572 ms
2025-12-28T20:01:43.714-03:00  INFO 27180 --- [MindCash] [main] f.a.AutowiredAnnotationBeanPostProcessor : Inconsistent constructor declaration on bean with name 'adapter': single autowire-marked constructor flagged as optional - this constructor is effectively required since there is no default constructor to fall back to: public br.com.mindcash.financial.driven.account.Adapter(org.springframework.jdbc.core.JdbcTemplate)
2025-12-28T20:01:43.994-03:00  INFO 27180 --- [MindCash] [main] o.s.boot.tomcat.TomcatWebServer          : Tomcat started on port 8088 (http) with context path '/'
2025-12-28T20:01:43.997-03:00  INFO 27180 --- [MindCash] [main] b.c.m.financial.FinancialApplication     : Started FinancialApplication in 1.289 seconds (process running for 1.746)
2025-12-28T20:01:45.812-03:00  INFO 27180 --- [MindCash] [SpringApplicationShutdownHook] o.s.boot.tomcat.GracefulShutdown         : Commencing graceful shutdown. Waiting for active requests to complete
2025-12-28T20:01:45.820-03:00  INFO 27180 --- [MindCash] [tomcat-shutdown] o.s.boot.tomcat.GracefulShutdown         : Graceful shutdown complete
2025-12-28T20:01:48.938-03:00  INFO 34456 --- [MindCash] [main] b.c.m.financial.FinancialApplication     : Starting FinancialApplication using Java 21.0.8 with PID 34456 (C:\Users\DIOGO\OneDrive\Desktop\Sandbox\Projetos\Backend\Java\mind-cash-be\financial-account\target\classes started by DIOGO in C:\Users\DIOGO\OneDrive\Desktop\Sandbox\Projetos\Backend\Java\mind-cash-be)
2025-12-28T20:01:48.940-03:00  INFO 34456 --- [MindCash] [main] b.c.m.financial.FinancialApplication     : No active profile set, falling back to 1 default profile: "default"
2025-12-28T20:01:49.607-03:00  INFO 34456 --- [MindCash] [main] o.s.boot.tomcat.TomcatWebServer          : Tomcat initialized with port 8088 (http)
2025-12-28T20:01:49.621-03:00  INFO 34456 --- [MindCash] [main] o.apache.catalina.core.StandardService   : Starting service [Tomcat]
2025-12-28T20:01:49.622-03:00  INFO 34456 --- [MindCash] [main] o.apache.catalina.core.StandardEngine    : Starting Servlet engine: [Apache Tomcat/11.0.15]
2025-12-28T20:01:49.676-03:00  INFO 34456 --- [MindCash] [main] b.w.c.s.WebApplicationContextInitializer : Root WebApplicationContext: initialization completed in 704 ms
2025-12-28T20:01:49.749-03:00  INFO 34456 --- [MindCash] [main] f.a.AutowiredAnnotationBeanPostProcessor : Inconsistent constructor declaration on bean with name 'adapter': single autowire-marked constructor flagged as optional - this constructor is effectively required since there is no default constructor to fall back to: public br.com.mindcash.financial.driven.account.Adapter(org.springframework.jdbc.core.JdbcTemplate)
2025-12-28T20:01:50.073-03:00  INFO 34456 --- [MindCash] [main] o.s.boot.tomcat.TomcatWebServer          : Tomcat started on port 8088 (http) with context path '/'
2025-12-28T20:01:50.078-03:00  INFO 34456 --- [MindCash] [main] b.c.m.financial.FinancialApplication     : Started FinancialApplication in 1.6 seconds (process running for 2.238)
2025-12-28T20:01:50.339-03:00  INFO 34456 --- [MindCash] [http-nio-8088-exec-2] o.a.c.c.C.[Tomcat].[localhost].[/]       : Initializing Spring DispatcherServlet 'dispatcherServlet'
2025-12-28T20:01:50.339-03:00  INFO 34456 --- [MindCash] [http-nio-8088-exec-2] o.s.web.servlet.DispatcherServlet        : Initializing Servlet 'dispatcherServlet'
2025-12-28T20:01:50.340-03:00  INFO 34456 --- [MindCash] [http-nio-8088-exec-2] o.s.web.servlet.DispatcherServlet        : Completed initialization in 1 ms
2025-12-28T20:01:53.265-03:00  INFO 34456 --- [MindCash] [http-nio-8088-exec-2] com.zaxxer.hikari.HikariDataSource       : HikariPool-1 - Starting...
2025-12-28T20:01:55.021-03:00  INFO 34456 --- [MindCash] [http-nio-8088-exec-2] com.zaxxer.hikari.pool.HikariPool        : HikariPool-1 - Added connection com.mysql.cj.jdbc.ConnectionImpl@3642ed5
2025-12-28T20:01:55.027-03:00  INFO 34456 --- [MindCash] [http-nio-8088-exec-2] com.zaxxer.hikari.HikariDataSource       : HikariPool-1 - Start completed.
2025-12-28T20:01:57.115-03:00 ERROR 34456 --- [MindCash] [http-nio-8088-exec-2] o.a.c.c.C.[.[.[/].[dispatcherServlet]    : Servlet.service() for servlet [dispatcherServlet] in context with path [] threw exception [Request processing failed: org.springframework.jdbc.UncategorizedSQLException: PreparedStatementCallback; uncategorized SQLException for SQL [SELECT BIN_TO_UUID(idt_account) AS idt_account FROM account WHERE UUID_TO_BIN(idt_account) = ?]; SQL state [HY000]; error code [1411]; Incorrect string value: '\xA1\xB2\xC3\xD4\x00\x00\x00\x00\x00\x00\x00\x00\x00\x00\x00\x01' for function uuid_to_bin] with root cause

java.sql.SQLException: Incorrect string value: '\xA1\xB2\xC3\xD4\x00\x00\x00\x00\x00\x00\x00\x00\x00\x00\x00\x01' for function uuid_to_bin
	at com.mysql.cj.jdbc.exceptions.SQLError.createSQLException(SQLError.java:121) ~[mysql-connector-j-9.5.0.jar:9.5.0]
	at com.mysql.cj.jdbc.exceptions.SQLExceptionsMapping.translateException(SQLExceptionsMapping.java:114) ~[mysql-connector-j-9.5.0.jar:9.5.0]
	at com.mysql.cj.jdbc.ClientPreparedStatement.executeInternal(ClientPreparedStatement.java:988) ~[mysql-connector-j-9.5.0.jar:9.5.0]
	at com.mysql.cj.jdbc.ClientPreparedStatement.executeQuery(ClientPreparedStatement.java:1056) ~[mysql-connector-j-9.5.0.jar:9.5.0]
	at com.zaxxer.hikari.pool.ProxyPreparedStatement.executeQuery(ProxyPreparedStatement.java:52) ~[HikariCP-7.0.2.jar:na]
	at com.zaxxer.hikari.pool.HikariProxyPreparedStatement.executeQuery(HikariProxyPreparedStatement.java) ~[HikariCP-7.0.2.jar:na]
	at org.springframework.jdbc.core.JdbcTemplate.lambda$query$0(JdbcTemplate.java:737) ~[spring-jdbc-7.0.2.jar:7.0.2]
	at org.springframework.jdbc.core.JdbcTemplate.execute(JdbcTemplate.java:669) ~[spring-jdbc-7.0.2.jar:7.0.2]
	at org.springframework.jdbc.core.JdbcTemplate.query(JdbcTemplate.java:731) ~[spring-jdbc-7.0.2.jar:7.0.2]
	at org.springframework.jdbc.core.JdbcTemplate.query(JdbcTemplate.java:756) ~[spring-jdbc-7.0.2.jar:7.0.2]
	at org.springframework.jdbc.core.JdbcTemplate.query(JdbcTemplate.java:761) ~[spring-jdbc-7.0.2.jar:7.0.2]
	at org.springframework.jdbc.core.JdbcTemplate.queryForObject(JdbcTemplate.java:879) ~[spring-jdbc-7.0.2.jar:7.0.2]
	at br.com.mindcash.financial.driven.account.Adapter.find(Adapter.java:63) ~[classes/:na]
	at java.base/jdk.internal.reflect.DirectMethodHandleAccessor.invoke(DirectMethodHandleAccessor.java:103) ~[na:na]
	at java.base/java.lang.reflect.Method.invoke(Method.java:580) ~[na:na]
	at org.springframework.aop.support.AopUtils.invokeJoinpointUsingReflection(AopUtils.java:359) ~[spring-aop-7.0.2.jar:7.0.2]
	at org.springframework.aop.framework.CglibAopProxy$DynamicAdvisedInterceptor.intercept(CglibAopProxy.java:715) ~[spring-aop-7.0.2.jar:7.0.2]
	at br.com.mindcash.financial.driven.account.Adapter$$SpringCGLIB$$0.find(<generated>) ~[classes/:na]
	at br.com.mindcash.financial.application.handlers.RegisterExpenseHandler.handler(RegisterExpenseHandler.java:21) ~[classes/:na]
	at br.com.mindcash.financial.driving.http.expense.Endpoint.post(Endpoint.java:28) ~[classes/:na]
	at java.base/jdk.internal.reflect.DirectMethodHandleAccessor.invoke(DirectMethodHandleAccessor.java:103) ~[na:na]
	at java.base/java.lang.reflect.Method.invoke(Method.java:580) ~[na:na]
	at org.springframework.web.method.support.InvocableHandlerMethod.doInvoke(InvocableHandlerMethod.java:258) ~[spring-web-7.0.2.jar:7.0.2]
	at org.springframework.web.method.support.InvocableHandlerMethod.invokeForRequest(InvocableHandlerMethod.java:190) ~[spring-web-7.0.2.jar:7.0.2]
	at org.springframework.web.servlet.mvc.method.annotation.ServletInvocableHandlerMethod.invokeAndHandle(ServletInvocableHandlerMethod.java:117) ~[spring-webmvc-7.0.2.jar:7.0.2]
	at org.springframework.web.servlet.mvc.method.annotation.RequestMappingHandlerAdapter.invokeHandlerMethod(RequestMappingHandlerAdapter.java:934) ~[spring-webmvc-7.0.2.jar:7.0.2]
	at org.springframework.web.servlet.mvc.method.annotation.RequestMappingHandlerAdapter.handleInternal(RequestMappingHandlerAdapter.java:853) ~[spring-webmvc-7.0.2.jar:7.0.2]
	at org.springframework.web.servlet.mvc.method.AbstractHandlerMethodAdapter.handle(AbstractHandlerMethodAdapter.java:86) ~[spring-webmvc-7.0.2.jar:7.0.2]
	at org.springframework.web.servlet.DispatcherServlet.doDispatch(DispatcherServlet.java:963) ~[spring-webmvc-7.0.2.jar:7.0.2]
	at org.springframework.web.servlet.DispatcherServlet.doService(DispatcherServlet.java:866) ~[spring-webmvc-7.0.2.jar:7.0.2]
	at org.springframework.web.servlet.FrameworkServlet.processRequest(FrameworkServlet.java:1003) ~[spring-webmvc-7.0.2.jar:7.0.2]
	at org.springframework.web.servlet.FrameworkServlet.doPost(FrameworkServlet.java:903) ~[spring-webmvc-7.0.2.jar:7.0.2]
	at jakarta.servlet.http.HttpServlet.service(HttpServlet.java:649) ~[tomcat-embed-core-11.0.15.jar:6.1]
	at org.springframework.web.servlet.FrameworkServlet.service(FrameworkServlet.java:874) ~[spring-webmvc-7.0.2.jar:7.0.2]
	at jakarta.servlet.http.HttpServlet.service(HttpServlet.java:710) ~[tomcat-embed-core-11.0.15.jar:6.1]
	at org.apache.catalina.core.ApplicationFilterChain.doFilter(ApplicationFilterChain.java:128) ~[tomcat-embed-core-11.0.15.jar:11.0.15]
	at org.apache.tomcat.websocket.server.WsFilter.doFilter(WsFilter.java:53) ~[tomcat-embed-websocket-11.0.15.jar:11.0.15]
	at org.apache.catalina.core.ApplicationFilterChain.doFilter(ApplicationFilterChain.java:107) ~[tomcat-embed-core-11.0.15.jar:11.0.15]
	at org.springframework.web.filter.RequestContextFilter.doFilterInternal(RequestContextFilter.java:100) ~[spring-web-7.0.2.jar:7.0.2]
	at org.springframework.web.filter.OncePerRequestFilter.doFilter(OncePerRequestFilter.java:116) ~[spring-web-7.0.2.jar:7.0.2]
	at org.apache.catalina.core.ApplicationFilterChain.doFilter(ApplicationFilterChain.java:107) ~[tomcat-embed-core-11.0.15.jar:11.0.15]
	at org.springframework.web.filter.FormContentFilter.doFilterInternal(FormContentFilter.java:93) ~[spring-web-7.0.2.jar:7.0.2]
	at org.springframework.web.filter.OncePerRequestFilter.doFilter(OncePerRequestFilter.java:116) ~[spring-web-7.0.2.jar:7.0.2]
	at org.apache.catalina.core.ApplicationFilterChain.doFilter(ApplicationFilterChain.java:107) ~[tomcat-embed-core-11.0.15.jar:11.0.15]
	at org.springframework.web.filter.CharacterEncodingFilter.doFilterInternal(CharacterEncodingFilter.java:199) ~[spring-web-7.0.2.jar:7.0.2]
	at org.springframework.web.filter.OncePerRequestFilter.doFilter(OncePerRequestFilter.java:116) ~[spring-web-7.0.2.jar:7.0.2]
	at org.apache.catalina.core.ApplicationFilterChain.doFilter(ApplicationFilterChain.java:107) ~[tomcat-embed-core-11.0.15.jar:11.0.15]
	at org.apache.catalina.core.StandardWrapperValve.invoke(StandardWrapperValve.java:165) ~[tomcat-embed-core-11.0.15.jar:11.0.15]
	at org.apache.catalina.core.StandardContextValve.invoke(StandardContextValve.java:77) ~[tomcat-embed-core-11.0.15.jar:11.0.15]
	at org.apache.catalina.authenticator.AuthenticatorBase.invoke(AuthenticatorBase.java:482) ~[tomcat-embed-core-11.0.15.jar:11.0.15]
	at org.apache.catalina.core.StandardHostValve.invoke(StandardHostValve.java:113) ~[tomcat-embed-core-11.0.15.jar:11.0.15]
	at org.apache.catalina.valves.ErrorReportValve.invoke(ErrorReportValve.java:83) ~[tomcat-embed-core-11.0.15.jar:11.0.15]
	at org.apache.catalina.core.StandardEngineValve.invoke(StandardEngineValve.java:72) ~[tomcat-embed-core-11.0.15.jar:11.0.15]
	at org.apache.catalina.connector.CoyoteAdapter.service(CoyoteAdapter.java:341) ~[tomcat-embed-core-11.0.15.jar:11.0.15]
	at org.apache.coyote.http11.Http11Processor.service(Http11Processor.java:397) ~[tomcat-embed-core-11.0.15.jar:11.0.15]
	at org.apache.coyote.AbstractProcessorLight.process(AbstractProcessorLight.java:63) ~[tomcat-embed-core-11.0.15.jar:11.0.15]
	at org.apache.coyote.AbstractProtocol$ConnectionHandler.process(AbstractProtocol.java:903) ~[tomcat-embed-core-11.0.15.jar:11.0.15]
	at org.apache.tomcat.util.net.NioEndpoint$SocketProcessor.doRun(NioEndpoint.java:1778) ~[tomcat-embed-core-11.0.15.jar:11.0.15]
	at org.apache.tomcat.util.net.SocketProcessorBase.run(SocketProcessorBase.java:52) ~[tomcat-embed-core-11.0.15.jar:11.0.15]
	at org.apache.tomcat.util.threads.ThreadPoolExecutor.runWorker(ThreadPoolExecutor.java:946) ~[tomcat-embed-core-11.0.15.jar:11.0.15]
	at org.apache.tomcat.util.threads.ThreadPoolExecutor$Worker.run(ThreadPoolExecutor.java:480) ~[tomcat-embed-core-11.0.15.jar:11.0.15]
	at org.apache.tomcat.util.threads.TaskThread$WrappingRunnable.run(TaskThread.java:57) ~[tomcat-embed-core-11.0.15.jar:11.0.15]
	at java.base/java.lang.Thread.run(Thread.java:1583) ~[na:na]

2025-12-28T20:02:22.248-03:00  INFO 34456 --- [MindCash] [SpringApplicationShutdownHook] o.s.boot.tomcat.GracefulShutdown         : Commencing graceful shutdown. Waiting for active requests to complete
2025-12-28T20:02:22.256-03:00  INFO 34456 --- [MindCash] [tomcat-shutdown] o.s.boot.tomcat.GracefulShutdown         : Graceful shutdown complete
2025-12-28T20:02:22.260-03:00  INFO 34456 --- [MindCash] [SpringApplicationShutdownHook] com.zaxxer.hikari.HikariDataSource       : HikariPool-1 - Shutdown initiated...
2025-12-28T20:02:22.265-03:00  INFO 34456 --- [MindCash] [SpringApplicationShutdownHook] com.zaxxer.hikari.HikariDataSource       : HikariPool-1 - Shutdown completed.
2025-12-28T20:03:36.492-03:00  INFO 25452 --- [MindCash] [main] b.c.m.financial.FinancialApplication     : Starting FinancialApplication using Java 21.0.8 with PID 25452 (C:\Users\DIOGO\OneDrive\Desktop\Sandbox\Projetos\Backend\Java\mind-cash-be\financial-account\target\classes started by DIOGO in C:\Users\DIOGO\OneDrive\Desktop\Sandbox\Projetos\Backend\Java\mind-cash-be)
2025-12-28T20:03:36.495-03:00  INFO 25452 --- [MindCash] [main] b.c.m.financial.FinancialApplication     : No active profile set, falling back to 1 default profile: "default"
2025-12-28T20:03:37.056-03:00  INFO 25452 --- [MindCash] [main] o.s.boot.tomcat.TomcatWebServer          : Tomcat initialized with port 8088 (http)
2025-12-28T20:03:37.065-03:00  INFO 25452 --- [MindCash] [main] o.apache.catalina.core.StandardService   : Starting service [Tomcat]
2025-12-28T20:03:37.065-03:00  INFO 25452 --- [MindCash] [main] o.apache.catalina.core.StandardEngine    : Starting Servlet engine: [Apache Tomcat/11.0.15]
2025-12-28T20:03:37.096-03:00  INFO 25452 --- [MindCash] [main] b.w.c.s.WebApplicationContextInitializer : Root WebApplicationContext: initialization completed in 569 ms
2025-12-28T20:03:37.141-03:00  INFO 25452 --- [MindCash] [main] f.a.AutowiredAnnotationBeanPostProcessor : Inconsistent constructor declaration on bean with name 'adapter': single autowire-marked constructor flagged as optional - this constructor is effectively required since there is no default constructor to fall back to: public br.com.mindcash.financial.driven.account.Adapter(org.springframework.jdbc.core.JdbcTemplate)
2025-12-28T20:03:37.431-03:00  INFO 25452 --- [MindCash] [main] o.s.boot.tomcat.TomcatWebServer          : Tomcat started on port 8088 (http) with context path '/'
2025-12-28T20:03:37.434-03:00  INFO 25452 --- [MindCash] [main] b.c.m.financial.FinancialApplication     : Started FinancialApplication in 1.282 seconds (process running for 1.733)
2025-12-28T20:03:39.291-03:00  INFO 25452 --- [MindCash] [SpringApplicationShutdownHook] o.s.boot.tomcat.GracefulShutdown         : Commencing graceful shutdown. Waiting for active requests to complete
2025-12-28T20:03:39.299-03:00  INFO 25452 --- [MindCash] [tomcat-shutdown] o.s.boot.tomcat.GracefulShutdown         : Graceful shutdown complete
2025-12-28T20:03:43.003-03:00  INFO 14112 --- [MindCash] [main] b.c.m.financial.FinancialApplication     : Starting FinancialApplication using Java 21.0.8 with PID 14112 (C:\Users\DIOGO\OneDrive\Desktop\Sandbox\Projetos\Backend\Java\mind-cash-be\financial-account\target\classes started by DIOGO in C:\Users\DIOGO\OneDrive\Desktop\Sandbox\Projetos\Backend\Java\mind-cash-be)
2025-12-28T20:03:43.005-03:00  INFO 14112 --- [MindCash] [main] b.c.m.financial.FinancialApplication     : No active profile set, falling back to 1 default profile: "default"
2025-12-28T20:03:43.619-03:00  INFO 14112 --- [MindCash] [main] o.s.boot.tomcat.TomcatWebServer          : Tomcat initialized with port 8088 (http)
2025-12-28T20:03:43.630-03:00  INFO 14112 --- [MindCash] [main] o.apache.catalina.core.StandardService   : Starting service [Tomcat]
2025-12-28T20:03:43.631-03:00  INFO 14112 --- [MindCash] [main] o.apache.catalina.core.StandardEngine    : Starting Servlet engine: [Apache Tomcat/11.0.15]
2025-12-28T20:03:43.662-03:00  INFO 14112 --- [MindCash] [main] b.w.c.s.WebApplicationContextInitializer : Root WebApplicationContext: initialization completed in 625 ms
2025-12-28T20:03:43.713-03:00  INFO 14112 --- [MindCash] [main] f.a.AutowiredAnnotationBeanPostProcessor : Inconsistent constructor declaration on bean with name 'adapter': single autowire-marked constructor flagged as optional - this constructor is effectively required since there is no default constructor to fall back to: public br.com.mindcash.financial.driven.account.Adapter(org.springframework.jdbc.core.JdbcTemplate)
2025-12-28T20:03:44.022-03:00  INFO 14112 --- [MindCash] [main] o.s.boot.tomcat.TomcatWebServer          : Tomcat started on port 8088 (http) with context path '/'
2025-12-28T20:03:44.026-03:00  INFO 14112 --- [MindCash] [main] b.c.m.financial.FinancialApplication     : Started FinancialApplication in 1.415 seconds (process running for 2.065)
2025-12-28T20:03:47.677-03:00  INFO 14112 --- [MindCash] [http-nio-8088-exec-2] o.a.c.c.C.[Tomcat].[localhost].[/]       : Initializing Spring DispatcherServlet 'dispatcherServlet'
2025-12-28T20:03:47.677-03:00  INFO 14112 --- [MindCash] [http-nio-8088-exec-2] o.s.web.servlet.DispatcherServlet        : Initializing Servlet 'dispatcherServlet'
2025-12-28T20:03:47.678-03:00  INFO 14112 --- [MindCash] [http-nio-8088-exec-2] o.s.web.servlet.DispatcherServlet        : Completed initialization in 1 ms
2025-12-28T20:03:50.601-03:00  INFO 14112 --- [MindCash] [http-nio-8088-exec-2] com.zaxxer.hikari.HikariDataSource       : HikariPool-1 - Starting...
2025-12-28T20:03:52.317-03:00  INFO 14112 --- [MindCash] [http-nio-8088-exec-2] com.zaxxer.hikari.pool.HikariPool        : HikariPool-1 - Added connection com.mysql.cj.jdbc.ConnectionImpl@6b46e354
2025-12-28T20:03:52.322-03:00  INFO 14112 --- [MindCash] [http-nio-8088-exec-2] com.zaxxer.hikari.HikariDataSource       : HikariPool-1 - Start completed.
2025-12-28T20:04:57.572-03:00  INFO 14112 --- [MindCash] [SpringApplicationShutdownHook] o.s.boot.tomcat.GracefulShutdown         : Commencing graceful shutdown. Waiting for active requests to complete
2025-12-28T20:04:57.581-03:00  INFO 14112 --- [MindCash] [tomcat-shutdown] o.s.boot.tomcat.GracefulShutdown         : Graceful shutdown complete
2025-12-28T20:04:57.583-03:00  INFO 14112 --- [MindCash] [SpringApplicationShutdownHook] com.zaxxer.hikari.HikariDataSource       : HikariPool-1 - Shutdown initiated...
2025-12-28T20:04:57.589-03:00  INFO 14112 --- [MindCash] [SpringApplicationShutdownHook] com.zaxxer.hikari.HikariDataSource       : HikariPool-1 - Shutdown completed.
2025-12-28T20:05:45.939-03:00  INFO 15680 --- [MindCash] [main] b.c.m.financial.FinancialApplication     : Starting FinancialApplication using Java 21.0.8 with PID 15680 (C:\Users\DIOGO\OneDrive\Desktop\Sandbox\Projetos\Backend\Java\mind-cash-be\financial-account\target\classes started by DIOGO in C:\Users\DIOGO\OneDrive\Desktop\Sandbox\Projetos\Backend\Java\mind-cash-be)
2025-12-28T20:05:45.941-03:00  INFO 15680 --- [MindCash] [main] b.c.m.financial.FinancialApplication     : No active profile set, falling back to 1 default profile: "default"
2025-12-28T20:05:46.545-03:00  INFO 15680 --- [MindCash] [main] o.s.boot.tomcat.TomcatWebServer          : Tomcat initialized with port 8088 (http)
2025-12-28T20:05:46.555-03:00  INFO 15680 --- [MindCash] [main] o.apache.catalina.core.StandardService   : Starting service [Tomcat]
2025-12-28T20:05:46.556-03:00  INFO 15680 --- [MindCash] [main] o.apache.catalina.core.StandardEngine    : Starting Servlet engine: [Apache Tomcat/11.0.15]
2025-12-28T20:05:46.586-03:00  INFO 15680 --- [MindCash] [main] b.w.c.s.WebApplicationContextInitializer : Root WebApplicationContext: initialization completed in 613 ms
2025-12-28T20:05:46.635-03:00  INFO 15680 --- [MindCash] [main] f.a.AutowiredAnnotationBeanPostProcessor : Inconsistent constructor declaration on bean with name 'adapter': single autowire-marked constructor flagged as optional - this constructor is effectively required since there is no default constructor to fall back to: public br.com.mindcash.financial.driven.account.Adapter(org.springframework.jdbc.core.JdbcTemplate)
2025-12-28T20:05:46.943-03:00  INFO 15680 --- [MindCash] [main] o.s.boot.tomcat.TomcatWebServer          : Tomcat started on port 8088 (http) with context path '/'
2025-12-28T20:05:46.947-03:00  INFO 15680 --- [MindCash] [main] b.c.m.financial.FinancialApplication     : Started FinancialApplication in 1.387 seconds (process running for 2.001)
2025-12-28T20:05:49.360-03:00  INFO 15680 --- [MindCash] [http-nio-8088-exec-2] o.a.c.c.C.[Tomcat].[localhost].[/]       : Initializing Spring DispatcherServlet 'dispatcherServlet'
2025-12-28T20:05:49.360-03:00  INFO 15680 --- [MindCash] [http-nio-8088-exec-2] o.s.web.servlet.DispatcherServlet        : Initializing Servlet 'dispatcherServlet'
2025-12-28T20:05:49.361-03:00  INFO 15680 --- [MindCash] [http-nio-8088-exec-2] o.s.web.servlet.DispatcherServlet        : Completed initialization in 1 ms
2025-12-28T20:05:49.499-03:00  INFO 15680 --- [MindCash] [http-nio-8088-exec-2] com.zaxxer.hikari.HikariDataSource       : HikariPool-1 - Starting...
2025-12-28T20:05:49.824-03:00  INFO 15680 --- [MindCash] [http-nio-8088-exec-2] com.zaxxer.hikari.pool.HikariPool        : HikariPool-1 - Added connection com.mysql.cj.jdbc.ConnectionImpl@5ba5e712
2025-12-28T20:05:49.827-03:00  INFO 15680 --- [MindCash] [http-nio-8088-exec-2] com.zaxxer.hikari.HikariDataSource       : HikariPool-1 - Start completed.
2025-12-28T20:06:42.232-03:00  WARN 15680 --- [MindCash] [HikariPool-1:housekeeper] com.zaxxer.hikari.pool.HikariPool        : HikariPool-1 - Thread starvation or clock leap detected (housekeeper delta=49s48ms492µs100ns).
2025-12-28T20:07:29.031-03:00  INFO 15680 --- [MindCash] [SpringApplicationShutdownHook] o.s.boot.tomcat.GracefulShutdown         : Commencing graceful shutdown. Waiting for active requests to complete
2025-12-28T20:07:29.040-03:00  INFO 15680 --- [MindCash] [tomcat-shutdown] o.s.boot.tomcat.GracefulShutdown         : Graceful shutdown complete
2025-12-28T20:07:29.044-03:00  INFO 15680 --- [MindCash] [SpringApplicationShutdownHook] com.zaxxer.hikari.HikariDataSource       : HikariPool-1 - Shutdown initiated...
2025-12-28T20:07:29.049-03:00  INFO 15680 --- [MindCash] [SpringApplicationShutdownHook] com.zaxxer.hikari.HikariDataSource       : HikariPool-1 - Shutdown completed.
2025-12-28T20:07:53.255-03:00  INFO 31724 --- [MindCash] [main] b.c.m.financial.FinancialApplication     : Starting FinancialApplication using Java 21.0.8 with PID 31724 (C:\Users\DIOGO\OneDrive\Desktop\Sandbox\Projetos\Backend\Java\mind-cash-be\financial-account\target\classes started by DIOGO in C:\Users\DIOGO\OneDrive\Desktop\Sandbox\Projetos\Backend\Java\mind-cash-be)
2025-12-28T20:07:53.257-03:00  INFO 31724 --- [MindCash] [main] b.c.m.financial.FinancialApplication     : No active profile set, falling back to 1 default profile: "default"
2025-12-28T20:07:53.815-03:00  INFO 31724 --- [MindCash] [main] o.s.boot.tomcat.TomcatWebServer          : Tomcat initialized with port 8088 (http)
2025-12-28T20:07:53.824-03:00  INFO 31724 --- [MindCash] [main] o.apache.catalina.core.StandardService   : Starting service [Tomcat]
2025-12-28T20:07:53.824-03:00  INFO 31724 --- [MindCash] [main] o.apache.catalina.core.StandardEngine    : Starting Servlet engine: [Apache Tomcat/11.0.15]
2025-12-28T20:07:53.852-03:00  INFO 31724 --- [MindCash] [main] b.w.c.s.WebApplicationContextInitializer : Root WebApplicationContext: initialization completed in 562 ms
2025-12-28T20:07:53.894-03:00  INFO 31724 --- [MindCash] [main] f.a.AutowiredAnnotationBeanPostProcessor : Inconsistent constructor declaration on bean with name 'adapter': single autowire-marked constructor flagged as optional - this constructor is effectively required since there is no default constructor to fall back to: public br.com.mindcash.financial.driven.account.Adapter(org.springframework.jdbc.core.JdbcTemplate)
2025-12-28T20:07:54.182-03:00  INFO 31724 --- [MindCash] [main] o.s.boot.tomcat.TomcatWebServer          : Tomcat started on port 8088 (http) with context path '/'
2025-12-28T20:07:54.186-03:00  INFO 31724 --- [MindCash] [main] b.c.m.financial.FinancialApplication     : Started FinancialApplication in 1.268 seconds (process running for 1.712)
2025-12-28T20:07:55.944-03:00  INFO 31724 --- [MindCash] [http-nio-8088-exec-2] o.a.c.c.C.[Tomcat].[localhost].[/]       : Initializing Spring DispatcherServlet 'dispatcherServlet'
2025-12-28T20:07:55.945-03:00  INFO 31724 --- [MindCash] [http-nio-8088-exec-2] o.s.web.servlet.DispatcherServlet        : Initializing Servlet 'dispatcherServlet'
2025-12-28T20:07:55.945-03:00  INFO 31724 --- [MindCash] [http-nio-8088-exec-2] o.s.web.servlet.DispatcherServlet        : Completed initialization in 0 ms
2025-12-28T20:07:56.076-03:00  INFO 31724 --- [MindCash] [http-nio-8088-exec-2] com.zaxxer.hikari.HikariDataSource       : HikariPool-1 - Starting...
2025-12-28T20:07:56.322-03:00  INFO 31724 --- [MindCash] [http-nio-8088-exec-2] com.zaxxer.hikari.pool.HikariPool        : HikariPool-1 - Added connection com.mysql.cj.jdbc.ConnectionImpl@14b70014
2025-12-28T20:07:56.323-03:00  INFO 31724 --- [MindCash] [http-nio-8088-exec-2] com.zaxxer.hikari.HikariDataSource       : HikariPool-1 - Start completed.
2025-12-28T20:14:58.298-03:00  INFO 31724 --- [MindCash] [SpringApplicationShutdownHook] o.s.boot.tomcat.GracefulShutdown         : Commencing graceful shutdown. Waiting for active requests to complete
2025-12-28T20:14:58.307-03:00  INFO 31724 --- [MindCash] [tomcat-shutdown] o.s.boot.tomcat.GracefulShutdown         : Graceful shutdown complete
2025-12-28T20:14:58.309-03:00  INFO 31724 --- [MindCash] [SpringApplicationShutdownHook] com.zaxxer.hikari.HikariDataSource       : HikariPool-1 - Shutdown initiated...
2025-12-28T20:14:58.314-03:00  INFO 31724 --- [MindCash] [SpringApplicationShutdownHook] com.zaxxer.hikari.HikariDataSource       : HikariPool-1 - Shutdown completed.
2025-12-28T20:15:02.565-03:00  INFO 10340 --- [MindCash] [main] b.c.m.financial.FinancialApplication     : Starting FinancialApplication using Java 21.0.8 with PID 10340 (C:\Users\DIOGO\OneDrive\Desktop\Sandbox\Projetos\Backend\Java\mind-cash-be\financial-account\target\classes started by DIOGO in C:\Users\DIOGO\OneDrive\Desktop\Sandbox\Projetos\Backend\Java\mind-cash-be)
2025-12-28T20:15:02.567-03:00  INFO 10340 --- [MindCash] [main] b.c.m.financial.FinancialApplication     : No active profile set, falling back to 1 default profile: "default"
2025-12-28T20:15:03.120-03:00  INFO 10340 --- [MindCash] [main] o.s.boot.tomcat.TomcatWebServer          : Tomcat initialized with port 8088 (http)
2025-12-28T20:15:03.129-03:00  INFO 10340 --- [MindCash] [main] o.apache.catalina.core.StandardService   : Starting service [Tomcat]
2025-12-28T20:15:03.129-03:00  INFO 10340 --- [MindCash] [main] o.apache.catalina.core.StandardEngine    : Starting Servlet engine: [Apache Tomcat/11.0.15]
2025-12-28T20:15:03.158-03:00  INFO 10340 --- [MindCash] [main] b.w.c.s.WebApplicationContextInitializer : Root WebApplicationContext: initialization completed in 561 ms
2025-12-28T20:15:03.200-03:00  INFO 10340 --- [MindCash] [main] f.a.AutowiredAnnotationBeanPostProcessor : Inconsistent constructor declaration on bean with name 'adapter': single autowire-marked constructor flagged as optional - this constructor is effectively required since there is no default constructor to fall back to: public br.com.mindcash.financial.driven.account.Adapter(org.springframework.jdbc.core.JdbcTemplate)
2025-12-28T20:15:03.484-03:00  INFO 10340 --- [MindCash] [main] o.s.boot.tomcat.TomcatWebServer          : Tomcat started on port 8088 (http) with context path '/'
2025-12-28T20:15:03.488-03:00  INFO 10340 --- [MindCash] [main] b.c.m.financial.FinancialApplication     : Started FinancialApplication in 1.251 seconds (process running for 1.675)
2025-12-28T20:15:11.638-03:00  INFO 10340 --- [MindCash] [http-nio-8088-exec-1] o.a.c.c.C.[Tomcat].[localhost].[/]       : Initializing Spring DispatcherServlet 'dispatcherServlet'
2025-12-28T20:15:11.638-03:00  INFO 10340 --- [MindCash] [http-nio-8088-exec-1] o.s.web.servlet.DispatcherServlet        : Initializing Servlet 'dispatcherServlet'
2025-12-28T20:15:11.639-03:00  INFO 10340 --- [MindCash] [http-nio-8088-exec-1] o.s.web.servlet.DispatcherServlet        : Completed initialization in 1 ms
2025-12-28T20:15:11.765-03:00  INFO 10340 --- [MindCash] [http-nio-8088-exec-1] com.zaxxer.hikari.HikariDataSource       : HikariPool-1 - Starting...
2025-12-28T20:15:12.011-03:00  INFO 10340 --- [MindCash] [http-nio-8088-exec-1] com.zaxxer.hikari.pool.HikariPool        : HikariPool-1 - Added connection com.mysql.cj.jdbc.ConnectionImpl@5a6a2d6d
2025-12-28T20:15:12.013-03:00  INFO 10340 --- [MindCash] [http-nio-8088-exec-1] com.zaxxer.hikari.HikariDataSource       : HikariPool-1 - Start completed.
2025-12-28T20:15:53.572-03:00  INFO 10340 --- [MindCash] [SpringApplicationShutdownHook] o.s.boot.tomcat.GracefulShutdown         : Commencing graceful shutdown. Waiting for active requests to complete
2025-12-28T20:15:53.580-03:00  INFO 10340 --- [MindCash] [tomcat-shutdown] o.s.boot.tomcat.GracefulShutdown         : Graceful shutdown complete
2025-12-28T20:15:53.582-03:00  INFO 10340 --- [MindCash] [SpringApplicationShutdownHook] com.zaxxer.hikari.HikariDataSource       : HikariPool-1 - Shutdown initiated...
2025-12-28T20:15:53.587-03:00  INFO 10340 --- [MindCash] [SpringApplicationShutdownHook] com.zaxxer.hikari.HikariDataSource       : HikariPool-1 - Shutdown completed.
